8 2992 5557 1598 167 165 4370 6736 4447 1738 1748 5576 288 239 2944 7903 2974 1812 3004 5742 1843 1731 4429 7991 1869 4546 6945 420 455 4575 134 4537 6974 6958 491 1745 1784 8016 3235 506 511 6962 252 122 107 461 1567 1568 5879 3283 7985 555 554 1910 1824 530 6693 5878 508 4641 3311 5713 551 1583 3317 4685 3369 1909 614 3392 2078 4663 1959 1778 1974 5891 4740 7059 8136 471 4721 8107 3425 666 8135 6006 1658 707 6001 3485 3451 7130 2136 6004 8184 4792 8017 1988 8177 4799 8159 3327 1676 699 5770 3208 2073 3264 3300 5816 3445 4686 1987 708 5973 7193 7039 7181 4948 6168 4945 3487 2215 2373 3295 8439 7402 8329 3460 2252 2443 6162 8305 3818 7203 6315 5125 3811 1086 8335 2532 3862 3775 1146 6294 1160 5190 3446 2560 3904 1172 7490 1123 3888 8503 7507 2649 8590 7572 4061 2754
11 252 122 6831 4483 1742 4534 4520 6962 5848 3286 1916 3317 8015 5557 3365 2192 3392 4878 2168 3435 4787 7283 4806 5024 3777 4829 1086 4945 8335 2487 6349 2563 2572 8236 5204 4785 7507 2754
13 122 7818 4291 1629 6748 1562 108 1662 134 4370 7801 5613 4309 4413 1646 6744 148 215 5570 4317 1593 2976 6782 2979 5636 7775 3034 5557 2970 324 7908 6753 346 6904 7850 4476 252 228 4439 6703 6789 1825 4463 3030 361 5719 1742 1846 4534 5804 7782 6929 8031 2957 1863 5519 4311 7991 2940 3069 8038 5834 506 4483 1923 491 5848 4556 3260 3320 535 6711 197 6962 8002 3317 8084 592 8145 639 1988 4799 7071 3425 2168 4943 6183 2416 6210 3295 8450 3811 5961 8335 3888 2572 7507 1146 1213 3837 6066 2724 2754
15 1608 148 7823 134 2992 4322 5553 5557 3021 1629 170 7877 4392 4318 1671 3049 7894 7904 4381 3052 3064 5654 252 1676 7898 6818 7917 6824 3092 6782 108 114 259 3098 1748 7785 7926 288 323 7837 4417 4476 324 6868 7955 1804 7936 3150 5755 2943 1768 1825 7838 2979 1822 1581 4432 7796 380 3065 5727 6836 5762 1839 6771 256 85 7782 2959 6679 5527 103 1850 1846 5533 1558 4291 2947 4274 1836 400 7993 6946 1856 422 5759 1770 3213 4542 5532 295 417 1545 5795 1878 4549 4552 6879 418 4558 1858 5798 4300 3053 119 4567 4537 2963 5799 5769 1893 3221 483 1911 1898 111 3255 3252 4582 4578 381 3260 4569 8049 6964 464 6990 6992 1937 5848 4288 3292 1947 1943 6979 5869 5874 1610 5867 7986 1886 3290 7017 518 469 554 3208 555 3312 5870 3317 556 3320 5850 1970 4615 1992 7015 5891 1990 4651 572 8061 1902 4665 8057 3340 8084 547 3359 5899 4661 5885 3353 1860 4697 568 604 122 2020 8107 5634 564 4689 585 619 2034 7011 8106 4719 7064 3393 2005 602 7034 5944 2065 613 4725 3375 632 615 2055 4677 5545 4735 4741 4752 5945 2095 5975 7097 3305 5995 5926 646 3410 4785 2157 7056 3429 8017 2111 2166 2154 7193 735 7188 8233 7157 4729 2205 2170 8238 2260 7217 8264 3587 2281 3572 848 2158 7153 6090 654 3630 6168 4779 3637 8165 3570 6035 718 7140 3664 8321 2207 3413 8211 4694 529 8116 2215 827 297 6012 931 2152 6206 6189 7328 4997 7118 3594 4673 4956 8355 3703 3378 4926 6105 971 981 974 3717 2416 5024 2414 5038 8412 7183 2096 7155 3335 4738 4768 4724 5935 2428 3777 3286 5895 5106 6315 3729 3631 5964 8461 2487 2471 3819 3834 1087 1093 7407 1984 1107 1085 5148 6337 7453 913 5136 2505 4867 8466 5125 1053 1122 8436 1102 2534 3401 1146 3879 1145 2559 5190 3899 5189 1153 2168 1141 1172 8499 1170 8500 3897 8503 7490 3912 5204 3913 1129 2483 7392 2576 3909 951 6235 2583 1191 6390 3930 1201 6399 7525 1213 2541 6422 1270 8543 8580 8640 7036 6067 7233 1301 511
16 4317 167 202 5649 6790 2969 1735 6782 7821 6818 101 1664 4463 303 246 7908 6736 4466 4311 1647 5727 5755 3176 5753 380 6884 1825 2970 387 5706 1812 1594 4508 5762 4529 7981 3198 1679 6947 1770 4480 6946 1836 3226 3220 425 5807 4544 5809 1883 243 3241 6967 4552 3249 5815 5795 3050 5831 3213 3254 5834 3206 4281 1587 5607 255 3053 2979 2947 5519 8049 5523 5541 5535 3033 103 5533 4300 1618 5572 6860 107 459 484 5848 6979 116 1901 506 511 3292 3221 1943 5859 1944 137 1957 1916 7896 528 1610 1932 8053 8048 4563 7017 8069 5879 3318 3317 4637 1965 7831 1980 5881 7008 4655 3269 5790 3342 3349 8065 4641 1987 7953 7042 591 601 6976 8101 5916 1908 2026 1873 2028 2030 619 4708 4719 8131 627 7063 5897 1581 3410 2052 3282 2091 7097 3302 650 3423 6987 4725 5975 4763 3303 4686 4771 2131 6001 610 7074 5956 613 6000 3328 8088 4795 6066 769 4837 8116 2136 4829 4556 3036 4736 3541 476 4677 1984 4794 3571 663 6015 798 7230 3587 7149 3524 7026 5976 8097 7174 3603 2276 4605 5994 2171 2193 3630 4656 2252 3646 3664 908 1910 3570 956 7283 2215 7082 968 5038 971 2319 7188 6255 948 818 7118 3413 4639 8299 7408 3787 1016 719 850 482 5110 7213 4559 7312 4716 1067 3826 6316 7420 6161 6315 3321 3276 3487 8335 6310 4895 3841 5106 1081 5165 3295 5169 2061 5181 2505 1145 3773 3890 987 1101 8475 8497 3379 3904 1171 1086 3910 1157 2400 4694 1192 6374 3463 2588 1187 5124 5185 1147 1072 5141 1174 1218 1221 3955 7491 3966 6422 8469 2671 8576 1262 2710 2491 6185 3813 6382 609 1196
23 122 7801 3021 3011 138 5557 5626 7877 7908 1562 1742 6920 7981 5721 5769 7982 3198 4537 1768 8002 1923 491 4571 6782 3122 4551 1916 8017 3317 5873 8084 4484 1911 3233 3392 148 5966 2029 3487 3595 1086 4945 5125 1105 3839 3811 5170 3911 3916 4001
24 170 4328 7831 6771 5634 1677 1578 252 6793 6796 1750 4448 1784 7926 4343 5704 3088 211 297 7863 316 198 1771 4504 3071 5722 6907 7998 1850 5534 1846 8002 5759 3202 4548 5737 1878 4338 2949 7785 6688 1558 3030 8027 1547 1889 1863 3190 5824 3261 4288 6752 6975 5835 480 5834 3259 4534 506 1906 3211 4322 1866 484 469 453 5795 4607 168 1945 4566 6956 1957 4623 5831 515 6991 486 3286 5758 3317 1971 1916 572 1987 6873 1941 4630 1962 3328 6978 3348 5913 522 8088 5830 602 3392 4637 5856 3327 5868 3331 3404 8120 5927 4657 1886 5929 561 605 637 613 2013 3373 6957 4719 8048 4741 5936 5865 666 4447 3425 4761 8106 1990 7127 7078 2084 8017 4799 8159 6010 2162 4330 7108 3529 2152 5991 759 3448 2086 4829 3257 3393 635 8184 7217 8221 6000 4845 827 8236 4895 491 2198 7203 2105 4777 3532 3637 477 3718 1003 8396 5024 3609 965 8412 8345 818 607 6101 604 485 3401 7025 3572 1959 3426 5110 6306 7420 2496 3837 2381 2486 3832 3819 585 2521 5106 2243 7094 7458 3823 7392 3841 8314 6294 2443 8461 3880 1135 2089 5161 987 6359 6367 3871 2534 3487 2558 7033 2539 3888 8481 6082 5197 8502 8469 7480 2252 1169 3839 3901 951 5206 6235 7494 6390 2584 8515 639 7092 4955 7507 1201 1213 3966 6387 2671 1262 3997 7572 2687 5315 2750 4095 8645 1019 7172 6314 4806 4715 455 132 2580 5890 3843 2026 476 549
27 6782 5557 252 6831 4483 134 122 1742 201 7982 4534 115 1863 5649 451 6962 491 3282 5811 525 3317 7023 5891 3356 8069 8110 7058 7017 1916 4634 5865 527 2085 2080 3422 4792 6072 3541 8245 8300 3507 939 5024 2205 1086 5178 3839 2559 8130 5204 2580 7507 6399 7594 2750 4104 1378
36 138 122 4381 256 4330 7908 4480 4483 5659 4448 4429 374 6909 3176 7999 5795 7839 1562 1583 5769 3044 3202 1858 458 5803 5799 409 1742 1883 6962 491 3274 8002 5848 4399 5772 4534 6991 4607 1558 5859 5810 1586 3052 4637 555 5879 3305 3317 6995 3281 5790 7882 523 7983 4633 5830 8077 7018 1908 7033 608 574 7058 8110 1943 7054 518 1916 5881 649 3365 3426 440 7088 573 4726 4717 604 8145 3219 6793 4771 2133 4735 8149 8141 2045 6001 3377 707 8166 5885 4308 4703 512 3348 3306 613 8163 7084 4792 1987 7181 666 5913 2035 2018 297 8017 7193 8179 8012 2175 4657 2066 5990 2006 5929 8150 4829 6072 2236 3587 3331 820 634 8238 760 8221 5989 595 3556 801 770 4845 4948 664 7212 2234 486 1960 7264 5964 5883 5994 3477 6171 5705 5900 2047 5884 717 454 616 7328 8165 827 3373 5896 3524 7162 3548 3529 8314 3597 588 8275 7342 785 4963 3513 6012 6240 2373 3319 3378 3738 7078 8436 7063 609 7092 4775 5106 4945 3813 6294 6265 3729 4794 7094 5125 5935 3811 6305 3295 7430 733 3827 2521 3788 3837 3488 6000 2158 3862 8466 2513 2532 5145 8335 6338 5178 7115 7447 5170 520 3863 6359 2111 3871 2068 1154 1145 2489 673 5190 2414 8475 2553 8503 2562 7091 3900 3530 1086 8207 8500 5204 2572 867 829 3916 6382 1056 5205 5211 1186 3910 2584 1201 1212 1218 3933 1213 6402 2626 1285 7572 1310 8590 3966 6474 2754 4095 3909 4570 7945 3865 6990 3287
38 148 2995 1576 2976 5634 252 215 6784 6796 6782 7926 4463 1738 1562 4483 1812 1786 1804 6730 7976 7982 4529 6703 7782 1541 1843 2949 404 7981 1850 6771 7934 3190 8002 4508 3213 6831 5809 4537 5819 5837 3254 6964 1858 8009 453 1911 437 3211 4528 491 8031 1923 4343 506 4564 484 4543 5834 4549 1873 4610 430 3292 8070 1966 1973 7999 520 1964 8077 5853 4399 145 4546 503 3318 1972 7022 1628 531 2969 5541 4663 5534 1616 4641 4330 122 5903 5906 3294 601 6909 5896 5804 6961 5870 3353 602 4661 614 3331 422 3383 2005 2020 581 585 571 2963 4697 605 4738 4673 582 8145 8149 2029 7101 5927 4771 2045 4725 2117 3410 5737 2137 687 2018 2070 2109 4596 4799 2035 1965 6968 1962 3432 6013 5956 4615 3050 543 4675 7098 6039 4768 7020 769 7059 8111 4912 2168 2215 4741 663 637 616 7205 4821 8245 3388 4732 8221 661 3514 5895 8155 835 4643 8160 8130 2243 4806 873 6180 1742 3637 2234 3595 7188 7174 8345 485 3570 5024 7212 662 4699 987 1048 5087 1056 2489 3461 2485 6171 1098 3306 2496 1107 6166 1072 3426 5145 4870 3837 2424 3340 8136 2521 3684 2398 3487 3853 4704 5125 2202 1082 8397 5170 5169 5178 3879 1135 1145 2068 636 4867 2562 3646 3888 1186 2492 6374 1191 8473 7491 1196 6422 2624 2129 4001 8590 5205 1301 4104 4135 558 4845 1201 1086 5221 7042
43 5549 1629 148 5557 170 7813 5634 4309 1562 6703 215 134 2949 7801 5570 2963 116 239 236 168 6790 7917 3052 6782 1689 4317 6789 5636 2976 7908 7955 7837 1804 5659 335 4373 7850 7907 324 213 3071 1775 3173 4343 4469 1836 3053 1850 1586 5649 5758 1846 7991 425 1748 2947 1545 5541 7812 1843 2959 4274 1837 1768 1840 4500 7782 1830 3168 6730 348 4552 5527 1778 1900 479 4563 5809 3062 5523 119 5848 5759 3206 1892 5835 4542 8034 3294 4399 1886 500 1750 3050 1770 520 351 7926 5795 1911 6976 1916 5881 3281 1910 1933 3246 506 7838 3318 1742 1679 458 3286 5769 3300 1866 4484 197 8002 444 1971 1953 4652 4661 571 582 4330 1990 8016 7903 1947 1987 7896 5868 5734 2036 565 1697 4597 4677 635 3365 4622 2014 5613 2077 4448 5632 7088 2066 7059 7097 649 4743 7101 132 631 1988 662 421 8101 3373 3306 7999 7078 522 3305 3450 2129 4732 694 5951 5626 4447 2133 4792 7108 5766 3440 252 6006 3443 469 297 6012 5964 1594 3511 6072 6055 4829 8179 751 1857 700 3549 5900 8216 3524 7181 2111 2202 3317 5772 417 8221 3448 8005 7217 2236 7230 727 6117 7213 5804 616 3570 4865 3631 4948 2018 5803 543 6171 2281 6909 8084 3513 931 5976 8412 2029 4825 8238 5103 8275 6206 1959 8136 5989 2137 2035 1107 1092 5088 1105 6294 2243 3862 5155 1128 5161 1129 3853 770 6210 3859 5178 2424 2549 3839 2534 4870 3843 8481 8155 2125 5173 1113 6311 3765 6367 3888 987 3529 3858 3487 8144 8502 8503 2521 2562 3488 3657 8466 1169 3911 6101 1196 6390 3916 2573 6387 3928 7507 8478 7491 2580 1213 7188 3837 2649 1086 2593 8580 4001 1300 1301 8335 6235 7149 8590 4945 2750 2754 2687 5364 5356 4610 5961 4483 6990 122 3295 493 6962 4537 6813 485 4534 3477 4785 3818 2265
50 4322 4317 138 4340 108 4300 1671 6776 188 114 4391 3036 5521 4399 236 1541 7903 6831 2995 5674 7910 3034 5693 321 5713 7838 3044 4484 5734 1628 5727 6736 6904 1827 3168 5753 7978 165 5759 1744 6856 7982 6922 4330 1843 3004 1679 417 4534 431 5806 4549 7996 4351 5790 3234 4552 6959 8029 3248 3241 1881 4483 1889 3252 443 5834 8043 3256 1904 7804 3255 475 3208 3254 473 491 3251 5741 6958 1923 5536 122 2947 148 6703 1677 7813 7803 6782 5523 7812 3049 4370 3204 4604 6990 4328 107 453 7871 3283 4589 4596 1576 1670 1959 3069 535 5850 4504 1967 1958 1948 4623 8070 7014 3239 3294 4634 542 3281 7009 553 5878 1971 8073 3312 1972 5883 1964 505 4584 7007 5797 6936 372 1985 1966 3300 8019 3320 442 6931 1992 3349 4535 1933 6885 4591 3348 1928 1887 8089 1571 7048 5722 479 5835 7042 6976 7013 4685 2026 4545 2029 4560 558 5913 5772 7046 3304 2031 8105 8110 7034 8107 4705 3389 6873 2034 4624 4719 3393 4726 1781 5766 613 635 594 642 3417 2033 7074 3405 7056 649 3419 6907 4729 3290 7097 4536 4741 4764 6991 4308 4771 8164 5991 697 582 189 5982 3477 2164 4799 3482 4768 4809 3388 5737 746 486 659 8197 3390 3491 297 4811 7183 6054 6058 4837 2205 5943 5900 3439 7205 2175 7217 1890 7222 3435 2088 3418 2066 4904 2275 6032 1906 2281 872 2015 2017 5895 3543 4878 503 3594 8221 3253 631 6185 6180 3595 1947 7300 874 841 8305 6067 2105 6153 8355 8223 3514 7188 8363 1987 1962 5795 981 2341 8396 2419 7028 4686 2414 7320 574 8439 4777 2331 3787 3770 3532 3783 485 2035 6310 8275 2154 1050 573 565 5960 3736 2171 6325 1087 6010 2238 1099 8042 6334 1105 6315 3847 6000 7447 7453 4675 2511 6350 3398 5179 5180 3646 2214 1145 3609 3888 5124 7483 3897 5197 2152 1079 4715 3915 6374 5211 3930 1201 8144 4955 6339 6402 3955 8342 7446 7552 6448 5159 2687 1301 8436 3851 8469 7599 4061 5315 2754 3895 4135 2350 8130 2424 5989 3227 1262 4610 511 5557
51 252 6782 4534 81 6831 8002 4811 5125 1086 7507
64 4309 3021 4311 1646 3045 3052 6790 2947 7782 252 1670 5626 132 4463 5713 3071 7936 4483 324 6831 7785 6893 4500 7982 1830 5769 1843 4529 1778 1742 6771 269 3213 5799 5534 4526 3211 4534 5795 5805 1878 3069 3261 3254 6703 5607 4328 1562 1629 148 5557 491 6782 8002 515 5634 506 7822 1945 3283 1664 6962 1911 1906 1886 5879 3300 3232 4586 8013 1916 7016 3317 1923 7790 6992 3392 2013 7074 5989 8221 7188 3378 6206 8335 6235 2373 3477 1056 3839 3862 1086 2562 2572 7507 7491 1213 7572
65 4483 1742 8002 122 5557 6831 6782 491 506 5869 5952 3317 1916 7153 3392 931 6235 5125 1086 8335
69 2976 6782 3052 252 6831 3053 7802 3138 1738 3107 1562 353 4483 3176 7981 1733 6962 361 4591 491 5848 5557 122 4665 3401 3450 2133 7300 6206 3684 4694 5125 5103 1086 3853 1105 5155 3839 2534 6362 3911 1157 2572 6235 7507 6402 2649 6441 1193 7572 1146 2754
82 3033 6813 1771 252 5769 1863 5837 136 6790 1916 6782 1923 506 6962 3239 351 8003 571 8077 3035 7995 5943 2133 7127 619 4622 3593 8174 708 1019 7507 3911
86 252 8002 7907 6703 1911 5848 3317 476 4534 2137 7153 6235 5974 1086 8335 8645
88 5572 1576 2969 6767 1628 4448 4398 5706 148 5713 4484 116 4439 7976 7982 6716 6909 5795 347 8013 5535 1545 3092 7917 8003 4552 5626 1750 8031 6963 6943 6957 5834 8007 469 5799 3256 435 1850 503 6995 484 3162 7945 5869 8073 7014 7016 4637 561 6991 527 1972 534 1971 6946 530 1990 7033 4659 573 581 564 3348 7048 1970 4661 466 7055 1933 5903 8106 605 4569 1586 565 3373 5534 613 8107 7882 3381 8136 2066 4678 4743 2035 602 568 7074 8130 7896 2029 4708 1934 5969 197 1775 458 1992 511 1901 3211 1863 5881 2005 4653 3444 5896 604 5870 3319 2070 5839 4752 6961 3239 351 2104 5982 4677 4771 8101 8005 2133 6001 2136 4609 7108 8127 8155 1962 5809 5880 576 6013 2162 4732 2111 1887 5951 634 659 3513 8205 1768 8179 3511 4829 6066 5976 7026 2202 3529 7159 4768 756 8144 8017 770 4845 8174 1959 4673 5859 7181 7217 7212 680 5772 7092 3530 3430 6039 1988 3548 5970 6101 4865 4878 8245 7093 2265 848 2281 7220 3630 3591 717 4948 3631 3570 6185 6117 6035 931 873 455 616 2215 4870 485 6105 8275 3646 8345 4867 3597 746 3684 7242 4970 7128 989 8223 3589 4963 1003 2381 2262 5032 2344 7279 711 8442 645 3609 7298 7407 8441 5087 1975 1048 3388 6210 4584 3813 7404 2496 6954 2443 4592 6325 3657 1082 493 3820 7430 7458 3826 1113 2495 5124 6332 8466 1101 5155 3686 5161 2534 4610 8397 7475 2538 5170 4785 5178 5173 2549 8478 5174 6359 8110 6294 8452 6362 3879 1146 1149 3880 1145 5183 6000 1162 6367 3899 1160 7480 2553 987 3888 1157 8502 2568 5197 8238 3911 829 3915 1181 7492 2573 2373 2581 3916 3862 2580 3841 6387 7494 5961 6399 7507 5220 5221 3944 6402 1221 2649 2624 4912 4001 7572 1262 3992 3839 1086 3928 1092 6235 4061 3827 6511 2712 5205 6347 2750 5125 2754 4945 122 582 4556 6703 4534 453 265 3413 2949 491 252 3448 3295 4483 5557 8221 4537 4469 6962 2995 4275 7084 6831 8084 3317 2137 3392 2687 2139 7162 5804 1916 3234
90 5557 4407 252 7837 6831 4483 4534 122 442 4567 6782 506 491 1890 3253 6962 5873 3317 1972 4641 2020 3392 3373 3326 3427 2091 5834 5999 711 2171 6049 2275 8295 2205 3455 2373 1057 5087 5125 7454 5139 3839 1086 1096 6015 5169 2499 5178 7470 8472 1074 2545 5186 5126 2541 2559 5190 8441 1172 3851 8503 7496 8335 6235 1100 7504 2590 6399 743 1212 5141 3944 1128 6396 2611 8543 3966 1258 2671 2670 1285 956 3992 2624 1270 4013 5280 5298 2724 6511 8590 7433 6387 5315 2712 2750 2754 1361 4104 5356 5734 7036 8520 2223 1145 6909 8162 5526 3519
92 5557 170 6782 3053 7908 1742 2949 5772 4484 4534 8002 1887 6962 491 1923 506 122 1916 3317 635 2137 4829 4712 6206 2373 4945 5125 3839 1086 8335 1146 7507
93 4275 148 170 4328 5580 132 5607 1646 5572 5613 3045 113 5649 3034 3052 1562 6711 7801 6779 3062 5521 3065 134 4309 4291 6813 5636 120 7926 303 3138 4351 4476 1784 1748 6884 7955 4448 316 213 1771 1812 3050 6907 6831 1742 351 5759 7982 7976 1830 1839 5769 7981 7782 3205 2959 5790 1850 4534 1670 7785 1775 421 4274 7812 3206 3213 1846 1840 2957 4537 3211 3234 425 265 5821 1887 5805 5795 4546 269 1878 4549 5799 3255 483 5839 489 458 7999 475 8003 6979 506 4535 1778 485 491 1923 486 476 6995 3294 432 1911 4399 6962 5869 520 3300 8016 453 500 1886 523 1943 8017 5632 7014 5870 1594 3228 563 4643 505 3349 558 573 4311 565 1803 122 1916 3359 8090 5896 5906 5532 8002 4659 6909 7058 3261 4708 3392 7983 613 5952 4723 1959 3401 7088 4743 2066 455 8136 4622 8101 8084 605 5956 3425 8145 2029 6976 7101 659 5989 8111 5721 3348 4771 2133 7084 7059 677 2015 582 5986 2089 7108 5893 7033 522 4607 6001 6006 6013 3498 8170 3378 717 2136 666 8163 3511 3513 7162 2139 714 2035 6072 4845 7181 8200 6066 4811 8221 4829 2202 3379 2111 8238 6113 7230 8245 4912 746 3597 616 3430 770 2281 7212 3595 673 4948 4910 4775 4943 8314 6117 4806 3626 2215 7328 2364 6206 6210 8345 2381 3487 2358 3684 1003 3729 6207 5087 7356 2489 5106 2495 7404 1112 4704 5103 1105 3837 3862 1101 3570 2532 3827 6294 1129 3839 6347 3852 4945 5169 6000 2548 4865 4677 3879 1145 7094 6367 3888 8501 2521 1072 8500 1169 5001 4725 5204 8335 1157 3911 1181 7492 3901 5199 951 3811 1186 2568 2580 5205 3916 7453 7475 5125 3636 3930 1184 8515 7490 7444 1165 1106 6390 6402 8576 8478 4001 1213 5315 8590 2750 2712 2754 8645 4061 7442 1301 4135 6990 956 4400 4610 2002 1300 4785
94 5557 252 122 4534 1742 6962 491 3317 707 7328 7507 1086 5125
95 116 5557 6782 1742 106 6831 5634 170 252 6962 1911 122 506 505 6703 4534 4483 4945 8335 6235 4829 3818 1086 7507
104 5557 6782 4407 236 4351 252 6831 7978 3205 6870 1879 2969 4534 1568 122 111 1593 1629 506 3299 505 4637 496 635 3365 670 3392 2175 756 4792 4833 2275 8130 1742 6067 7041 8146 5989 2018 2364 440 5804 3378 3261 1031 7392 8448 5125 1086 5154 5145 8452 3879 4945 7507 6910
105 2959 6736 6782 252 2976 3053 3098 6831 3092 134 119 297 4483 5705 1846 4534 3069 7998 6967 2950 103 3254 7775 3219 2963 85 189 1827 483 1911 6962 475 1916 5848 1943 5870 3289 1908 7017 8048 7896 430 8073 6976 3052 3290 5678 3317 4652 3349 5903 4603 361 574 1960 3353 3371 3304 8110 2028 1878 591 3379 5873 5770 1742 2051 4725 670 2119 2133 4792 3485 8166 4710 5986 604 6013 565 571 634 687 2014 6980 5985 735 2175 2170 6006 8200 1647 4811 2152 7184 7203 2217 7193 4862 2150 663 1873 6039 3430 8221 7205 8252 6035 8238 829 6117 8168 7188 8211 777 4912 4653 4623 4843 6235 3748 3222 520 6271 2381 3276 461 6325 1086 5153 2443 1038 1129 6345 2522 5170 3879 1144 2489 8503 2576 3885 2581 1184 2579 7507 5141 2708 1301 6474 1314 8499 1336 2712 2768 4104 1050 4343 2003 335 1857
110 5634 1742 1836 6962 453 1916 5795 5848 5557 5881 5721 3317 666 8220 3392 8002 2373 5125 6347 7507 4061 4001
111 5557 6813 252 7936 1742 8002 6962 6782 491 506 4399 2109 6072 7140 6206 939 6054 8335 5130 2572 1192 2754 1213 198 3355 316 577
114 122 6782 252 168 7976 1811 8002 1843 170 5557 3254 6962 1911 491 1923 1916 6869 6771 3317 505 607 1670 5921 7074 4559 7101 2018 7153 1647 4675 8221 760 8031 696 602 4945 7174 7328 733 8077 558 1941 3787 2111 1157 7507 4104 8009 6920
115 170 6748 5557 2979 6782 1671 5634 1662 4463 6779 4429 7908 1784 5741 5532 5549 5649 106 5772 7922 4484 417 138 4534 8002 3214 5795 3069 3249 5821 8054 491 3296 6992 6979 511 6703 122 4399 7801 5879 3313 552 1964 5626 5855 1967 8084 3322 408 3392 8136 3401 7034 5837 3396 7030 4537 4740 4763 5989 2133 6793 1593 4799 7153 659 3524 714 5993 4862 8221 3476 3331 1941 7000 770 8133 5943 4603 3517 4656 5988 8150 3637 4779 8101 835 8177 6206 711 642 8029 7328 2373 4624 705 530 3754 3787 2400 7078 2486 3811 6323 2496 5961 3826 8466 6345 6347 5145 5172 1146 6359 3839 3895 1181 4867 1194 7507 5141 1177 2606 6422 2649 8576 5315 2750 8645 2754 3909 3886 3430 2956 4556 7993
117 5557 138 122 6782 5626 3045 5634 252 6831 1748 1742 4483 8023 8002 456 3069 5795 491 1916 506 5848 1866 6962 3317 4486 6987 1803 436 3181 4634 5553 1901 404 4551 566 3252 8084 480 3392 4708 635 2034 2137 662 616 7188 8221 256 3591 8224 4943 4945 2252 746 5007 556 5830 5125 3593 1086 546 1984 1146 3373 8576 6873 8031 5951 7409 5110 3304 1918 829
119 4341 134 170 3030 6776 7883 3052 1628 235 6796 1710 228 7870 3090 292 7936 210 3045 311 3138 7903 5636 321 4430 6868 348 343 6904 1618 1812 387 7908 122 7981 4525 4401 4476 3205 4534 333 1846 256 431 6909 5720 4311 1670 4516 5821 6954 3208 4504 3250 5799 213 1830 1892 1882 5834 3258 454 482 483 8049 1908 6979 1901 5823 3255 3267 6861 7991 8054 5851 1886 6974 4577 3257 3260 1921 6990 500 1873 4551 1959 1874 466 531 486 3302 3294 3300 7016 4637 7014 197 523 568 2002 1851 4330 136 7998 3313 8016 3340 5860 8093 6711 581 6943 575 607 2020 8107 1986 8077 614 7011 3315 7058 4720 564 5935 7087 5705 2068 3353 5902 3427 3405 4771 673 573 5989 2133 2131 8163 4761 3477 2109 7084 6015 6010 697 5895 715 7153 1893 6028 3450 5798 699 2166 7976 3491 7184 8200 5981 6066 2170 7098 6055 604 797 5843 3416 558 2158 8017 3495 714 820 7176 657 7041 4672 3514 7230 2256 769 7107 4843 7181 3587 672 1778 3451 634 3603 2281 875 8242 3572 3037 2136 2123 7001 872 6117 3517 4763 868 8313 696 4673 900 5985 2014 1972 4531 6151 2361 3570 8039 6207 5020 7188 6235 8275 3646 4778 2408 4943 7199 2392 6240 4779 582 4806 8329 3665 8412 7059 1944 6209 8227 948 3748 983 7433 936 3729 5075 3818 3488 2488 1045 5103 6325 666 2150 5144 1086 3833 4712 1975 2364 3837 5990 5026 1107 6265 3847 6337 2521 7213 1112 7470 2538 5060 2545 1111 3856 2443 8238 2419 798 888 5181 1146 5184 3810 2551 3752 1115 1113 3425 2230 6362 1157 1162 632 2563 2572 8501 3895 7480 5199 1184 1014 3839 5211 2492 1129 3487 8511 1094 951 3944 5205 8457 1221 2593 8473 2626 6387 1218 5206 3997 2549 2680 1300 7300 6511 2750 8498 511 3852 7113 8009 3327 3843 3211 5170 667 4996
124 3034 3092 4278 140 7955 170 343 335 361 122 6782 5727 6937 6921 252 6939 7917 5816 6790 3236 3211 1598 3254 5527 202 213 5686 3258 491 1594 4399 6962 1916 5790 3317 8084 6831 6978 1742 3392 3442 5125 1086 6235 7507 5199 3930 1175 8503 1186
128 1629 7863 197 4309 6831 6868 1812 122 4529 1594 8002 1850 1889 1916 5636 506 6784 489 3071 2940 6990 3150 4308 3237 5806 1771 504 3295 5790 6976 4637 3202 7014 5762 5870 3317 7896 4546 3228 3246 1959 527 1947 581 3349 8107 6961 1775 4657 6789 5860 4545 7026 7009 632 7108 3443 1610 2036 4792 8199 565 8221 8054 6003 3381 769 814 3529 3430 6090 512 3162 6180 5867 8275 6235 7059 7020 3686 7408 4775 4865 3548 2489 2029 585 2414 5106 4867 2135 5125 2509 8466 1105 1086 5961 2486 2513 8335 6353 3589 1126 2544 5114 3425 8463 3811 940 8500 8503 3820 7489 3888 5199 2580 2583 8506 1201 5141 1213 2611 987 7300 5001 1193 6374 6402 5232 2624 1258 3837 6441 2630 5166 2649 3966 4001 1300 1206 5298 2712 4061 2754 2750 4071 4135 1742 7490
133 1547 5548 6741 134 5558 5572 2990 1586 100 137 170 167 1629 4328 1562 1646 5570 4340 2977 2995 6776 1671 1662 7877 5596 7870 5613 4374 4309 4391 168 3045 7894 7782 1677 1639 7775 4413 7904 6813 1710 256 3064 246 3062 5607 252 6744 7850 3098 6793 7896 1738 4432 279 3090 4447 6843 3112 3039 7926 1750 3071 4430 6782 303 321 323 4448 3122 4476 324 1748 4311 1796 1724 332 7936 7955 6885 6881 7838 3107 5741 5727 312 4483 5557 211 7882 348 6861 4283 1775 4469 351 3176 387 1825 380 5626 6831 213 5743 7982 115 6920 4529 3150 1837 396 1770 404 6925 3205 6934 4532 400 335 1850 7986 165 4508 223 7998 418 7996 1849 1840 5551 281 4542 4534 1866 6947 6943 1867 3219 8013 6755 3225 431 8012 5806 4549 132 422 1879 5820 8027 456 1571 7908 6954 1778 8034 4570 460 3208 7893 6963 3239 1669 3250 5831 8031 3220 5821 4565 3213 3254 5832 5790 4535 1854 5809 3212 472 5834 5837 6974 483 6968 1909 4343 2993 1911 1907 189 3269 368 1697 425 1901 3248 3190 3279 4563 3267 1900 136 5800 4591 6979 3214 333 5649 7933 3278 3257 3287 502 4583 4603 475 8057 5848 471 506 4330 3050 511 453 6975 482 515 4581 3290 3264 4607 1937 520 1933 521 5835 3206 1887 1908 8036 519 4399 8053 409 1608 1568 2963 1558 4274 2976 4279 148 103 2949 5549 4300 4319 1959 1658 85 6689 2979 6698 120 7801 5535 101 2940 2980 5541 5519 5869 2943 5529 138 1664 202 1593 6966 4292 5526 5802 111 1962 4288 6718 4278 3274 7017 6703 3310 8060 7014 4624 4601 4637 5766 3318 555 3314 554 1966 508 4590 8020 3252 5881 1970 1971 5883 4504 1679 1972 551 1980 122 548 8077 561 3317 509 1965 572 523 7033 7008 1990 7011 574 5799 4647 5521 458 1906 8002 5534 4545 491 564 4643 581 4665 4649 4661 4672 4560 3319 1979 8089 4559 6987 1984 197 1916 3065 577 8090 3330 3228 600 3359 4667 3361 1987 591 1803 3309 2013 1986 601 7026 3369 2026 2032 585 5804 486 2029 4679 8105 5895 8094 8112 3389 594 4708 8110 2056 3303 3383 2045 503 6753 3400 3233 5713 545 3401 4693 4717 5944 1786 630 4696 7042 8124 3404 3246 3365 2078 3410 4694 4740 7087 5968 8139 455 6976 565 4721 5960 5891 7097 6752 660 650 8145 4743 1910 4734 2079 5914 8136 5929 5974 2077 618 3305 4537 4678 616 2047 5896 496 5982 4767 8153 2123 2118 3403 512 3442 2082 476 3451 2104 632 2033 8164 8168 5986 6004 672 2115 4699 4689 707 3387 8097 3425 2112 4785 6962 2151 7130 8157 2084 2137 654 605 5950 8177 715 5865 4792 3465 4799 2083 1742 2136 2018 5959 8200 8111 7158 7183 595 7181 6066 6953 3511 6006 8216 5769 3524 2154 3549 769 2168 4862 770 3259 2131 7159 5993 6090 636 4776 3529 3556 7205 8237 6113 732 3560 5991 3587 638 6072 820 7217 7029 5973 3430 3517 2016 8264 2107 8224 8199 3591 3528 2192 3603 5935 430 848 2162 6010 2276 2175 7140 2281 3543 3335 661 4596 8083 3482 6878 3036 8150 4933 5714 662 3637 1781 1973 2017 867 3561 2170 6945 3431 663 2293 6150 484 3664 4726 931 2171 4656 5977 7264 7071 3474 2215 3392 6153 2117 3595 746 3684 626 8223 7016 4996 3261 5020 4865 3548 7212 5843 2198 2364 7320 976 7153 3717 8393 6039 1003 727 4797 3238 8249 2342 724 4895 6869 659 5949 4548 8341 3308 948 8442 7404 8412 8029 651 7020 5038 8017 2252 7356 2489 1048 4677 3818 3276 5103 3729 5114 7242 2443 5088 2202 3811 2485 666 3530 8238 3321 2490 3446 4584 4945 4910 987 2496 5953 2381 6209 573 7213 5970 6323 3461 3827 7454 1086 7420 8171 6306 1107 1067 6249 3814 3833 2105 8457 4666 3775 3808 2524 2526 3837 3823 2317 2513 3855 664 3862 2471 5161 558 2474 5060 5164 2511 8434 2539 2536 631 5086 5169 2545 5117 6359 3852 1113 5181 1014 3871 1082 7478 2534 5170 7484 1146 2559 3832 6369 5146 1081 1170 2560 8501 3488 5197 2316 2150 7392 5185 8481 1105 609 5136 3888 7490 7444 8469 6350 1175 3487 3646 1147 8506 2572 4845 8220 1072 6210 2243 7094 7492 7082 3901 2576 1184 6281 1176 8155 951 3916 1169 5192 6235 1166 1186 6390 5199 5213 7458 8397 6332 1154 1196 6183 3843 6202 5212 1079 5001 6399 3886 3858 8525 3928 3966 1213 2649 2398 1218 5255 6441 3856 1203 2504 1182 8580 3992 8204 4001 2672 6082 2680 5280 8590 1310 3752 6316 1119 2708 8478 8640 1361 3863 5173 5356 5364 4135 2416 6950 8316 490 8065 465 2002 5936 6940 8144 113 5880 2294 3021 829 7430 6930 5659 5176 2014 5966 94 4609 3588 1836 2573 245 6870
141 1598 4374 217 6799 6831 5674 4483 4466 2949 7945 4534 8002 3257 447 4595 252 122 1562 6790 5557 3283 1733 493 1916 4566 3317 5870 8084 7022 4666 4665 7032 7000 8118 479 2050 2164 6006 3173 7081 5991 394 547 8335 3460 6325 5142 5920 5145 2513 1086 6359 5189 7507 8576 5185
142 148 1616 134 1547 138 170 4328 4278 2993 1695 7890 182 3052 239 122 1562 6744 132 3030 6790 197 1748 1689 7926 4448 6784 5519 4291 4469 7903 1796 7823 7945 6884 324 5636 5521 3053 4476 4483 3168 2979 4463 1541 6730 311 1744 292 4343 7852 1827 1586 1670 7982 4520 4529 1843 1836 7981 145 5572 4528 6703 4311 1837 7991 1840 8003 1863 8007 5804 5759 6711 5795 5807 5596 5805 8020 3202 3220 417 8016 8034 5809 1882 1768 7837 4560 5772 421 8009 4563 6957 3271 484 3228 502 506 5869 7014 1933 6979 7008 5851 7785 5549 4317 3252 7032 491 4624 6987 522 7042 2963 3353 4531 3359 4281 3300 4643 6716 486 3328 4484 4330 6962 524 458 6943 5766 5868 3261 6964 8110 8107 601 1676 1953 4632 3331 613 4666 7033 5913 5837 6976 3340 4546 1906 6990 2078 649 7088 455 2077 7058 500 3435 3426 4716 8149 4309 440 3427 8145 8106 4771 5995 7127 2133 2104 7108 297 3357 662 3485 4792 8179 3511 4829 7084 4712 6007 6072 8226 7181 6013 659 3549 6003 4811 8216 8236 585 4732 3299 3440 3379 4768 5798 717 1996 8223 8174 5943 631 6006 801 4592 1775 7230 616 696 4675 8245 3391 3443 6113 3587 7264 2139 7151 2243 2152 4910 3276 3631 666 7936 6166 4948 8314 8321 2117 2020 4677 6180 5853 7283 4775 8199 7242 2198 7082 4785 2215 7059 477 8211 931 7188 3636 6010 2089 6210 3560 3609 469 8048 3529 2392 3348 5900 5024 981 3709 3430 5895 3306 6000 5843 6209 1003 3257 8275 5848 3305 485 549 6039 3246 8111 3378 7212 2018 4943 3787 8441 3548 3232 5881 4549 4794 746 480 3425 2398 5114 3373 7356 4597 609 7430 2066 7063 5060 2364 5103 3813 1078 3788 2424 5990 6323 6325 1092 3463 8463 4704 7220 8165 6171 8458 7092 3837 6305 6329 1105 2137 1113 5173 7153 5170 7094 3429 8481 4945 8084 1146 2443 3879 3653 8503 7490 5204 2576 3888 1184 3915 8500 8511 1196 4725 1181 3930 2584 2341 6359 1201 7507 951 7491 5221 5205 2611 5199 956 8484 6347 2573 8576 2624 1072 8580 3928 3858 7497 7489 3826 7480 2750 8640 2754 1129 1301 4061 3859 1204 1141 1086 3901 5901 7036 5896 1742 2154 4534 3448 8466 6294 5966 3852 2995 4135 3477 120 4537 489 2035 5803 8002 4870 3626
143 4362 5557 252 6782 3112 312 4483 6831 1742 5772 1843 5795 8002 4534 7813 7801 3030 6962 1907 1887 511 1923 1959 491 1916 3317 8084 8136 5966 7109 3392 3524 2275 5964 3487 7328 7188 3379 5125 3657 8335 2572 6235 3916 7507 8576
144 252 4483 6718 3036 4463 6689 6784 1744 5721 418 1916 506 5848 5557 491 3317 3392 2035 1945 2077 609 1873 8321 5024 2373 746 1003 8397 1086 7507 1207 3944 2632 2649 8576 4135
147 6782 252 6831 4534 122 7790 491 4483 3252 3317 3392 5125 3879 6235 7507 1086
150 4317 2959 148 7790 7823 5570 6744 5613 100 3011 6790 239 2969 4442 236 103 1662 252 5558 2949 4463 3023 6703 5634 6831 5557 122 1562 1748 6730 7926 7801 5706 4469 5607 134 1610 1771 182 5659 1812 7804 3176 6907 3105 351 106 1778 3090 1837 5521 4373 3069 152 7991 3213 1846 7882 5719 8002 198 4484 421 6711 1594 5798 4343 5649 4279 5795 7812 1887 4534 3233 5721 4483 3064 4558 4569 6962 480 5821 1646 1911 1907 6968 3250 1565 1901 1890 3058 4543 3062 1923 6937 6986 3289 3260 489 4399 506 81 3264 1583 1997 503 608 5925 7054 5902 3353 2020 4673 3365 3381 8074 4681 1883 571 3400 7046 3401 623 635 2065 5722 5943 5969 8145 1934 630 5914 576 6723 8042 455 2029 2131 3448 2117 515 654 4736 5870 1568 7013 7153 6030 2166 6028 3410 792 3524 6003 650 2036 798 801 8177 3259 7222 2199 760 7172 4833 6101 2193 6004 661 956 8363 6235 3414 3430 7098 8227 4806 3729 4943 3517 6105 7365 3279 4845 2489 7458 1082 1105 6210 2520 2513 7213 3491 7264 1113 3859 3847 6315 3853 4677 3597 5988 3910 7499 1192 3754 3451 8511 7507 4001 8590 2687 3962 4135 3909 2252 4341 5125 8396 197 5110 3055 499 113 1996
151 6782 7839 204 252 7882 197 7801 3044 1738 6831 4483 122 4271 491 213 1916 489 3317 1974 5541 3338 2085 649 3405 7093 2066 643 7222 8174 2139 7328 2262 3514 965 4793 4633 5083 5125 785 1086 3851 1184 2580 7507 1020
155 4322 6730 5613 5557 252 4448 4463 6831 4483 351 1742 8002 245 122 6962 5600 6782 491 4584 506 409 4319 5848 4399 3317 2029 7058 3392 5856 2035 3427 3422 2133 4676 5979 1974 8163 5927 2164 2151 792 2111 8321 5981 733 5810 3593 4833 818 8101 2331 2157 2361 5024 7298 6240 2381 2373 1064 7443 1086 1104 8468 629 3857 7468 8461 3862 1102 7455 3728 3855 2526 8397 1132 7475 2544 1031 3773 1154 3895 2558 2568 7444 7507 8467 1155 1213 3601 1123 6162 5179 6387 3928 751 8299 2626 3491 6422 2688 1361
156 2979 5529 2940 1637 1578 7883 3030 6813 5689 1658 1745 85 6824 5632 5532 3176 1804 3187 6790 6831 6789 7801 6939 4484 435 5795 4563 6962 479 1919 489 3250 5830 4545 3246 5848 6963 4559 3281 5818 4597 5847 8007 3065 6688 520 524 1990 8036 3327 1997 4661 2005 586 8083 2013 544 4678 600 8110 585 4697 7020 3357 3373 535 2030 7041 5902 2018 601 572 5868 3381 4695 614 1910 2036 3375 4694 3312 3389 3376 8097 7063 1881 6782 631 615 8127 556 5956 4771 5914 5911 2104 3465 696 476 482 4720 7084 5936 8200 7057 759 6055 3287 8221 3526 7183 3293 760 3390 4809 8169 5973 2175 2170 8216 7176 770 2108 8217 3391 2138 3443 3556 8179 7108 5994 2118 8224 714 3476 7117 639 764 4715 2199 3495 3571 6067 814 797 1928 2158 6113 695 4565 4594 2139 8245 3446 7212 7039 7064 827 727 3370 6039 6117 2198 2201 818 4873 2275 4566 3593 7174 777 858 7240 7264 3631 6166 7279 4878 3636 4775 3430 8345 5024 6240 2419 7342 7365 1003 5038 3748 2408 5892 2319 5020 3729 751 4910 3728 7037 8396 3303 3181 3684 3773 3738 3321 8439 8442 1953 2286 1045 2328 5026 5087 965 6262 2381 7341 5088 4757 5851 503 5110 3752 1028 7392 6305 7356 1067 5007 3609 3458 2070 5083 8397 3813 4743 3777 3414 2491 3377 8275 5082 8412 4629 6315 1038 8463 7449 1087 6322 7404 6037 1083 1093 5960 6265 5106 8436 6209 717 5141 1057 2414 6326 1938 8468 6334 6321 3836 3833 8087 5060 654 1107 7430 987 3820 2483 2424 3658 3529 3463 3811 7454 7420 5142 3826 2485 5148 6323 8434 974 6325 3847 2400 8450 1106 2495 1101 4793 2234 7104 2511 6210 3841 496 1072 6316 3601 8105 5124 1082 5938 2398 638 1102 5145 4781 3839 7092 4704 7447 6219 582 3837 2489 1113 6082 1085 1119 7094 3850 3686 6311 673 3845 3788 7298 2505 2521 6338 6294 2532 531 2486 5961 6281 719 4867 1126 3853 3827 3863 3862 4870 7458 1128 2534 5161 2538 3589 2510 1122 6347 5125 8130 1086 3852 3858 1135 3879 6367 3897 8502 3859 8484 3888 7480 4794 3890 1169 3911 951 3916 5205 2576 1181 8466 5199 1157 7091 5001 8503 8174 6390 2573 3933 1218 6422 956 8576 4001 1213 8590 7572 3966 2581 2649 4912 6362 8458 2584 4061 1301 5221 2754 8645 2687 1201 3646 2624 5759 493 4500 454 303 4725 1146 8002 3487 5170 6101 4945 6329 3229 2131
157 6831 1768 4534 417 6962 122 6968 1911 252 506 5869 1957 4274 5847 5804 3313 8129 6782 8084 3253 5795 4667 5557 665 491 1923 7108 2168 3392 7153 3435 6987 663 7242 5923 818 4945 7092 3665 7328 3317 956 2395 2373 2350 2135 3811 2489 1084 1072 5125 1086 6206 8335 3862 3548 3839 5170 3863 2562 3911 5189 2553 1169 1146 1184 5199 6235 1196 3933 7507 1213 6422 2649 7490 4001 1203 5172 3992 4061 2750 2754 1378 4322
160 252 6831 1637 8002 442 437 5557 3392 4738 5125 4601 7507 7572 8049
166 6782 5634 6813 252 5623 3092 4447 197 2970 4343 5711 1768 4476 6757 5689 3112 4465 1724 215 7941 6831 1744 1804 343 6688 3176 1822 5769 7976 4520 3205 7998 368 1850 5706 6736 8002 441 4534 402 3234 4483 1568 8031 122 2979 3227 5678 4508 3235 439 459 1909 4591 6974 469 3212 8045 1742 1892 1918 6878 1857 7800 491 3287 6958 6964 1556 1916 534 4634 529 8070 3317 1990 5805 535 6946 7042 522 1992 7033 7007 3126 2013 5868 7034 3373 3376 7056 3427 5919 531 8135 2138 7165 2192 2158 3479 3556 2256 7103 265 868 4914 6183 7263 3595 3440 827 3629 8396 751 7345 3787 6156 2342 2495 1105 7478 6319 5960 1086 8478 5125 8335 6235 2670 1206 1142 4996 4071
167 6730 134 138 1629 170 6748 5607 5557 5649 6779 3050 6782 3053 120 1748 2943 4430 323 1784 7955 6711 7908 3168 1830 5769 6893 324 6831 1742 1843 6909 4516 1778 4535 3198 5790 1846 122 1887 5795 4528 5804 252 1911 4584 458 506 5848 453 520 1916 3224 1943 523 466 1959 3305 2979 6703 103 2949 7785 7801 1971 5721 7812 1930 1997 1571 3295 8084 3356 511 3371 607 4677 4695 1562 3069 4536 4726 4484 635 3317 5896 6961 5870 3425 3440 8005 3451 6010 2133 5626 5995 8107 4700 715 402 8002 8200 4792 8136 2035 496 6066 3259 4829 3595 2215 8245 4865 616 6962 2168 2017 5885 4483 4610 417 491 4943 6206 7976 3626 581 4708 2029 6281 3571 760 2123 3591 8223 2492 677 829 1096 3862 3487 3843 5170 5125 1146 2562 3911 2572 3916 5199 1184 2585 6399 7507 1086 3944 6422 3997 4001 1213 7572 2373 2750 5772 956 4537 421 197 4531 4945 4330 5966 8590 8221 4948 4534 8466
174 4319 7823 4327 4288 170 1629 137 152 1646 4309 5613 6744 202 167 3053 210 5634 4401 252 7775 7782 6813 121 7850 4381 6736 4413 7922 3033 6755 1743 6784 1761 7917 1738 1618 3098 3138 4463 5713 6796 7933 7908 7863 3130 3055 7837 5636 1812 255 3045 4490 3123 6878 3168 3176 5727 6831 3173 6724 6904 5755 7976 7970 1745 5743 4534 1778 1744 3107 6771 3205 3169 7785 7995 1866 1836 5790 8013 376 1883 1771 1863 7981 3182 3202 1697 6934 8027 1677 459 474 5832 466 3250 5834 6945 1770 168 6936 7912 4573 487 1901 475 5837 4575 5844 3251 1907 5835 3261 3287 3154 506 1933 3269 3297 8050 1905 4582 5533 6703 94 5537 5623 1932 6990 176 1545 2976 101 2963 508 1608 1954 6782 6957 7004 437 5632 2949 3232 4317 1679 5879 7014 7016 4640 1957 5752 4531 1971 3294 3221 3225 1972 8073 518 7022 2970 5861 4623 5888 3330 1973 542 6987 581 568 197 3299 3365 6978 4613 8002 3396 8107 3389 3400 7896 7066 2015 5534 635 2080 5870 1910 7088 3404 4657 4755 3423 3379 8145 3393 1921 4643 4629 650 2107 8153 8106 3220 5936 2120 4716 566 8111 4771 694 7058 2123 662 7127 1893 478 2133 3477 3416 707 380 5843 3443 3037 2152 4799 4792 5916 7164 8049 7183 2039 7084 673 3519 8179 2139 659 3392 3429 7178 6072 4544 792 2175 797 5973 639 511 7217 4870 6870 3264 5979 7176 1784 4647 5911 3517 2276 6007 6958 3449 3328 7159 8036 5988 6090 7112 661 872 2173 3388 3631 2252 8039 469 868 867 6180 464 3654 8305 2193 2337 3636 7025 558 7328 8295 4793 5950 2362 5020 7342 651 3599 7024 4851 1003 631 3748 3752 6105 3728 933 2036 3570 493 2416 1045 2238 5083 7213 1064 1953 556 2485 3813 908 8397 1031 1072 2496 7036 5125 8242 1077 663 2168 2207 3839 3474 1984 687 2524 7220 8463 1111 6338 8473 5155 3788 5170 1128 5178 8316 680 1146 6360 2486 1141 1155 2489 5190 5193 3899 6344 2115 1086 3912 1129 8484 3890 3915 5049 3373 1201 6387 2611 6402 6422 7552 2649 1258 6441 3992 8580 1301 1310 2593 1087 2712 1193 3909 2754 8645 4104 1196 2782 4135 2957 4847 756 8116 6206 1742 2002 8171 4637 1126 3913
177 1608 4341 1571 134 4309 200 5654 252 1781 5572 346 5753 378 4500 6907 1775 5755 1742 4534 4484 6782 5557 6831 4483 122 8002 6967 6962 1892 6979 491 1916 500 1933 8076 3317 573 8074 3359 3371 3392 3404 6793 7088 2070 4596 7097 7084 7055 549 5982 2136 2125 4792 7181 3549 4811 7178 2168 756 5911 3587 3435 8199 4736 677 1904 943 3526 3686 6235 4969 5001 3589 2398 4622 2489 4565 8472 8305 2139 3530 8242 8105 8345 4719 987 3841 3448 1119 5125 8469 6266 5181 5892 2487 6323 654 6367 5197 6015 2583 2584 8515 7507 8520 3909
184 6782 5634 1646 246 1768 5636 1562 122 120 421 5790 8027 417 1887 5804 4483 6968 5839 491 506 504 4476 519 6976 1943 1781 1916 5869 1959 3317 4610 6962 4623 555 8069 581 4652 4484 1917 585 2016 3373 3387 635 5915 7097 4743 4771 2133 1984 6003 7162 2137 3524 4870 8245 7188 3595 3637 4948 3630 6166 6168 3229 711 454 4867 8275 8252 7140 661 2364 7328 6210 2416 2381 2373 3684 7108 3837 607 4945 4725 3833 1107 5125 8466 8481 5145 2521 3862 5170 6347 5178 1146 3888 3901 3911 3916 951 1181 2562 1184 1186 7507 1086 6402 3966 1300 2750 2754 8590
185 122 4398 1742 252 4534 1547 351 7908 332 3317 3401 5967 6090 2096 6315 4677 1157 1086 6387 7507 7152 5527
186 2963 107 1608 170 148 134 7812 6703 1562 4309 5607 138 3052 4311 1695 113 1578 259 6790 6813 5613 3053 1748 103 7785 4463 7801 1646 165 2950 2992 6826 168 323 5636 3112 4448 7908 3138 7955 7936 116 213 380 1771 1850 6907 1830 324 4274 1689 4351 5769 5521 8008 1863 3234 3236 497 3271 5848 1903 5853 5869 499 1854 4589 5572 7981 5795 265 3050 269 4399 5790 480 3071 1878 145 1778 491 6782 3211 1916 2957 523 6730 5890 8074 7033 4666 5649 581 6990 5534 520 451 5759 6831 252 7983 1906 6964 3300 608 3353 1742 2016 602 8107 5933 8086 3365 605 582 453 3373 3321 7058 533 7097 5721 4622 2133 4534 3392 5804 4811 8200 2260 6171 8132 8355 8019 6030 7300 4592 3787 5125 3933 5205 7576 5364 5526 197 6682 1086 6943 7188 2579 4945 4500 5170 4556 2944 767 8088 4483
195 6782 3053 6813 6831 255 6680 4483 4484 8002 5769 5557 4537 122 491 506 1916 5848 4399 541 8084 197 553 3401 5989 2137 7153 6206 7328 6235 2499 3811 3839 1146 1086 8506 3933 6422 1213 5315
196 221 252 6831 5711 4483 4534 1742 429 6954 6962 3249 480 5818 6680 122 6782 491 5557 1923 4399 1902 3317 5541 1916 5856 3241 577 530 4695 3392 625 5944 3314 7097 3414 2078 2091 3049 7109 8002 707 3519 3427 7104 5704 6130 3631 4945 3592 8045 4535 8360 6249 1003 1067 5148 2513 8335 5181 5125 5967 1086 1177 3487 7507 5166 2708
197 145 6831 255 368 1724 1742 1583 6870 1837 1840 6969 4534 479 1917 198 5532 3287 3286 1886 1960 4613 3317 420 5890 7033 601 623 4689 2013 7094 5959 5968 582 7084 4594 333 4829 1676 2068 7114 3524 2111 491 8101 8084 524 3387 3190 4780 563 5830 4664 8174 3410 4933 4681 8245 4560 1913 2135 7212 6166 8275 956 5024 955 2115 2038 2118 4845 5020 8355 939 4969 971 4542 3717 656 7029 2395 3560 458 8105 8062 3703 3299 506 5083 7165 5921 558 5114 6281 4610 2521 8466 6082 8473 8335 8481 5170 3839 3888 7484 1160 6367 1109 5103 6329 2562 1169 1086 8501 8503 7490 2572 951 6235 2581 2580 7507 2593 7497 1213 2649 7543 6448 7572 7594 2754 1301 6943
200 148 122 1671 6782 252 6831 4483 1742 4534 8002 1669 6962 8049 1916 491 4399 7017 3317 6996 8084 5815 3392 3440 7114 638 7153 2230 4833 6108 3458 6206 2373 4970 5125 5103 8436 2118 6058 8466 829 3524 3862 6210 1072 8481 3856 1086 3839 8335 1146 4725 2068 8503 3911 8501 1184 5199 3548 4912 6235 3930 7475 6386 2584 3916 5205 7507 3966 3928 4001 7552 8590 5315 4095 4061 8645 4135 4460 1174 8457 1945 8069 94 3636 4849 5966
203 5553 1637 4288 85 6790 228 6796 1701 3045 7802 241 3073 4401 4398 252 3023 1738 7917 281 1768 279 311 323 1775 6868 332 7955 335 6878 280 6922 4317 4520 7981 5791 4513 7912 3205 5519 7800 170 1646 443 2947 3069 5762 5543 3198 3252 386 5636 472 3248 116 5572 6975 1911 1894 5835 5825 200 7983 6964 5819 3289 453 489 511 1933 6990 1943 4531 516 4534 6711 3307 1610 486 1900 531 4634 4637 5721 1964 3269 4612 581 8074 3336 6987 189 522 3274 8090 269 3327 1973 6986 505 3371 575 3213 4558 4596 5534 2045 3300 4708 7051 623 2034 4573 5938 2030 613 592 5807 611 3348 7029 3338 3422 615 5856 5968 3393 2072 478 479 6963 2077 1946 4738 7109 2119 4697 6961 5855 5843 4715 8129 3316 5927 7086 1997 6793 4681 2111 5913 2133 3292 8168 3367 5989 2131 198 5904 458 8077 558 571 4559 1975 1827 5743 2125 662 8111 3310 1928 7098 2109 7001 585 7108 3311 715 3264 2168 6953 4439 3483 6980 3306 5929 3519 636 3511 7178 631 2173 1986 764 700 5769 760 798 3495 665 7882 3448 7203 7117 6108 2047 4560 616 7217 4878 3513 718 2158 4745 2214 717 4904 661 8174 3553 4815 8224 7140 5936 440 872 5990 5961 3637 3654 4866 8321 7112 3595 3357 4694 818 3062 7264 6180 490 3592 5945 7055 1944 2014 687 3666 1953 4851 4781 8101 958 2364 2361 6235 3686 6209 6150 4542 6240 5005 2171 5901 3425 3379 7199 4780 5792 3684 3626 1003 6039 7213 3729 2414 5949 5803 520 6105 2029 609 7320 2035 2443 4785 674 936 2028 3324 5950 7341 1072 4761 8146 5841 5953 4867 6311 566 4672 6313 1082 7220 6328 3458 8472 8468 1107 8300 5148 2520 5103 1113 3317 8450 1112 2486 3823 1124 5060 1105 1122 7462 3811 5170 2539 7035 8093 5165 3682 1031 2548 6346 1153 1115 1014 8491 1146 7444 7484 8481 6348 5183 1160 2553 6345 7454 3839 2572 3875 3911 5146 2362 3460 5199 1162 8500 2403 7499 1147 5211 6390 6344 5947 5213 1194 1174 8515 1204 3851 7460 3924 2626 7491 3962 2561 3955 3893 5124 2488 2672 4001 8590 1300 3873 1126 1336 6511 2750 4537 5158 5704 7092 7489 3836 8484 5632 437 3088 5150 8466
204 7883 1677 252 6771 7782 6831 1804 1748 5527 4483 3168 3176 5753 6904 3173 7934 4322 4534 6869 1697 4528 7970 441 213 114 8031 298 6962 472 122 3062 5557 1916 8007 3239 1930 8017 7983 4531 4343 541 1967 3317 5721 1742 503 4633 3252 3336 7048 586 3274 455 3392 4719 4705 2033 635 4761 4763 3450 2137 687 4792 714 7159 8169 7162 7101 4811 3380 795 2155 683 4948 8321 5990 958 8363 6235 4970 6202 7365 4851 3709 667 6161 6006 1045 3476 7283 4716 981 1064 657 7313 4686 2373 5125 3818 5922 6171 5142 616 1086 5928 3827 8474 6011 989 3843 3850 1112 3589 3300 1101 2139 3862 6322 5155 7107 2341 5950 3823 8335 3839 2424 3446 8481 8146 2135 3597 8502 2342 987 7046 2571 3897 4912 705 6369 7507 1270 8580 3969 7572 6386 8590 4013 5193 6474 829 4135 677
212 148 4392 6782 259 1608 5504 6689 210 3011 122 6831 1775 137 4469 4463 5706 3168 7945 6711 1786 348 4483 1742 4430 7863 4534 1840 3202 432 213 8016 4549 3069 7995 6962 1646 5557 1892 3256 7823 491 8009 506 520 5853 7013 6987 4630 4597 6963 2950 5799 563 1997 3276 5901 1953 454 3317 2029 5759 431 614 2052 3396 8139 7074 8116 3392 3355 6952 2109 2077 3423 654 673 5974 7183 707 7159 665 3542 4945 7279 2364 5020 8314 2358 981 8376 3528 2362 661 3729 8393 8345 2408 3754 6206 3390 1003 4943 3597 5115 1028 7430 933 7345 6161 2496 1098 3813 5138 1105 6323 1092 2416 718 1057 4762 5117 2487 8434 8335 5125 2474 1081 5197 6235 7507
218 1583 138 1616 134 2949 4309 7839 5634 1658 5557 6796 6790 3037 5636 6831 122 1784 4330 1843 7980 4534 8002 8017 1887 4546 1911 1858 1916 3062 252 170 4483 1742 3053 1959 145 1562 6703 7801 3317 3295 1970 8129 5848 1697 7055 491 2133 7162 670 2215 5985 7086 3357 3514 2168 7264 6856 3630 6166 3393 6169 2331 7240 4719 7176 6082 511 3752 2419 2443 4945 1085 1092 3820 5124 1975 2521 3826 3850 3862 3863 6349 5125 3852 1086 7490 2572 7475 1123 1192 7507 5141 2626 2606 5221 6422 1213 3966 7552 4013 8590 7572 2709 2710 1262 6511
221 265 122 252 7991 7908 6962 491 3245 4399 3295 3317 4330 2035 6206 6235 5125 3862 2316 5172 3888 7507 8580
224 170 5636 5795 1610 2133 3321 6206 6962 2373 5106 8335 5007 5173 3853 2562 4943 3911 951 2573 5199 3933 7507 7572 8590 1301 2572 6235 3839 4061 5205 2754 6347 4945 2484 4483 491 122 252 3295
225 252 298 8002 423 6873 1583 6995 228 528 5869 3317 5809 1881 602 491 630 7097 5951 504 5714 552 5914 7222 7157 798 3224 2171 787 2373 582 5125 3276 1077 1082 8474 2513 5170 971 2551 1172 8475 5211 1196 5213 3910 8335 1086 7507 7497 8640 2782 4135 3818
226 7812 2959 2957 1664 6799 1743 1541 4291 4463 4430 3092 4317 7785 4278 6813 7908 6730 324 1768 3176 236 213 7796 5572 3168 380 3122 198 3052 7976 7981 1843 4529 6771 1850 1840 7927 1744 7917 1846 1581 4311 1778 6703 103 1647 4528 3205 269 6947 168 1796 3202 4484 7801 3234 8023 7999 5759 1836 5737 1742 3254 3211 5834 6968 480 4559 3255 1911 1901 5649 5848 502 6990 511 4549 489 1923 297 1594 265 4399 7850 1947 1812 5853 1679 543 7991 3305 5837 4637 7014 5521 5881 1803 1958 7985 484 572 4564 1980 4275 4651 5890 6946 8034 3294 6975 520 4309 2002 3349 4624 4666 4661 581 4330 4569 100 1878 485 1887 1784 3340 7882 3348 3331 3276 3321 565 8090 6878 1824 7823 2005 6790 6976 3313 3365 3371 8101 1562 2033 5752 7063 7058 602 5790 5902 8107 5944 455 5720 4715 4708 635 486 558 5769 134 4738 3261 5936 2029 1959 4526 3317 4351 4652 5896 613 7995 4534 4743 5804 4551 5966 2096 7094 7086 421 666 3425 609 2018 2133 6001 3252 3347 1857 432 2104 2136 2137 6006 2077 8184 5799 7084 5970 616 8155 7140 3430 4597 2168 4829 5914 7162 3529 6782 746 4677 756 4811 6072 3517 8200 3513 7181 2175 3392 6961 2217 5953 4483 1830 2170 626 8174 7059 3524 8017 6032 5636 5989 4870 491 760 1953 680 6117 3035 8245 7217 4912 7158 6101 3595 4610 2139 4704 2215 6039 717 3487 2281 8275 6066 8016 7207 4785 931 3376 6206 2364 2373 4833 2125 3709 3631 7313 7212 956 6209 974 8345 3729 5895 7356 5007 3379 2414 4943 3626 5083 3572 3295 7091 3548 7404 987 3658 8165 6000 1072 8242 2492 6311 5088 3837 1057 3448 5060 5106 3827 2381 7092 8466 1083 8481 6347 3839 5161 5178 3589 3855 8110 5919 5170 5181 1146 3858 3890 1160 6367 5125 673 2568 1086 8502 8501 8500 2562 2572 1181 1184 2581 3901 1191 3916 8475 6386 1196 3907 5205 3859 8084 1700 4687 8496 1186 1201 2580 6402 1218 3933 2611 2632 3966 6422 8590 2750 2754 3893 8645 5199 5835 2768 1301 1101 2624 1141 6387 2500 1193 6255 1851 5022 632 3440 1689 2712
227 122 148 5557 3011 6782 252 6831 2944 3037 4483 1742 3069 8002 4534 3036 6716 94 1916 491 5867 8053 3317 3392 714 5801 2373 6315 2168 5125 2585 6422 3893 2624
230 6831 197 5607 4483 4534 422 6962 8017 5835 6782 492 491 1937 520 4581 6703 8042 5870 4635 3327 8107 1928 5947 2056 4609 3394 665 3498 7153 563 5999 4767 8177 659 3470 3370 3414 5968 797 2168 7264 5024 7212 2373 989 3410 6305 956 3560 2414 3379 2381 5125 3460 1874 8236 5894 2419 6186 6325 7450 8335 2562 2563 5205 6235 7507 6511
236 7785 4317 138 170 6748 5557 6782 7871 252 239 1689 6796 6831 1761 3112 5693 7933 341 4448 3162 3050 122 1658 6907 4500 7801 1846 3202 4534 6703 1856 2949 4279 3214 5714 6718 1562 7976 3234 5699 2976 134 3239 3258 5832 402 1903 1858 4483 1911 3198 5772 491 1742 189 1878 1905 1916 4399 3238 6962 486 4537 3317 3259 8002 2940 2029 3392 2045 616 625 8136 5960 5634 1887 5870 2137 730 6066 3511 848 3517 8153 2281 841 8226 931 2168 7328 6235 2373 1105 1086 5164 8466 7188 1146 3877 3819 3657 5125 2562 2572 7497 7507 2649 7572 4104
237 5557 122 134 6718 6744 170 4309 5626 6782 6793 5634 252 5649 5713 1784 3071 269 4330 1778 4484 380 3176 6884 6909 3050 1742 1812 7981 1843 3198 1836 1840 7976 5772 5790 2949 7812 7782 103 4274 1850 7999 7801 417 4535 4534 3069 4537 4275 3220 5804 1863 6943 1887 7785 5821 4546 5799 3261 3252 5831 8034 4542 3232 3206 1911 3228 6968 475 8048 5848 1918 6964 4610 491 3246 5853 1886 5869 7014 1959 3294 6976 5870 1971 3317 5900 8090 3365 3349 7058 614 8084 4708 565 5914 6962 2066 7088 3426 4743 2033 5956 3373 5966 3440 573 6006 2178 7059 5943 659 8111 4768 4483 609 3435 5769 7217 3392 3587 3348 8245 3595 680 4948 6171 3609 5024 5020 956 6235 717 3748 2215 2373 1003 8436 3807 5106 1072 5125 5103 1105 1086 6206 4945 3295 1113 3862 5155 6347 8466 5170 3879 2568 3911 2572 3916 8501 8515 7507 1218 6402 1213 7149 7094 2649 6422 8576 1300 1301 4061 2750
241 7785 4291 4274 6779 6813 6793 3053 3098 3036 168 4476 4351 122 2957 6929 1850 4484 3211 5805 4549 1830 5831 3255 1775 5572 8025 506 1562 4483 1784 4610 3276 5795 5869 491 8017 3317 1916 3330 5890 4666 5900 5634 1901 1959 8107 8110 7991 5790 3378 2036 3300 613 7097 4743 8145 3440 3442 1742 8163 4792 3379 7153 762 6072 8221 7217 6066 616 7213 2281 4878 3259 4910 746 7328 3729 2381 3529 2496 5106 4771 1086 3839 5155 1129 6367 6294 2562
246 2979 116 114 137 4291 5549 5553 1629 5570 134 4296 138 4328 7871 1612 1571 3040 6720 4374 121 5521 2976 4309 4311 6813 5654 235 3030 6744 7852 4413 6777 1724 5607 1586 3062 1676 221 2969 3090 259 1738 1689 6784 3122 210 3071 1670 1710 3138 213 5634 324 5636 1784 5713 7955 348 5572 1675 1812 335 239 4463 5755 7922 5649 1822 3162 5678 4343 1771 5727 6878 6921 1850 5791 6934 3169 1846 7981 417 7903 4400 3213 1830 256 7821 3065 6884 7982 5720 6952 8023 3233 1872 6947 8003 7980 3053 423 5790 1866 8026 4535 5818 6945 3069 1836 3198 4484 1863 3182 3249 4558 6939 6963 8007 5706 1669 4537 4543 1781 5822 4283 4563 3234 103 483 4575 1883 447 119 502 1937 2947 1840 500 3260 6986 504 5830 4577 189 7004 1913 5523 459 6682 402 3283 3264 5867 5797 6937 5859 5541 520 3241 4585 4607 1945 523 4587 556 7009 8073 1973 1974 458 3261 4633 571 524 4565 4649 5888 3290 3181 4683 442 4566 7033 490 4673 4661 7028 542 5820 3224 4685 600 2005 3320 521 5894 4391 3299 3353 530 3325 3123 4596 2040 3330 4651 4697 4672 8094 2054 3396 8029 4679 1966 3328 5841 2036 4667 8107 1843 602 8112 7061 3331 3381 611 605 2032 1972 1997 3400 3383 5923 4681 5916 625 5891 627 4705 3176 3253 2057 613 7064 3357 3369 2034 4720 1742 5856 8027 4694 601 5942 7088 5904 3404 5950 8145 618 5926 572 4542 3440 8149 595 3365 2002 2108 3350 2018 4654 7109 650 3410 4732 7063 3450 1953 534 8106 5949 7071 2070 7058 2104 631 6010 3391 2015 3485 4799 715 3498 3361 8177 4653 3293 4729 4792 8184 4712 2035 6048 7183 3519 5834 3486 1593 4319 8008 1608 1583 7184 6011 3092 2977 3511 1944 6007 3524 2068 6101 770 8101 7222 700 3549 7176 3587 3593 6082 2281 867 4811 3591 7188 6130 6183 4610 3636 2168 8048 8295 6189 2252 5900 2215 7212 7313 6240 7026 3430 7140 2328 3321 6219 7279 455 3709 6210 1003 7207 6207 6186 3597 5024 3276 8345 8329 743 7408 8439 3601 5083 3773 3481 5847 7029 3482 7164 1869 649 5935 3818 2489 7407 3631 908 6315 1067 2474 5110 6306 7435 2491 3788 1105 5144 8314 1102 2521 1113 8466 5161 6345 8335 2424 3872 2541 1014 6346 3888 5185 5169 1154 5190 2555 6313 3899 2483 8498 2560 3896 3897 3902 2052 3891 2553 7444 3879 8500 2562 1165 5007 2568 7490 5197 6367 2121 6271 8491 7443 8506 5204 940 6349 6150 3913 2584 7507 1169 3873 951 2403 8515 1186 3933 1212 1218 1213 2606 2632 2630 3962 2626 6422 6402 3893 1187 7543 7572 6360 2572 4095 7213 8645 5205 5315 2768 5341 6515 6511 2754 2724 2750 3827 4061 6235 1086 4945 3392 6831 3259 8002 252 4534 5848 5125 414 2137 491 4483 1916
250 1608 4343 4328 1629 5557 1689 5634 6790 1695 252 6813 7850 5649 7782 3071 4448 7908 1594 4274 4447 119 122 324 1748 4483 4484 387 7976 380 6884 4520 5769 1771 7882 316 351 1850 1836 3053 120 348 5721 1846 3198 5607 197 4480 6782 6793 7981 1742 1840 4308 269 4534 6831 168 1796 3225 4552 472 5835 1908 483 3232 480 4535 8034 432 5848 7801 3297 1562 2959 7812 2947 5525 4399 7785 1886 3069 1943 1610 2957 5798 546 5853 4309 3317 6968 4351 8002 581 3349 4666 1906 453 7048 8101 5890 5534 6990 3371 7058 5921 3290 1916 3379 2036 4652 3348 5902 565 3300 635 3404 1959 650 8145 571 4694 1878 4741 3365 3306 486 1710 3246 6856 3448 2052 2131 8156 2077 5982 7127 6001 1987 8084 4724 8025 6953 5713 6962 7153 4546 7162 8005 5989 6013 8200 8205 6055 4829 3511 1803 7181 2104 4811 609 8221 770 631 3435 8111 2111 3587 7230 491 4712 2215 4845 1857 680 3319 4537 3443 3526 4878 5956 8165 7217 4592 421 2281 2118 4806 616 8153 2158 3391 5766 4945 4865 829 6082 4943 7300 4775 931 2168 6000 4757 3626 2238 5986 3295 573 7356 3597 2029 5087 2364 7037 582 3477 8452 3818 2443 670 2489 6265 8458 4910 3657 1072 4785 8463 3529 7320 8436 3820 3729 3827 7213 1105 1129 3357 4677 5178 6359 3463 2381 3839 8481 4870 3548 5961 3879 1146 2015 3871 2123 3636 1135 2553 6367 5166 2562 696 4704 1170 8501 8502 2572 3373 8503 2568 1169 2576 1184 5205 5199 3916 8335 2580 6235 1086 5935 3944 1218 3893 1213 3966 2624 2671 3928 4001 7572 8590 1300 2750 2754 5221 5364 6711 4330 3211 3305
264 6682 1562 114 2976 5607 7790 3049 6784 7823 5596 228 236 3033 6790 108 2980 1628 3090 252 6824 1748 4437 3045 4439 4447 2977 7896 288 6831 1670 225 321 4476 1767 132 6782 4466 297 5521 5572 1804 1744 6884 1544 6796 5769 1825 1594 122 1598 4311 6703 1568 6920 5549 134 7785 4317 103 116 6922 1839 312 5541 3205 7852 6934 1850 7981 1840 409 5543 2969 4535 213 5699 8002 411 3069 1778 5772 6937 3220 5632 1770 5648 3226 8013 1786 101 1541 5523 111 8026 8029 6956 4556 1887 4552 6959 8027 430 4559 3241 8031 6954 466 6963 3250 4571 1889 3261 381 7945 4575 3255 3247 478 3073 4551 1906 3279 3251 4570 4592 1830 4590 506 3287 479 8048 511 3289 1930 3297 515 4399 7004 521 516 120 1923 489 1932 5867 404 1934 513 4370 5802 520 1886 1916 5869 3065 4275 6757 5553 4630 527 4340 1824 3304 508 4544 1964 1970 3317 4595 7009 1972 1980 1971 3302 3319 4643 551 3320 7026 5885 572 522 1985 7036 1974 8074 3327 8084 1988 4663 5866 197 4309 422 3336 3315 5805 3353 582 433 3348 600 3309 5903 1984 4652 5884 4661 4688 3371 8107 2032 4637 1854 3392 2051 4708 3389 5914 2034 5934 4689 7066 2036 5937 585 625 3365 3410 635 605 3417 5944 2033 5945 2076 3423 8053 4319 4738 8020 460 4699 656 7056 3293 7801 3405 3416 5970 659 8054 610 4763 7109 5795 672 4771 2124 3443 2133 645 6001 604 2123 5954 5999 2047 696 2115 576 699 1941 3233 7029 7153 5911 5985 715 2137 4811 4829 3511 7093 8200 8042 756 6054 759 5973 769 8174 746 6012 7155 5956 7128 2198 3556 5900 3482 7222 2192 7205 688 8165 8197 2154 3587 7176 3513 7152 2243 7212 3597 3246 3313 2028 7140 637 661 4653 2276 6158 2265 616 4779 7259 872 3630 4865 700 3532 3618 4623 3592 5743 8313 4959 8320 2238 3461 736 7034 5870 7953 3595 241 7986 7092 6189 3387 2091 3599 2342 5981 6130 7242 8144 7188 3631 2052 6153 8314 7320 787 7024 4678 958 3455 4806 3686 5022 7059 3709 2236 6215 974 7356 3626 8245 764 4870 1003 8329 5026 2362 2364 3728 829 2414 2428 2400 936 4995 6240 3684 7408 8293 6265 848 7345 1890 1067 1072 835 609 2483 6315 2495 7430 3463 7449 7454 6313 1087 1084 5142 7104 7051 7220 5820 2171 5088 3832 1107 5124 6331 1104 1092 3837 2510 3506 2424 6332 2521 3857 8466 3861 8093 1086 6347 2534 3460 3819 8434 5125 3872 7458 1123 5169 1132 2490 1144 3877 1154 1151 1135 1133 3839 1100 6369 5193 8498 2555 5081 3862 8101 3890 3859 3896 2562 7489 1175 3912 2571 2553 2572 3888 8506 1186 1174 5199 3910 5206 2150 2580 5176 5210 6235 2584 1050 7122 1200 7507 5212 6399 3928 1207 7525 2649 3908 2709 2712 6515 2724 2750 6511 2754 5341 4104 6995 1165 2002 2573 3305
267 120 7882 4343 252 4437 7907 4311 122 1562 4483 1742 4534 1647 8002 6703 3206 5803 4552 145 6782 3280 491 506 1916 4584 5847 3257 1910 5869 6979 2970 8084 3392 5896 3317 7066 8136 659 3440 2077 4763 7153 5986 7217 3595 2373 7392 2398 3335 1086 5125 6306 6323 3839 2510 8335 4704 3788 4785 5083 7489 6235 7507 7491 1301 1262 4955 2768 4596 4606 3036 6993
270 7822 4362 5613 7863 4338 99 5607 3098 197 7922 279 4392 5674 4469 6856 1786 5755 113 6720 1839 2970 3004 6741 4322 1843 1836 1846 2996 4526 7983 1854 4343 351 1861 8002 6947 7821 168 1742 5678 454 3238 3234 1840 2959 2957 4525 373 6730 6967 6963 404 6969 3245 1887 1897 6964 1911 4582 6777 213 7955 502 252 5844 6753 506 3271 6993 458 3251 4607 4399 6782 5867 489 5526 4545 5626 7941 1942 3240 531 7014 523 4600 4587 8070 8073 3317 464 1970 5835 7015 1990 8084 556 4633 3330 575 4558 1962 566 2002 3259 7036 582 3356 3337 8093 3359 1972 8036 1973 608 8107 614 2036 7061 3387 8019 6978 3390 2052 615 2054 7063 607 4717 2065 3405 642 3404 2084 4657 3426 7088 3315 3416 414 5896 2072 5969 7097 4667 7101 7084 3305 4752 3451 632 595 4767 1965 5798 4647 5989 5943 687 2151 2117 8157 8179 6011 715 2178 4811 659 7162 4829 7183 2168 733 3321 756 759 3488 8105 2166 6072 717 7158 2136 3549 2139 6012 4870 543 735 2230 3569 8221 7217 3587 798 8174 769 2135 3517 2265 2131 3418 3461 5976 2201 663 835 7213 2281 3603 5988 4933 4865 868 6117 661 6180 634 6090 6110 6189 3595 780 5981 2199 3588 7025 4778 6055 6105 3491 7233 8223 7121 933 8322 981 5038 3389 6240 6255 7320 5959 958 5005 2015 1988 7356 5985 2061 2427 631 2096 3738 5063 2411 2373 8242 6294 6262 7064 8436 1045 3460 2443 6315 8329 719 3811 1092 1087 8452 3841 4688 6305 1028 2525 2487 3829 700 8474 6334 5153 1112 6324 1126 2509 3862 5170 588 2541 5178 8491 2235 1106 7449 5144 3882 1145 8116 3888 6326 3899 1147 1169 3902 2568 2562 3885 3901 7489 2572 3910 8501 3911 2576 1174 6382 2080 1184 2581 2403 5179 1182 7500 2583 951 2584 6390 2590 7507 7435 2510 6441 8580 2671 2672 3819 1206 1301 7599 2712 1177 2754 2750 5356 5190 939 4948 465 1984 4758 5851
275 5507 7883 6782 252 7908 4483 1742 4484 148 122 480 491 5848 8002 3317 4708 3392 635 7188 6048 3595 718 4806 2373 5087 1067 3451 7430 3818 2182 3811 719 5125 1086 6235 7507 2724
280 5557 1646 170 148 138 6782 6813 4463 7936 103 4483 1778 6703 1843 4484 4537 1742 458 1911 3232 8003 5839 1846 485 491 5848 511 1947 3295 5795 5804 122 585 3317 5870 6962 2029 5896 3392 635 8136 7127 2133 6006 2137 7153 6066 8017 7230 3587 756 4943 7188 7328 2364 2215 2195 3811 5142 3841 4704 5125 3862 6367 2562 1086 8335 1169 7507 8576 1213 4001 7572 2754 4912 1141 5521
290 3053 1784 5557 6831 8002 4534 6782 1911 122 3069 491 252 506 6962 458 3317 8107 7059 3392 5848 2168 2137 4948 8245 3595 6235 7188 5125 1086 602 3837 3862 4945 2035 3911 2649 1213
292 4493 7982 6910 378 3126 8002 4483 138 7801 1748 5795 491 3053 3295 197 5873 3392 585 8107 4708 2133 5841 3303 7908 5804 5772 6962 4829 7153 511 6831 506 1784 5769 939 7188 6206 5848 2168 2373 5989 3811 1105 8466 5125 3862 8335 3839 2562 3911 1086 1146 7507 2649 1213 7572 8590 4095 2754 1742 4945
294 6682 1671 114 4309 200 3045 207 7822 7852 6782 252 6831 4483 4533 4534 1742 8002 5557 122 491 6962 1916 3392 2109 3317 3624 5024 1086 8335 5155 7507
302 3064 6831 4534 5795 1742 122 7839 5557 6962 1911 491 506 5848 3295 3317 4708 3392 252 6001 2137 3482 8221 1003 2373 3811 4829 5125 6235 8335 7507 4945 1086 7801 8002
305 5557 122 6784 4401 4534 4483 8002 491 1916 1742 3317 6962 3392 6294 5125 8335 7507 1086
312 5557 4291 5549 2949 122 4317 5519 252 6831 7908 168 1778 417 1768 211 1840 4526 1742 421 5772 1846 265 1594 4484 8002 3071 5804 437 4483 425 4534 3234 3261 6962 5839 491 5848 4399 7983 523 5853 1916 1923 522 3317 5890 8084 1988 571 3392 2035 613 3254 605 2077 2052 484 2066 8007 7093 7088 7097 5572 8145 7014 5956 3430 6006 2137 5901 717 8111 7162 3511 7059 5843 7193 6072 8184 4845 7203 3524 8245 6082 7217 3529 6166 6206 8335 8345 5024 6209 2252 956 6210 3748 2373 7356 1072 7404 8163 1105 650 1107 8474 6305 3833 4910 4865 987 1113 5125 8466 1086 4945 3862 2341 3684 5161 5106 3819 1101 3463 6171 1129 6315 5986 3597 3448 3853 8314 1146 2424 3879 7212 4794 1160 6367 3589 8458 3888 6294 2135 8502 2568 2562 3858 3901 3911 1165 5204 3916 1186 6235 2120 8484 3548 7507 8515 3909 7300 5145 1218 2611 2593 3966 8576 1157 4013 4001 8590 3513 6474 2724 1336 2750 4061 132 627 6981 1701 1951 5855 3238
314 122 4309 1598 7813 134 2979 116 4328 4314 2970 1671 252 7852 1710 1647 1670 4351 7917 113 1745 7922 1738 4442 3030 3045 6767 6784 3071 3102 6789 1742 4486 3092 7883 7941 1628 3064 3173 387 1775 5741 4437 4340 3190 265 361 7907 3150 7981 288 353 6927 6934 4469 5743 4460 7996 215 2980 3168 4429 7807 2943 5674 1565 4401 4278 6799 4436 7863 220 3034 152 7955 5533 4480 107 2963 1586 1583 148 7803 435 4291 3223 6723 7812 1869 5818 1883 1843 1879 1541 3222 7782 207 6963 313 136 7821 5678 3234 479 188 2949 3258 3250 7801 4281 5809 7822 8007 3176 4296 1909 8045 3255 1858 3088 4373 6682 1558 7991 8020 1918 5798 4565 3239 7802 168 5527 6981 5844 6986 5800 298 4581 6993 3037 3289 5529 3297 1942 4317 3290 1957 6956 5853 5790 5867 4592 7870 376 1947 3280 1854 7008 518 568 1984 3260 472 425 3181 4417 7995 5805 1992 1974 4633 3229 3336 490 3211 1768 8093 5868 8090 3359 4685 3348 1784 511 7023 604 2045 7058 5916 3306 565 2078 613 618 2073 7034 2039 5974 5968 3419 2133 4771 4622 6001 694 7101 2108 8155 8171 8147 7026 5825 3511 4809 756 4811 2192 4837 769 5893 2138 2131 2135 638 3513 2154 3543 3595 6169 3430 2215 7279 7328 2364 873 8275 2112 4768 7392 7356 987 1846 6310 3601 1072 2424 780 5920 6265 1085 5148 1105 3488 733 4704 8345 8200 8474 3854 1112 549 3837 3859 1135 2534 951 1151 6000 8484 3901 1184 4725 2581 3915 1186 8335 3658 2573 1196 6387 1213 8543 1258 3969 6441 1270 8580 2580 4013 1301 6474 1086 2750 5205 3827 6235 6347 4534 493 4945 8111 7153 6962 8002 1916 8221 4483 3317 491 6831 5848 3069 8084 582 6703 3392 5125 3259 4399 5804
320 6782 4490 8002 5570 1897 122 1742 3317 4702 8084 5804 7108 491 4799 8204 1003 3748 5915 1056 2373 4945 2381 3827 7404 7188 2549 3902 1157 4725 8450 6360 951 5204 3915 2672 6474 2606 2586 3955 3913 2750 4104
325 7801 5580 1742 7976 1778 6909 4534 8002 3069 6831 1887 6962 491 122 5557 3053 6782 252 506 1916 5848 4399 4610 5870 3392 3440 2066 2137 4792 7153 8017 4829 6066 3548 616 3595 2215 2373 8355 4865 4945 3811 5125 1105 3839 8335 6359 2572 7507 1213 7572 1562
326 6782 252 6831 1916 5087 1086
327 5557 6824 252 6831 1742 7863 5831 6782 122 3317 1916 8002 3392 7507 1086 5341
328 6782 5659 7903 6962 5557 3392 8084 3348 2136 455 2151 8165 3548 8092 7059 7162 826 3832 3827 1092 5145 3888 7490 8501 1184 4104
329 1616 2977 6782 6831 6793 346 7908 6711 4483 1742 4534 8002 6962 5557 4274 491 1916 1943 547 4637 1670 4667 3392 2047 3422 5943 4948 4955 4785 3570 2362 2215 5024 3390 3599 1865 5125 4945 1086 2581 8525
333 122 5557 1664 252 4483 5791 5634 6962 3269 421 8043 483 7801 1544 491 1916 511 7017 7908 586 6831 4484 7087 2068 4768 8237 760 3529 850 6206 3487 2373 8335 5125 1105 1086 1072 1098 2572 6235 7507 1273 6515 7599 4104 5935 4533 103 6969 5167 7775
335 1608 1586 136 116 7831 4311 1587 5572 1581 170 7775 5613 7877 5596 1583 182 6813 241 3034 210 1695 1646 1710 4286 252 7823 6818 7917 145 4432 6824 7922 1618 4463 311 288 3138 6723 337 4483 5755 5743 5704 1812 7982 5769 6711 1839 6873 3205 211 1846 1830 5762 351 4476 5648 7790 3213 6943 3150 4343 4542 7995 410 1856 5678 4549 417 455 4430 1878 7970 3236 6718 4556 5559 7818 7945 4314 4567 4278 459 6963 5795 414 3255 484 7796 4589 1918 6992 1907 489 1932 531 4597 491 524 3308 4585 1906 6752 4630 5805 7022 551 4624 3314 5809 1964 8073 5527 1958 6987 4655 523 4652 8048 555 333 3342 1954 6976 409 8089 3349 591 539 3356 7983 1967 581 607 4647 3392 7051 7046 5942 635 2065 3410 2013 8090 3305 4651 1882 6986 4673 3390 1923 2076 4611 649 4743 7088 1943 7033 7097 8084 2017 5966 4708 3422 6819 5545 1975 2977 7101 7127 694 2133 1869 5991 5914 3432 522 515 2115 8016 297 8163 3445 582 8170 8097 8050 4799 3481 3485 6028 6004 725 3327 4724 7098 4811 707 4792 8017 198 5929 666 4715 7162 2139 5902 425 659 3300 5964 2033 2154 4710 7184 3448 7153 8221 2175 7203 760 3549 6870 6017 3401 5996 5954 756 8177 8165 3488 638 7158 8130 495 3560 3587 7217 1670 4781 2018 4571 3593 8245 4732 8224 637 7112 4560 4717 8252 2243 5905 3461 4878 561 6944 801 7328 2292 2341 1962 955 5020 8322 5038 974 7028 8360 3709 7213 965 5024 6035 4955 4683 7374 7345 3601 2361 4777 6185 6306 2038 1064 6294 5901 7356 3378 1045 3738 5032 7264 4910 7449 2488 7059 3292 841 3657 6316 5141 6315 6210 7437 874 2082 6310 3847 5026 2510 5150 2344 3340 2532 7468 1106 1113 3813 8466 4757 6349 3851 7458 1086 6344 7471 5167 3589 1144 8153 3879 6359 6362 5161 4794 1160 1055 7480 5166 3904 1170 3900 2015 8501 8478 3897 8503 1147 3912 1175 3665 594 7130 5124 1177 585 1181 2576 6382 3887 1186 3853 1192 5211 1194 2585 1129 6387 6235 1187 1201 3933 7497 5001 3944 1212 1218 8314 6186 2626 6422 3966 3962 2649 8580 1213 2670 4001 2680 7572 8484 3636 8613 2709 1112 2750 6511 1072 1146 5364 4135 4493 6954 8031 5839 6779 8078
336 5634 122 252 5693 4534 2949 5753 8002 343 4483 1768 5790 5799 3198 5686 341 3241 6962 1784 4597 506 5839 1916 491 5557 3286 7014 3317 1990 563 1992 4661 5823 8084 5926 2035 3392 4677 2006 3416 1943 3377 2037 2168 7153 2137 2256 756 8204 3603 5883 7149 3530 2373 1038 7407 8436 4806 3811 8466 3839 4704 1086 8162 1119 2572 5206 1213 2649 4061 2754
340 1586 2949 4317 138 134 4328 5557 4309 182 145 5570 6776 5634 2977 215 6790 5626 246 1614 7885 6779 236 211 6782 5632 7903 6831 4465 7877 4330 4469 7955 346 1812 3150 7785 6856 1804 1843 6907 5772 4274 1850 5758 417 7991 213 4528 434 3206 8003 3220 6963 5819 8034 3208 5799 5830 489 480 3053 235 511 5848 1921 2976 425 3290 335 7908 5869 5649 116 4552 5801 1547 1742 3317 7801 1964 565 1971 7999 3181 8065 1906 3252 5790 572 197 4651 4531 491 8031 3071 6962 581 3369 505 7058 4708 8110 6730 3400 601 7063 3349 7088 1803 4673 3404 4743 2068 3261 5966 6957 8145 3305 8087 5982 8129 7127 2126 1996 2033 2137 5737 4537 563 3450 1770 1941 1953 4607 5856 8155 4767 3524 4594 4768 7055 5734 7183 4624 239 4725 4653 4322 5911 512 1778 4556 5843 7184 7023 4697 4546 369 3340 2108 6964 3281 3514 5938 5705 7945 4876 8221 7153 2001 7029 4735 3549 2168 5996 3511 7140 4837 3435 5859 2162 650 756 4560 8216 6055 3517 3476 8039 4652 3259 1882 801 6945 6013 269 7093 631 8159 5881 4904 616 680 7107 6067 6117 760 8009 3560 3246 2047 2138 6082 835 666 7037 4945 8017 7026 6943 746 458 8153 4912 7300 2238 2152 8355 7328 696 6030 6180 965 3387 2364 2373 7188 4480 8393 2052 5818 573 7151 3729 7392 6249 5884 5087 1045 7404 485 8116 2414 2489 8050 2483 5082 6210 4794 3379 1072 5936 3530 1105 3833 2513 2487 8345 2416 3843 3788 5964 3837 8174 1115 6206 3548 3401 1087 8169 5953 5161 3862 8335 3851 5178 1135 2341 3839 4825 5935 3890 8314 5007 6329 4724 8500 7489 2553 1111 4677 3887 1170 7480 8506 5204 2558 1169 2428 3911 4704 1184 2584 6390 2573 5001 8515 1201 2443 7507 3933 6387 7497 7491 2593 951 659 6422 3966 2649 1300 1142 2709 2750 2687 1086 4135 1768 7149 1562 3295 4785 1689
342 3021 252 5807 4541 8034 5816 491 506 1916 3317 1742 455 7193 3392 3543 3549 2130 7328 3811 1086 2373 6066 5125 6235 3930 7507 1213 4001 1344 1181
345 4286 6776 5654 6813 5636 3052 182 4407 6784 4417 132 5541 6688 5520 6793 3004 4275 81 2976 1658 1745 5576 228 7800 4463 3062 168 7955 5613 341 5741 4373 1593 348 4483 1556 3176 99 387 7880 4442 167 1843 6885 145 4413 6925 6921 5705 4340 4500 3205 5540 6922 1770 1837 3090 5527 5525 5727 7934 7981 1850 1545 7838 6826 279 3213 1827 4291 6831 252 380 6689 239 1742 1911 6782 4563 3182 3250 207 6963 3287 3246 5800 3295 5559 5869 3214 4611 8064 411 3225 1637 520 4584 4643 4661 5819 508 4484 3359 4649 591 4543 1980 529 589 524 6873 8090 4547 1958 601 614 553 8060 4694 594 8092 3392 8111 3373 8145 5969 8149 650 5982 549 5798 3317 4686 476 1886 3357 1957 5959 7004 2083 3439 5976 2033 4677 2136 697 5855 5947 717 619 616 5986 7193 3524 8070 759 3587 732 3389 6030 3458 7020 820 4727 5988 7164 3391 4806 6171 2150 6166 4939 4592 6169 7071 7300 3595 6180 8236 873 2331 3488 835 3387 3626 931 472 2265 956 2364 6235 7279 7037 6206 2381 2202 2414 7158 6101 7082 8342 8439 8174 7404 1983 1056 6305 7430 2491 3248 8293 8458 2089 3833 6329 1093 751 7458 2521 6341 1125 8481 8335 5935 6359 6363 6066 6000 1114 8372 3818 1160 5125 1072 3820 2068 6369 3888 8503 5086 7409 4725 2572 5199 3911 1177 5205 3916 2583 2584 6390 8515 6387 1201 7507 3928 7491 1213 5221 6402 8466 2504 2624 4001 2680 1300 2750 1344 8640 8645 4071 5364
350 252 5557 2949 3053 6831 7807 5674 5711 4465 7908 4483 3050 1742 7976 4484 417 1911 4534 5837 7803 4601 3317 3299 6990 577 1957 5812 4708 3392 1997 8136 491 4829 8221 3517 3524 8092 956 3460 7151 1984 2373 785 6235 6082 5110 1086 8466 3851 5125 2572 2562 6390 3893 2649 1153
351 4317 252 1735 6782 1742 4483 6831 7970 5769 1676 7982 3098 3187 8002 6703 1911 136 5839 506 491 4399 3336 3392 5952 122 8084 2168 4837 8221 2001 2331 1881 2201 717 8345 2414 3748 3787 2381 2418 7356 5106 3811 6105 3837 8335 1086 2572 7500 5199 1184 1169 3911 7507 1201 3916 3933 1213 6422 4001 4912 2624 2649 8590 1301 7572 2580 2750 4061 4654 6000 5966 7801
355 114 5613 3052 7785 6782 5634 6790 235 6813 5649 1724 7917 1784 7926 5713 3065 197 217 4476 3122 7876 6885 5753 5557 1804 387 4292 1578 1843 5769 7981 7812 1812 6925 6679 1837 417 6831 1742 5759 106 7999 4528 8026 3234 103 6909 409 7991 4534 5819 4549 4308 8012 1887 8034 480 8043 3261 3198 4584 3206 4535 4537 5816 1905 8045 473 119 1825 444 1916 8057 3281 8031 421 170 138 5607 5543 6736 4340 8053 1943 1947 506 6995 4607 269 1857 7903 1975 5873 7791 4655 7033 3222 1999 5899 4681 3340 522 1986 1953 566 563 7023 7013 5699 8110 585 614 3365 3394 7061 2052 211 4606 3400 2020 2033 613 8136 2078 7055 5902 2086 568 7088 1754 1866 4596 2123 670 7108 4771 453 8152 8149 4699 5804 2133 2018 5995 8106 7098 455 573 6006 1944 561 2108 1965 3373 5939 6001 2035 484 2066 4792 3468 7183 635 6055 3401 7153 3524 4811 8226 3529 2175 3571 650 6066 616 760 3392 7212 4758 770 6941 2281 6130 3541 848 3595 4755 6166 8321 4948 7059 6168 2137 7092 7140 2002 931 7309 3658 6962 576 7328 5989 8005 8017 687 2364 2342 2029 4956 2215 4969 6206 3626 3488 888 705 3597 981 3748 2155 7014 582 4757 630 2414 5964 1048 7341 8436 3425 7407 4724 5082 5083 1045 1067 2474 6162 4736 5114 7030 5005 3601 4849 1074 5126 7443 8275 2489 8458 3465 3818 6058 5106 1072 987 1107 2510 4865 6210 2443 5843 7036 6161 6345 5155 2545 5170 5161 3839 3879 1146 5125 3684 8335 8481 6367 2559 5953 2553 2562 8503 4912 7188 6359 5895 3907 3888 3901 3487 1086 607 1181 3916 1184 1186 7499 2581 2580 2095 5212 1201 5205 7507 6059 8144 2606 8525 6402 956 3962 6422 3966 8543 1213 2649 8576 2624 4001 1300 3955 7572 8590 7590 2672 2750 1336 6235 2754 1301 5364 3300 1830 626 595 6953 1310 4785 1846 3069 4523 829 8466 7094
356 1608 1583 6718 122 5580 1629 170 5557 2996 4309 6782 5634 5521 3037 2995 5636 3092 6831 119 4483 5719 3154 7903 6793 2959 380 103 4500 2949 85 1812 387 7980 6688 3169 410 7970 245 7831 3223 8003 115 4520 3222 6952 460 439 4541 1875 5632 1889 6962 1679 1911 4584 4534 491 487 5699 506 5848 1916 4589 5834 1910 4399 4549 6989 7004 5869 1947 5861 531 4447 523 8084 5772 4637 5534 3295 571 6968 1906 564 7048 4659 3321 3305 7034 3392 1943 8090 6957 5804 630 2072 417 3390 5951 4735 4752 2079 3448 5986 2091 4792 7183 2202 5981 7116 7153 7178 7181 2136 3468 5954 3470 2120 6058 3549 4730 6066 5994 3524 3435 2230 7061 4811 4845 3378 6039 2275 3543 7264 4606 3593 1983 3637 888 6090 3393 4697 3541 711 3588 5007 4961 6215 6235 6186 3455 2381 588 2364 3807 7233 650 4945 5125 1092 5103 974 4725 2414 7115 3445 2424 6305 1105 7279 5115 4997 7213 3854 5060 5159 7471 2544 5178 5136 2491 3882 6349 2113 6338 1146 2235 987 2551 8335 5174 5185 2238 1160 2135 1162 6314 3391 1166 3873 2568 8502 1157 6344 7496 3597 7491 3908 2572 2573 3754 2561 7446 3928 7507 7093 3944 1212 5221 7572 4912 1304 1285 2624 2709 6389 1206 6474 2754 1094 6255 1894 3398 2131
358 148 2990 5580 3011 6744 2977 1646 4309 7877 6776 7883 3033 1671 207 4328 103 215 3049 5607 1658 7894 4407 1578 3098 3053 5649 7917 5707 3138 7941 337 1724 259 119 5713 4465 5570 3062 3088 1676 7882 5576 1811 1775 360 115 6873 4529 5743 4469 265 6904 5549 5687 5636 373 7903 4525 4480 3050 3071 4516 4448 418 6907 5705 4330 422 7983 5634 5727 5759 8023 4542 8012 7999 3202 461 5834 4574 3258 6954 4351 1889 4575 1911 4429 480 487 473 1541 3271 5798 4275 269 1873 409 453 1544 3282 8057 1930 8020 4563 4279 1863 4399 4569 3290 518 381 5844 1954 7813 520 5868 1944 3069 1886 1912 6957 489 1742 6952 441 544 1971 5806 4607 3322 3317 4609 5534 134 3035 486 1803 577 1881 4308 1893 508 5795 4672 1866 6831 8002 1941 1997 7058 3359 4681 5862 5904 556 5902 581 4647 4719 4717 3404 8107 4626 4597 613 6958 571 5968 2091 4534 7933 2017 7088 2089 3410 1562 1882 7034 564 5969 650 3257 2033 7101 1558 6716 3440 5870 1567 3445 3367 3365 4792 5995 3425 5825 4811 2018 8200 1928 8135 3224 2201 8233 4741 7164 4799 2175 4673 4870 2136 7205 715 8097 3401 2223 6101 7184 8130 7230 3587 3426 8221 7084 5929 2256 3513 4770 2275 8252 727 3431 4821 8207 4677 4712 873 387 431 4716 8217 5801 5956 2159 2077 5973 1970 7207 708 2262 931 760 372 5865 469 2014 7309 3591 7188 3303 3388 7159 8204 8149 2286 4659 7328 3246 563 3430 3264 5020 2331 5752 3507 7342 2358 7078 6067 6235 7279 605 5818 6207 1003 3748 4606 5884 1973 485 1910 5934 4999 6210 5901 8275 636 8441 1048 8165 7407 541 2035 7356 4826 8083 1960 5075 1045 7404 4695 5935 8211 8008 3449 2364 1902 4545 3811 6171 785 444 5942 8156 6141 7438 6323 7320 2108 1102 1094 3295 2521 3827 6315 4933 1101 7392 8466 5155 4682 4997 4845 2505 3862 3845 5117 7479 6995 3377 4688 2424 7121 2002 5990 3879 2066 1129 8434 2316 8501 8110 6281 7490 1181 2518 1165 7499 2124 1192 1169 5211 1126 7507 6390 6359 5185 8515 3933 2626 2630 6422 3928 1336 2768 1301 5103 2553 2428 2573 3916 3208 7823 7112 2047 4904 3315 5529 3030 1598 6826 4556 6879 2712 6311 5859 3398 8249 6767 585 3219 1576 4992 4559 4735 987 4304 3354 829 4500 6054 5521 522 5964 1836 7036 1545 7176 519 3229
366 328 122 252 99 7908 4483 6235 8463 3966
367 7801 3102 6893 1146 2373 8335 122 252 5848 6962 8084 6831 4945 8002
368 116 5549 5607 5613 1670 4448 7908 1689 132 6703 122 3187 1843 7982 1850 1594 4398 1836 3198 5649 198 1778 1576 1840 7998 120 7983 4534 2995 7782 3258 3213 5821 483 1900 4563 3255 3168 145 3239 502 3261 4291 6995 484 4399 4607 7004 6779 5799 7014 3286 5881 7016 8002 3317 5634 1916 3252 491 506 5557 1959 6962 568 6831 3340 8073 5758 1953 5868 4610 8107 4643 2949 2947 5558 511 8112 3365 3400 3403 4717 623 605 4743 3387 6907 7094 7097 2104 2139 7127 5956 5913 3450 2036 2137 756 666 3556 7205 2192 3524 7064 3513 2168 3595 4904 8165 3305 5951 3591 759 3665 8017 654 680 585 5935 8345 3430 3532 4943 2373 5989 4806 4910 3570 5964 2411 3295 4673 4537 2202 5125 1020 3819 2294 3811 1092 1087 1086 2362 8463 2096 6066 760 3839 3862 2536 2427 3872 3626 1129 6353 5895 8305 6367 1160 8458 8484 2562 5103 8502 5183 3910 7455 3901 8506 7490 951 3915 2238 7507 2573 1218 8515 6441 8576 3997 1141 7572 2687 2710 2754 1300 6390 4275 2979 303 6682 5966 4500 3052 7785 170
374 4281 122 4338 6813 252 5607 1662 4309 2976 6790 6782 213 4308 1675 1795 5626 346 1733 189 4534 1846 442 1867 6939 1863 5812 1586 103 6688 431 6947 451 4275 2949 1558 5835 414 1742 6977 491 3254 7991 1854 4483 4563 6964 1892 5844 1942 5770 8009 8016 541 3317 8065 3305 1916 5721 466 522 1966 5888 571 5713 3353 4623 3321 4664 635 255 3359 5952 2029 1972 660 8090 2133 2111 1898 6072 409 5928 503 4727 4878 2168 8177 3463 2158 1784 8092 6117 4926 3378 8341 2373 3684 3748 8442 4794 7404 3728 8436 7094 8159 5125 1086 5155 3856 7320 5159 630 751 3477 1160 2560 1141 8501 4963 2572 3910 2576 3444 3930 6000 7507 5220 2710 2768 8227 4785 3287 486 4715 4314 4725 5526 6904
376 6776 4447 6831 7908 3102 312 7945 182 347 6920 1742 122 5758 7998 4534 8002 396 423 1867 8016 6967 3241 6925 252 4483 6964 6974 4592 207 6782 429 5855 528 5874 1916 7015 6962 491 3317 5848 566 4683 3327 1933 2034 545 4589 3392 4767 4755 5999 8177 7183 7093 3405 5705 2096 1781 4811 8020 2131 619 4714 6878 3367 760 7122 8084 1893 5945 7230 3593 8146 6003 2281 6007 3264 2294 8087 511 6209 8179 1965 478 8412 530 3507 2182 479 8439 461 7408 6921 5087 2441 8238 5125 3488 5142 3832 5153 3857 2521 5161 5169 7471 5165 6362 3888 6367 8466 7086 5206 5213 3915 1201 3911 8576 8580
380 7839 1662 7883 3053 6813 145 7917 288 7933 7936 341 346 6881 1578 3150 6870 5769 4271 3198 5759 4534 7991 7993 8002 3213 4448 5790 4526 8026 1878 6962 5834 1911 487 372 469 4587 4593 506 1916 5526 4597 5848 4547 7818 7785 6744 4291 7812 116 210 1930 1562 1843 1586 5686 3297 4399 5557 132 252 491 5869 1784 1948 1932 8048 5874 5881 4585 3322 4611 5870 4651 7042 4643 3328 3317 5772 4652 8085 4679 8107 2032 2039 2037 4708 2033 3392 3373 2018 632 3282 8145 631 3405 8149 5956 3444 5966 7087 4762 503 2118 5904 4763 4767 4792 7112 5988 4809 666 4571 798 7222 848 7213 7259 6090 719 7212 4943 3560 8174 7242 7283 900 3487 5007 3686 8275 2364 2373 5024 6235 2319 7074 2136 8223 3631 1010 2293 3807 4945 5083 3811 6322 3832 1057 6215 5142 5125 1107 6323 6265 2424 7264 5150 8162 3839 4578 8469 3854 6336 3862 3443 5161 5170 2535 5164 2443 8314 6341 6311 2510 3865 5166 6209 7475 7479 5174 8335 1151 3879 2111 2015 1072 2534 3888 3895 5189 5190 1168 1170 2486 8502 2562 1129 1169 7480 8503 3820 3885 3912 2572 5204 3890 1157 3911 7491 3684 5199 1186 2584 3916 7507 3944 2606 7525 7543 3966 6422 2624 6390 8576 4912 5221 4001 3837 981 1301 1300 6474 8590 7594 2708 7599 2750 1361 1153 4104 4095 2670 2722 2687 3933 2782 472 6000 3252 7151 5951 7490 6101 4135 454 1146 1861 4785 2243 5961 1181 3548 8466 8144 2341 3401 1135 5935 5181 1141 549 4655 2131 2265
382 2949 3053 197 6831 6698 7812 5772 4534 3050 6962 491 6782 3317 4743 7088 2077 7162 8335 6235 3811 1086 4945 3862 2572 7507 2562
386 1562 252 6703 6782 3050 5790 5769 1850 5795 1742 1843 3213 3069 421 4311 7785 170 103 7801 5607 134 3053 138 5634 491 7812 5557 5613 6711 417 5649 506 1916 122 520 8017 5721 4330 458 523 3305 8107 8084 8136 5848 7059 4792 7153 6730 760 2215 4535 1911 3392 2137 7188 2373 3839 5125 8335 3317 4945 2572 8505 2568 7507 6235 1086
387 6813 6831 1742 4534 6962 122 6782 491 506 3317 3392 3387 5125 1086 6347
388 5557 6782 1748 6831 5693 1742 6703 7976 1781 4534 1878 6962 3053 3254 122 8002 491 3069 511 534 1916 5859 3349 3392 5928 417 7093 650 666 2104 5989 566 2136 2131 5919 3524 8107 3378 4837 4862 7217 8220 3276 3595 4679 4945 3305 3487 8101 8199 3664 8221 3387 6235 8130 3482 1988 3686 4955 6936 8322 4762 2485 5114 1105 5170 5124 1082 3839 5125 3911 2545 6321 2580 7497 6390 5212 3930 7507 2593 1273 8590 7572 6474 7594 2708 7590 2560 6511 6515
389 5557 6813 252 6831 6720 4483 6782 4534 6962 491 4399 5804 122 694 8335 5125 7507
391 4309 1576 5580 1671 6782 3034 5607 6813 6790 3073 3064 6767 7890 5545 4317 1612 6824 3071 1586 252 7955 6730 1742 197 6831 380 7812 5523 7980 4274 1843 5772 4504 4528 5721 3205 8005 5795 1778 5797 6909 1830 417 453 324 1562 137 2949 6789 7782 1598 5634 351 1587 4535 122 6968 1923 8002 491 5848 511 4399 4610 1886 1916 4536 503 1971 4661 7058 2029 616 7059 8084 613 7088 7097 3317 3425 4624 2109 8136 5989 8147 4829 2035 2175 8111 8245 2137 770 3529 5971 3609 4945 4534 6206 3589 8221 4943 7328 8335 6039 7108 4767 6235 2398 760 5990 2373 3811 6156 2182 4785 7438 1072 3295 3839 2521 1113 7162 8466 6054 2534 6000 5169 2424 2562 5966 2584 1184 7507 8515 1213 1218 6511 8645
399 5634 4317 3098 7955 2949 7785 1742 8002 3213 4330 8023 491 1887 103 1562 4311 1748 3050 6782 6730 5848 4399 520 4634 1916 572 8110 3392 3317 5929 2096 5649 3425 2137 7153 4829 2373 3748 5125 3839 1086 2521 7402 2572 1750 2089 3279 8078
401 1586 134 6703 2957 7801 4392 6790 182 5607 202 4343 6741 6784 5572 4330 6779 210 5557 3053 3037 198 252 239 6793 1784 316 6884 335 4490 323 1804 5743 4275 2949 7803 1541 6934 5706 265 4520 5535 2940 2963 441 7999 437 8020 3208 3212 455 8026 5819 120 1889 3231 7837 85 480 5837 6968 1863 499 3292 483 3206 6990 5803 369 3300 1964 4351 7016 1923 1932 3318 1970 3050 1971 1972 1973 466 1997 7995 5853 7022 3252 1933 3353 3359 3317 114 4691 505 3371 6718 6995 3321 556 6976 4677 4678 4657 8110 5804 614 5795 5868 116 3269 7983 5766 2052 7058 585 4624 1906 4629 4715 605 4659 5952 2076 6987 5797 5870 7088 7093 7063 8145 5848 5979 8149 4771 8107 3378 5989 8130 5982 700 3373 7127 3331 595 7086 3443 8163 5834 2137 7153 7140 7183 3303 5964 5847 8097 2018 618 7178 3450 5911 756 4837 5985 4767 8216 7203 5759 2072 8101 8129 3392 5981 537 1742 2158 511 2077 2205 6072 3479 3309 7945 6013 4719 649 3524 4710 4708 6962 8017 3482 8165 6006 6007 7181 746 4664 616 2168 1928 2198 6039 6082 4943 7212 6185 8275 8111 6113 3631 4910 4806 571 4904 515 6055 8153 5790 7159 8313 841 3591 2108 6206 667 6166 3683 6964 8245 6030 8177 933 3387 2117 5996 7283 2175 1975 8236 3626 3474 2364 7328 2125 7188 8355 8211 8252 1908 7078 7091 3709 4825 7345 7025 4601 421 1846 2341 4610 981 7356 888 2373 1072 6210 5114 3327 3601 3787 2037 2490 7407 5083 5103 4794 7174 7404 1045 1105 5060 6323 1083 2398 8474 8436 1107 3839 6311 6209 3811 8473 6294 3636 1101 2443 2483 8466 2061 8481 3684 3833 3819 5161 3872 5170 4845 7458 5172 7471 6332 5178 8397 2544 2549 1086 5184 3879 1126 8314 1144 2015 1135 3487 1146 1129 3888 6344 6359 1170 6362 2562 8500 5169 2154 5197 1174 2572 5204 6322 3911 5199 8503 1181 3916 3915 2243 1184 6235 1196 2584 2580 1186 7507 3933 1165 5221 6402 2606 5001 8580 2611 7491 4001 4912 1300 3928 2687 8590 2624 6474 1336 4061 2708 7572 2750 8645 5356 4135 3901 1836 1778 8335 956 2712 6054 4761 430 1558 4775 7149 454 7036 8136 5798 145 4537 3477 5636 2947 2202 8221 5193 5990
403 3021 1689 5686 4322 6831 292 4483 1742 408 4534 5721 5536 122 6718 94 4513 6963 4570 8049 4548 189 6962 2026 4589 5870 533 3477 2035 2089 4862 8174 1873 5825 6976 3379 2136 269 5797 7831 8007 3393 4878 6000 3717 6255 7178 5960 8220 8130 1098 1072 1092 5153 1112 7468 1086 5125 7458 5124 5178 5184 7489 8506 2572 7500 2585 3911 1201 7507 6402 4001 6511 4061 8640 4104
409 3176 4534 6881 6962 1742 4708 615 8017 2123 8355 5125 7507 1301
410 122 5557 2976 5626 1646 6782 6831 168 5634 4311 3069 3237 5632 5795 6962 1907 3238 8026 3053 7801 3213 5613 4500 1775 5541 2949 506 4559 252 6957 491 5848 511 4476 484 3202 7908 1901 7945 4399 7999 6771 1943 5869 4542 520 4546 8053 486 4447 4535 8005 3317 7014 571 8084 522 3349 7033 5837 4537 602 8110 8107 5772 2005 3392 4708 4699 3379 2057 5902 4534 4743 5804 4829 6066 7205 801 7159 8116 6082 3513 6171 7264 2262 3595 6166 3560 3570 7093 4624 7995 3588 931 7328 2364 4963 4775 4943 5007 5024 4870 7279 987 8314 673 3684 6113 2489 485 6206 1053 1086 8466 5125 5170 6344 1146 5990 6294 2381 2562 8335 3911 5966 2581 5211 7490 2584 3933 7507 1213 7572 1784
416 4343 170 4328 2969 3050 5557 5649 1666 6782 138 145 236 6730 252 1689 1670 4442 198 4447 5706 7908 4476 3053 324 3168 5521 1843 7896 4534 7976 417 6943 3213 5799 4274 303 1830 1775 5626 6962 7785 3258 7999 1911 5839 4563 5830 506 511 4549 520 4610 4607 3220 486 4535 543 491 1784 1916 7016 8017 3317 7019 1971 8034 1943 5721 1972 120 7033 7801 6703 6771 122 4666 4661 3313 4311 3340 3359 265 505 3176 2033 4687 5772 4708 5900 5952 4725 5936 3373 5970 545 3035 8145 8144 3440 2104 631 4771 3435 8155 197 7058 8166 2152 2020 5986 8107 756 7203 2168 4821 3513 6013 2139 2236 7176 4811 3595 6039 801 3392 1988 605 8345 3517 2018 8165 4870 7328 563 7084 5024 7059 4643 3709 981 7174 3357 573 4712 6953 7300 607 785 6995 7212 7151 5083 6206 661 2489 4910 1072 717 2364 7091 6325 2137 3819 582 7404 8474 1105 5106 1087 3839 5124 4704 8466 7092 7458 6347 3811 3827 6362 2135 3597 6367 3862 5169 2553 6101 8501 3858 5001 2373 3448 7188 7490 2572 3911 8503 951 3915 2568 3446 2581 6235 3901 3524 5212 2585 1184 8111 5966 6390 2584 7507 6374 3893 1146 3969 1086 2624 1262 1300 4867 8590 2708 2712 4291 6345 455 3570 7782 2215 7803
421 122 6782 5634 1748 1568 99 4483 5795 1846 5804 4534 170 3030 5557 6831 3261 6962 1911 3239 491 1916 252 7017 506 3317 8084 5890 530 585 1959 511 8002 8107 3392 4708 2078 8136 2133 5989 2104 4799 7153 2168 8200 3524 3595 4910 6206 7188 3487 2364 2373 5769 6235 6210 421 2381 6101 5125 7094 1105 2492 2495 8463 1086 3862 5161 1111 6353 3888 6359 2088 7490 4704 2572 8466 3911 2581 1184 2580 7507 1218 1213 8576 4001 4061 2754 4304 210 265 4777 5521 4330
427 2992 134 6813 2959 252 324 1547 1830 6782 373 6789 6679 6967 3206 372 1916 8002 491 229 5689 5607 1646 239 5557 7926 1992 3392 5806 3231 613 2109 4757 2137 5989 8321 1092 1086 8466 5125 6235 1213 2649 4001 7572 2754
428 2969 1658 4370 6736 6796 7852 1583 7803 252 5636 6831 6881 3055 3138 1742 4483 6782 5721 502 491 122 6962 4288 6995 1873 2005 4484 605 2035 632 581 3419 7030 4351 6963 5881 572 6961 4721 3376 4771 673 8163 1992 3439 6006 2061 4785 3524 7181 2217 7212 4878 2236 6185 3595 7188 7313 4963 8224 4845 7054 1921 2162 3684 2414 1019 3548 5114 4781 2118 4770 2031 3818 6306 6281 5125 8434 1086 3839 2117 2521 3823 6000 5161 3862 5178 7453 2545 8217 2541 7478 1135 6209 1129 6362 4945 5124 5189 3896 7066 1160 2553 2485 3852 3904 1171 7480 829 2562 1169 8503 8500 3901 2208 3858 2293 2548 1174 2568 8293 2572 5204 1184 1186 2580 8238 1191 718 1196 2584 8515 5169 7507 7525 6402 7497 1213 3966 8576 2687 1262 7572 8590 2708 3086 303
430 4483 122 4534 8002 6782 5125 8335 6235 7507 4135 848 2341 6990 485 5181 2135 987 2002 4400 5356 7058
432 121 3007 7813 6705 6736 3053 3045 215 252 255 6782 7908 7907 3112 7880 4439 6753 5706 1676 343 3150 1671 5678 2949 396 5527 7980 437 8013 5532 434 3226 3208 3221 106 3211 7782 1883 4546 6884 1907 1545 1770 6878 5659 8002 3253 431 3261 5821 3122 7871 3282 5632 4568 4597 512 1781 4564 5879 527 8019 1953 1935 111 2963 7870 1587 107 4292 6698 1973 8107 5870 2035 1893 3392 3417 2065 4726 5944 2085 7094 4752 3425 7003 6831 3450 491 1987 2120 3465 3322 2013 7114 2126 3445 3292 1974 197 3354 2157 762 2202 8224 2234 8249 7164 7212 2344 2364 8396 3588 7320 7283 4865 3595 3626 7342 645 2373 968 6666 2220 1086 8159 2489 7409 3839 1105 1102 2486 1129 2276 6351 5981 3862 661 1122 1149 3880 3858 1146 4826 6359 770 8473 4730 1169 3911 2572 3487 3888 3916 7188 5199 1184 7507 6235 1213 6422 2649 4001 7572 8590 4061 8221 2750 4104 2754 5173 8645 8345 4135 4945 421 6206 3069
435 1742 6963 7017 5141 7507 7525 2606 1207 1086 252 4534 4483 491 3392 6831 3317 122
442 122 5557 170 138 6782 252 6831 315 4463 7976 4483 7982 1742 1846 3069 4534 5795 4537 4279 1887 8002 1911 3231 6720 491 6962 5816 5807 1768 492 3256 3241 472 5848 3297 4399 1916 7008 4542 3317 3322 1980 8084 568 5634 4687 4708 3392 7039 5820 3440 5734 2133 2137 3487 2178 8144 4829 3524 7193 8233 7233 732 4584 8264 7029 2260 588 2150 5007 2168 6235 2373 2408 4945 5125 6162 1105 1086 3839 5155 2139 8236 2572 5204 8335 1201 7507 2593 6402 3966 6422 4001 5181 6363 7796 1181 6264
445 6782 5613 189 292 1784 132 1742 4483 3176 4534 8002 6962 4560 491 6975 252 1916 506 4548 3317 8084 618 8165 680 6235 8474 5125 3752 3930 8335 7507 1086 8576 2750 2768 8093
446 5545 5548 138 5570 5557 7801 6744 7863 1669 5572 207 188 3049 1576 6790 6796 215 3045 6782 1701 3053 7882 4413 6779 213 235 4407 7880 7917 1750 4430 7908 4400 7936 321 119 280 7945 1771 106 353 7934 6870 1612 5755 6907 1825 1594 3187 5769 4504 1786 5772 3190 3198 6934 2963 103 6703 6698 1846 5526 8003 5790 7999 1545 8026 1866 6752 5800 4283 1858 3233 4549 4559 3239 6967 3241 1878 4575 475 479 245 4583 6962 3069 5714 502 506 3251 6953 493 3289 168 6993 1932 1937 518 1947 1886 6995 1944 7004 466 500 478 5869 5865 8065 8070 7014 548 5879 1964 7983 4623 7022 482 4643 4581 1880 563 5885 7028 5795 4641 1999 1979 3342 3259 3357 530 3325 8094 116 2976 4311 585 4304 4686 2970 101 7051 1593 4708 3365 1910 3414 2957 8111 5952 3422 7009 649 7818 3423 2089 3432 5926 3394 2109 615 7101 3378 4716 4741 3442 2016 8124 3373 5856 8156 3328 8163 2137 5868 6930 5900 4785 3439 710 6013 3391 6048 4809 2205 8226 7181 4673 2068 638 3451 7026 3105 4777 4811 3542 2256 3587 4781 6113 6059 3448 8184 440 8200 2238 872 3553 4948 661 4933 656 7174 8242 6011 3430 3560 4825 2252 6012 6185 3465 3261 7159 3588 2170 1992 425 3264 3683 5007 2293 4607 908 6235 7030 3718 549 8238 5888 8368 764 3281 968 4943 5020 582 8441 8341 5083 4652 718 835 8436 7064 2171 5986 8314 3367 5110 7430 2015 6314 2489 780 3813 7136 1072 7151 2047 1083 4867 6311 4945 6325 5142 1107 8474 2513 1085 2525 5060 7409 3856 5125 3839 6294 3401 2544 2547 7158 2538 2539 1146 1149 2164 7458 1151 3819 8091 3890 1160 1162 1145 1170 1168 2562 2535 7483 4794 5170 3911 3912 6101 5205 7499 2580 2584 5001 7092 7507 7213 6402 2626 3966 1258 7552 981 1273 2492 1285 1262 2671 4001 7576 2553 5298 1304 2712 4061 3775 3909 3296 680 1598 5648 2545 5938 5966
447 1562 4317 5549 170 5613 6771 4311 7801 3049 122 6782 211 3053 1748 5557 138 6793 5607 3062 298 4463 3138 2976 1767 1784 5636 1771 252 387 4528 4520 5769 6831 8002 6939 6748 422 265 5798 7976 3069 1775 1878 472 480 4563 8034 6964 1857 504 511 4534 360 6962 7782 1901 3286 4399 1541 1959 116 2944 493 4483 6703 7016 4637 5759 3314 4531 4291 572 8074 5799 4624 453 2002 4661 4281 1916 3317 4673 8110 1979 4351 4330 2029 7058 5853 8136 573 3035 2068 3340 3440 3401 8148 4771 8163 2133 6001 5956 7084 4792 8084 4829 7183 5795 5900 3211 3524 8200 6066 7153 4811 2202 6072 7908 3228 3448 5572 5626 8221 3513 4878 760 4652 1887 7140 491 6101 2281 3572 6779 616 4870 2052 6117 7212 3487 2168 506 931 3646 8345 6206 2364 2373 3378 2358 4943 2005 3321 981 5895 605 3684 4704 8368 458 2414 7356 4677 6953 8468 2381 1086 4794 3530 7088 8474 5124 8090 3295 4610 2256 3529 2513 2510 6345 8466 3807 8335 6000 5173 5178 5179 6367 1157 2568 8501 2572 8503 5211 2584 2583 2580 4912 6235 3933 7507 7350 2606 1213 2649 1300 4061 2750 7945 613 497 3278 145 197 1742
448 252 5686 4401 4483 4534 6782 1744 6831 5826 6954 5769 122 3053 506 5848 3219 81 3295 3317 8078 1916 2032 8110 608 3392 3417 2078 515 8136 694 5982 5999 4785 2137 4829 4723 5935 8152 735 3524 7174 2207 5943 8221 2260 3618 7328 8275 2331 7309 7188 736 8381 2373 3754 5087 6264 8441 960 4843 3811 5106 5125 1094 1105 6206 3862 3839 1146 2562 5197 2572 6235 3911 1192 1086 8335 8469 2593 8466 3900 1201 2626 8501 1213 2649 3975 4001 2670 7572 4104 2782 6374 5159 5956 6961
452 170 6782 5634 7917 4484 6831 5795 5557 252 1742 122 5772 491 6962 3295 3317 7801 6703 5527 7803 2052 4811 543 5125 7507
457 2979 4430 4483 3205 1695 4520 348 3221 4534 8031 6962 4549 491 1916 8002 3317 3306 3359 608 4652 4708 3392 2066 646 4763 2119 6010 7153 3587 595 888 1105 3813 5125 2490 908 6369 3911 5199 2572 8335 6235 1157 6474 2768 8136
460 182 3053 3062 6793 252 3098 312 7955 4483 3058 5557 6718 1587 1558 1586 1608 6881 3205 7801 7991 148 6925 402 417 5799 5766 8003 6703 8002 4546 6790 8009 5795 5804 3226 8026 3213 5821 6968 4535 5762 7936 6964 5769 4601 211 4281 1937 85 351 3290 1933 3176 520 4607 259 4563 269 3317 1908 4399 4568 8084 522 4585 2005 4639 5714 3222 4683 574 1843 3353 5809 509 1890 6979 1943 1972 4629 4694 3392 605 4715 8145 7094 665 5939 8005 5982 4771 3427 581 4732 715 2137 2168 2077 2111 2018 8165 4712 8221 458 3365 6011 709 6059 2136 6150 7212 2223 3597 3517 3328 3378 1919 4767 7188 5986 4653 6117 7328 563 2215 3729 4948 2066 3455 5087 8054 5125 1086 1105 6341 8466 5853 3340 7404 6210 3853 5161 1146 2489 6363 6353 1087 7480 8335 3888 3911 3820 1098 1122 3818 7507 6390 5141 5221 1201 7525 6402 3893 5124 5232 2649 6113 8590 7572 6474 1301 2712 3915 2750 2754 3300 3440 565 486 4463 585 5834 485 4322 4549 2131
461 6782 252 5557 4483 4534 122 491 6962 466 1886 4623 7983 8078 3317 6755 4672 4666 7936 8084 630 3035 8136 2029 3353 694 697 3425 7127 7029 594 4601 5964 2158 1771 3587 6150 3392 960 6255 4943 829 6117 1086 4945 6363 1186 1196 2590 7507 5341
463 4309 6831 1689 122 6711 4483 1742 7976 1594 5772 417 4534 8002 8017 5607 7785 6962 491 4399 520 1947 8084 4673 3317 1916 602 7058 3392 1959 635 8136 5869 8145 3305 4677 2136 7153 4811 6066 4792 770 6101 4912 8335 3595 2373 4865 7162 5083 5125 1105 1086 6359 2572 1186 5205 3911 1169 7507 1213 8590
465 4319 148 2979 5549 114 1616 6682 5580 3021 1646 6776 7877 3036 6782 137 7876 202 215 228 1677 6790 1637 5654 236 6813 3086 6796 4447 4437 4432 6755 1676 138 5689 4309 6723 5711 4463 165 3138 303 4398 321 197 5704 4469 3122 7945 4439 7936 312 6885 3150 1771 4483 7908 1825 269 5759 108 6904 3173 313 7976 7927 7813 7791 2944 1541 3198 381 7801 3169 281 1839 4274 1843 6929 6698 101 2970 7982 4508 7812 6937 7785 1778 3202 7990 5687 168 7991 411 1872 5790 3225 4516 386 3053 430 7999 5769 3052 3220 8002 8023 4549 8007 402 1879 245 1875 5819 5807 3234 4544 120 1562 4552 4558 1830 8016 5795 1742 8034 5831 5799 1890 8029 461 1907 1911 8045 6974 4565 453 3181 3232 6964 5762 1916 506 489 1914 5705 502 5529 4597 4545 8019 3269 1901 3292 476 469 3283 7004 5848 3280 5855 8042 4605 6989 475 5805 4587 4560 1895 483 1908 4520 5851 4399 3276 8064 4607 534 1948 527 4594 524 3299 1928 1945 1910 5823 3294 8065 3310 5862 8070 554 3318 1973 551 556 4640 3317 4641 8073 523 4311 5557 1583 7818 122 1980 7022 3322 1902 535 574 1967 5891 4615 7013 7009 1990 1971 4639 1972 4314 568 442 552 566 565 6711 3348 3224 491 7048 4652 8093 548 4685 6968 1923 2005 4653 4664 3327 571 2020 604 5914 5766 3306 5870 5868 5885 582 7054 3252 5897 4688 8107 3389 4637 2013 1984 4697 7026 5860 2036 4699 6980 3381 577 3404 3387 4686 4719 3417 635 581 8120 4596 7063 121 618 5626 2078 5798 4708 642 2077 610 3377 2066 8133 4738 649 1943 2091 7058 636 5950 5895 2055 613 8136 7082 4732 3426 7055 576 3427 8145 553 5975 4755 2056 4613 7113 5966 5960 5954 673 5943 440 2130 8156 4725 7127 2133 2136 3465 5996 8062 4734 5981 3211 5982 7071 8170 646 8017 7130 2001 707 8050 2035 6013 1987 2017 5901 8111 8039 6003 3370 5936 6028 8155 4794 7136 8184 2070 3443 8003 6032 700 539 2117 3418 8205 3511 3519 8147 2168 2205 7178 756 7181 2155 708 4837 3524 4781 5973 3375 792 3468 6066 2192 8211 6058 1997 762 425 3388 5994 664 3549 5990 5832 7164 4777 3413 7217 3571 8236 522 7222 3430 2173 8220 3431 3556 8249 6030 3513 8169 3517 733 3391 2015 732 8221 7030 3561 8237 2154 3603 2182 4795 3553 603 2158 3528 6067 2276 2236 3479 2199 2281 3401 616 6054 7104 6953 3630 661 826 4948 4873 3609 465 8245 743 6185 3560 6166 5988 2198 2252 3626 900 7283 4716 5892 4959 6167 6158 5964 7121 8252 4712 6171 3599 2215 931 6183 873 4865 7151 6006 8335 3686 7328 943 787 2238 955 858 4780 958 8363 3658 971 2358 2362 8360 3709 6049 2125 3601 940 2328 2373 6219 8393 6240 3353 4629 5985 1003 8396 3748 5928 6215 3495 3684 4676 7060 4785 2419 2414 8439 7402 3777 3604 7404 674 683 1064 987 2264 2474 5110 1067 5114 5032 7420 3728 876 2486 1072 2489 3811 5115 898 1057 7449 1912 8397 7279 6325 3765 4867 5106 3827 8468 5142 1086 7094 6329 6322 5103 3836 7036 3826 2416 1105 8242 6255 2520 5148 6337 2235 3820 8223 2524 8088 3833 5124 3813 3819 1112 2381 6332 3853 8144 3857 1102 1123 5161 1083 3855 6338 1104 1130 6347 5170 8434 2532 7128 3859 5125 7470 3589 5178 6341 2534 3858 6349 7480 1078 6361 6351 2547 5086 1147 3839 7484 1144 2558 2555 5189 1157 3888 5163 8500 7462 6367 1100 8484 3897 7487 2562 3887 3896 5179 2539 963 3886 6344 3901 5199 1168 7492 2563 5204 2572 3911 3912 8498 1115 1177 3653 7489 951 2573 8481 7497 3916 1191 6374 6390 5211 6235 6386 1176 5212 2585 6314 8515 3930 3907 3933 8501 3666 1187 5141 5220 1213 6402 1094 5221 3962 6422 5232 3909 3955 1206 6441 3808 1285 1273 2680 7576 8590 7572 1301 8576 6470 2708 5298 7590 2649 2687 4061 1344 2754 8640 2782 5364 6539 3037 3415 6206 6940 7188 7775 1114 8091 1016 3863 8005 2586 7066 4343 4556 2086 2160 709 3460 2095 6082 6943 3398 3636 1196 5632 4611 2495 8092 7350
466 148 170 1629 5557 1671 7885 7823 255 4407 1670 4322 5519 6755 1547 213 4286 1697 6723 7908 6831 6682 211 3138 4439 6782 4466 4373 347 7955 4291 1676 343 6870 6907 373 4500 1822 5634 6925 5772 7970 429 369 122 1867 256 107 6705 85 5535 7883 6703 1586 5812 376 1742 3255 1887 1677 1886 3254 1866 472 4447 1911 8049 473 6962 5810 3273 7802 467 3280 499 8057 3050 4608 520 5874 8007 430 518 490 5878 5521 7022 1803 4651 4663 581 5790 3314 4536 7042 4568 7032 4659 252 2029 607 608 7028 4667 3313 582 4647 5769 7048 5737 642 2085 5873 4577 5947 4582 618 4699 2083 1583 3365 5879 5830 435 3443 4575 2036 4657 2045 7109 2130 5913 7098 5815 2118 529 4771 1965 2131 626 3367 4633 694 6003 6000 707 3439 2151 4811 5935 6030 8205 6054 6035 3486 6012 8200 3290 6072 6101 2135 746 3418 8224 2182 3388 762 3513 728 6151 696 4673 3306 6168 3591 8165 4948 835 4694 3487 5895 2096 563 3321 3626 3666 4780 4878 2052 971 7342 4843 3729 8442 8275 7437 1048 1072 6281 2487 3811 8468 6306 7447 6305 2381 1087 4992 2513 6105 2035 3832 2424 3862 6338 6345 8335 6341 1128 8434 2547 2047 5173 6325 3879 3657 2014 1151 1960 6049 3883 6311 3810 8144 8491 1160 1153 3880 5114 7165 2271 1113 1169 3887 1174 5164 4904 1067 3911 5032 874 2568 1144 7320 6367 657 1191 2583 6390 3895 7507 6399 8492 2558 5141 1086 2606 7489 7543 6422 6402 2649 956 5255 2624 8580 1310 2708 2709 2754 4135 3460 876 6209 6360 486
470 6703 4399 6782 5557 3053 252 1742 7978 6831 8002 4534 1887 1905 491 5804 506 5848 1916 3317 8084 3392 3444 2137 7153 3532 2373 1086 4945 3295 8335 5125
473 5557 6831 1676 5659 6703 396 8002 5804 6962 491 252 1916 506 1886 297 8084 511 6869 515 4330 8094 7055 1910 2035 2066 2137 7153 3477 6235 6007 8439 2398 5982 7407 3811 6323 5125 1105 1086 3862 5063 2572 2576 7507 4001 4867 6012 2712 2722 2750 6511 5315 4061 1344 2073 140 6943 8223 3736 2047 7953 3458 939 7051 7804 5935 1145 8091 5840 798 7036 4275 111 2129 493 4687 3460 2069 6015 3594 6996 3007 3347 3221 2031
474 5580 6716 1556 5520 7807 7802 7883 5541 4288 5540 1568 5613 6741 3066 4341 217 7898 5537 4283 4328 5545 220 4407 7803 4275 6688 5689 2990 2963 1761 1629 4327 5549 5559 7922 1587 292 5551 4362 7880 4319 1695 1735 7791 239 7910 3112 1567 1710 298 315 4466 7839 4437 3030 7782 1804 236 4413 1767 7775 7941 5527 2959 346 5558 4442 1701 5504 4448 1628 4281 202 229 7908 3040 1822 4278 279 170 1812 6689 120 1724 4370 1558 5576 5607 2976 259 7980 7978 6873 4322 6744 387 396 6910 2969 211 1647 1738 3064 7877 6748 400 1744 223 1637 4493 3169 210 5742 324 1846 7804 1547 100 3173 7790 4465 1839 6789 3205 138 4514 348 1670 3088 5519 7904 1770 3069 280 122 2980 1576 115 5713 6718 114 8002 5727 4537 411 3190 6682 4279 1836 265 1850 3221 1771 1748 423 5811 7981 7801 1578 6767 4552 343 4534 6959 1863 6711 5824 4559 5772 1646 4343 7785 8025 5720 3220 8019 5835 3252 435 2943 5818 7882 3258 5741 380 6962 5533 1889 5648 439 6736 116 7933 5806 3250 4571 3187 8007 4575 6925 4569 1581 7822 7927 7896 6961 1905 6730 3279 451 487 3214 3239 201 436 188 7796 1918 4584 3273 1872 1875 4296 8043 502 456 235 4563 1887 6782 4558 5847 3257 3212 1906 4551 1923 1937 3280 4399 3283 3287 4592 4581 5523 5809 6934 3264 515 6993 5839 1944 5678 500 8057 1933 482 5596 5851 531 6995 1843 4546 5853 8012 368 461 3260 443 1975 4633 1938 3303 408 4641 1966 360 8008 4649 7032 1990 3261 522 6693 1946 1903 7000 6946 1997 7028 1960 1928 3053 4683 4686 3295 581 4647 595 3290 7999 5885 4681 450 7045 4606 4685 4314 539 3011 1988 2032 3336 4610 511 8110 594 614 4528 2006 574 7029 1910 3350 8112 535 5859 6981 566 568 4625 6978 5927 3396 3390 3325 5934 2051 7051 8124 5896 5928 5721 4726 3314 4720 5945 4689 5856 7087 3419 5926 3393 5969 5966 2077 5923 643 610 3425 639 4678 5834 2045 516 558 490 5982 3410 4763 4596 7109 662 634 2129 663 673 3417 197 7086 5904 1965 3450 7014 699 3423 2005 2131 3317 8050 576 5964 7983 2136 608 3378 4736 2047 453 605 3404 4723 4792 3446 4664 8179 5973 2137 4653 7193 635 6048 3293 2055 2175 3319 3526 6058 1914 5996 3548 8249 3556 2168 3176 5654 6113 7162 4870 3587 2223 2275 2260 8245 534 8233 6035 848 667 8211 3391 6108 4654 760 7082 1987 8184 867 4948 4865 3444 414 3595 4775 3664 3657 4849 7104 814 3431 3553 7328 3570 6206 2358 2170 8094 3591 6191 5990 7136 900 430 965 5024 3748 4777 4764 3709 2444 3476 1038 7341 7312 2234 2418 6186 3666 4997 2364 8452 2489 2428 7420 5082 4749 1048 7449 898 1067 7450 6324 6323 7094 6316 1105 2362 5088 6265 3839 6311 3823 719 3855 5101 7430 1081 2171 6345 5155 5161 2539 3872 1082 2545 1074 8472 2490 1162 8451 1072 3888 1172 2558 1157 2562 1166 2373 8503 2569 1177 3861 1181 1184 7499 8499 3915 5199 3916 5212 1186 3930 4943 7507 8484 3658 5141 1207 2424 6402 1212 3904 3928 8576 2680 2708 8613 2750 6515 4095 6879 6813 134
485 137 4309 3064 6813 3073 7877 7894 7791 1710 1598 1676 252 236 303 6831 5520 346 279 5772 4534 4483 3213 1863 5795 5759 1778 5803 8009 1878 8007 3250 435 458 6782 491 3228 6698 1889 2940 1825 7870 6922 1578 3239 437 4296 1916 4442 6789 3092 1744 502 5847 3212 6981 1781 6904 478 3297 513 256 4398 520 3286 1742 4288 8019 8048 7837 1935 3340 6975 2005 4641 3310 5906 4673 7055 3392 8106 7058 5900 1941 8120 3381 6937 4629 6873 456 1854 4710 4724 490 4585 535 3229 2047 2029 7048 4771 7127 122 616 8101 5989 8155 3435 5982 5964 8163 1910 2136 2164 6032 2108 7140 4725 7092 7155 3513 7222 2039 708 2105 2170 4948 3302 3445 1724 3482 7240 6171 1902 4565 7029 6918 3418 6930 3102 3240 5923 8087 611 4582 508 3224 4821 867 7300 3187 4596 7159 2017 7986 444 2120 321 3357 3176 848 638 2192 3618 3561 4542 6869 8211 6082 8174 3664 6921 6150 8355 7015 7328 5020 5891 6936 2364 3601 3426 7213 6210 3430 8329 2408 7345 3569 6925 2265 1003 876 841 8393 3394 981 3748 8396 6219 8159 7279 619 5032 2199 2414 8345 6939 7115 1031 3787 8439 7283 7341 7312 3754 5038 3783 2171 8160 2428 2424 5968 630 798 2223 7220 6323 8463 1086 1093 1055 5153 1112 785 8335 7458 8475 1102 6317 1146 753 987 5161 3902 3819 829 2562 8502 5163 7447 5124 7460 3901 3911 3907 3912 1170 3896 1168 951 2581 2584 1201 6387 7507 3933 6402 1213 4001 1300 2754 4610 7490
488 5557 6782 252 5686 4483 6831 380 1742 4534 8002 5804 1911 3053 6703 170 122 491 1923 1916 506 6962 4399 5848 8084 3317 4652 4685 7013 3392 3306 605 8136 535 7108 2133 5996 2120 2129 663 697 2137 5873 7041 4799 715 4792 2039 707 3410 4780 8170 8017 2162 4809 4837 4829 6066 2234 8221 3594 3654 7328 792 2260 7342 3604 971 974 695 5125 3839 4945 1086 7507 5315
490 1562 3011 148 5613 6831 6818 6907 4483 368 5557 1771 6703 6963 6962 6968 3232 8002 3256 1923 491 506 1959 252 6826 1742 4399 3053 4504 1943 1803 3314 4633 581 4535 3336 1893 3359 3392 5927 2072 3429 5950 4799 2094 6028 8060 2151 7153 604 592 189 7193 563 4768 5862 8233 595 4945 2215 6981 6235 435 4809 7212 3435 2414 2328 6219 3529 2400 485 1057 5125 1086 5956 6350 1146 1213 4095 2089 7179 198
491 6782 168 4442 7922 252 7822 7917 188 4463 303 6789 4400 6831 373 6907 4484 7790 4483 1836 1850 4504 3090 4534 106 4508 101 4542 4311 3234 122 5831 3269 7985 4574 491 1916 5659 503 5853 1964 3065 5866 1742 3315 490 1962 8093 3348 4686 6718 2035 565 3392 3246 5830 571 7064 609 5942 3365 7074 316 5766 8135 634 3390 7097 3425 8129 5956 8141 512 3389 5557 585 8149 2133 4732 1860 333 8168 8164 3393 595 638 8200 8197 7181 7205 756 7107 2162 5902 7149 814 4667 7172 5988 5953 3587 7230 7213 6166 2201 8396 6240 971 1003 2350 3748 746 3770 458 7259 3754 468 3655 908 5125 7404 2171 3853 3684 3832 8221 2483 1038 7057 6191 2111 1130 3529 1096 3859 6265 6310 2535 2088 6311 5161 2509 6059 6344 1111 6000 1135 1086 6347 6367 8481 3833 5190 4945 2562 3897 5205 4725 1191 2584 7507 7497 2649 8645 2750 2712 4071 5193 1114 6387 5087 8148
492 6782 4483 6831 1742 4534 8002 5557 6962 252 122 1916 8084 491 3317 3392 6150 5125 1086 5154 3295 7507 4622
494 4328 6782 4483 3122 491 1916 252 5557 122 3317 3392 8448 3839 8335 6235
495 7812 6831 3138 122 4483 1822 343 4493 1594 7978 4534 1846 7801 425 6952 4574 4586 1911 6979 3098 4486 2967 4400 5848 5844 491 3317 197 1970 2029 3392 5607 2108 2133 7188 6066 376 2006 3630 3595 2215 3597 4943 2373 582 8466 3862 5125 1086 8335 6367 3888 2572 8458 7507 6399 4001 2754 5341 4610 4601 493
496 5580 2980 3033 6744 4338 6779 252 4407 5649 256 4343 5687 4392 7933 2950 5523 7908 4484 1666 5727 7980 4535 5762 4483 396 1830 8016 5803 1878 5821 122 4309 7775 6703 170 6705 6945 6962 148 1863 6736 3261 5815 5809 5837 1857 491 8017 5844 479 458 5847 466 7823 493 3253 6990 4607 6995 4559 3295 3053 1954 1947 4569 5869 543 5799 4643 7036 7022 8084 505 7042 3224 4622 8090 4677 3353 5648 5526 4676 1860 454 4666 2020 7058 8107 2045 5843 605 623 7082 5900 7073 8111 3426 1987 7097 3432 2077 576 7101 632 673 4330 694 2133 3465 2137 6004 629 7001 2151 7020 2157 8141 7151 7136 2178 4829 5990 634 2217 8200 3430 6082 2192 3587 827 5994 3390 760 5943 3530 7212 2236 3373 5989 3593 7230 3603 4675 7107 2195 2125 3637 666 4878 7242 3636 4565 3425 7188 2205 867 8314 8355 6033 5038 2408 2428 733 948 7063 2427 1038 7165 7408 6000 2398 3655 2441 3378 974 2489 981 2015 8458 2286 3274 6117 3551 1098 516 1092 5142 1105 714 8474 795 2511 6317 4704 5153 1101 3863 6347 2535 5161 3839 3529 2491 5179 1146 1151 2549 1135 2066 2033 1162 6363 2560 8501 5180 1157 7490 8506 3820 8492 5199 1014 6382 3916 1186 6235 6390 2580 2561 3930 3933 2590 7507 5193 1207 2583 1213 4912 8580 1218 5298 8590 7552 1314 1300 1301 5112 8491 8640 2754 8293 2002 7016 8450 4586 3229
497 5557 4399 252 6831 122 8002 506 491 4483 1742 8077 3317 8084 3392 5973 2116 2373 718 5101 5125 1086 4945 8335 3839 7188 1014
498 5557 6782 6831 3154 4483 4534 6925 8002 6962 506 122 252 3317 1916 8084 3392 3375 2077 2373 5125 1086 3853 6235 7507 7572
505 170 6782 5634 6789 252 6831 4448 303 4430 324 1784 4274 4483 7782 211 1594 5706 7982 4528 1840 7934 6929 7998 5790 4535 361 3069 1689 5795 5804 1742 3213 1867 3232 5806 5821 1887 5831 6962 6870 454 5798 1911 333 491 120 122 1629 134 5541 511 4542 5557 3281 7801 265 6964 4537 4399 523 7017 5853 7016 1916 7033 581 4661 524 3348 3371 455 522 4708 2036 613 1971 3299 2077 7059 5966 5951 3440 1928 7094 8145 8163 4771 1748 5900 3524 4732 3392 7936 4622 2111 7230 2281 2150 4865 3637 4910 4945 7188 680 3317 8345 5870 7320 5024 956 8204 6210 2362 549 8275 5007 4943 8050 2414 3321 3252 7404 6305 1053 3657 6294 3833 2486 1083 7091 841 1107 5890 5125 1081 8466 3853 3862 5169 3839 785 3788 6359 8335 2341 2562 1086 7078 2569 3916 1092 2580 5199 5001 7507 6422 4001 7572 1300 2712 3234 5799
507 170 5559 1719 1735 7908 7801 4484 4533 4292 122 7033 3317 1916 6962 6782 5634 4705 4708 3392 2057 625 491 635 7046 4291 2076 660 8136 2107 4534 8002 252 1742 7193 7320 8360 3839 6349 8335 7507 7576 2674 2768
510 122 228 252 221 6831 5689 6885 4483 4484 1742 1850 4535 4469 3213 1768 4534 3050 1887 5831 170 5557 8038 1629 7812 8012 1916 8002 6878 5848 4399 3253 6962 5874 491 7016 3317 4568 561 2003 534 7045 4659 3371 5868 2066 3401 8136 7059 239 2084 368 548 3439 2119 4771 2133 2137 2970 4622 7153 3392 7184 4829 7181 5994 7217 8116 6067 4686 7328 2373 4955 1003 2418 3728 7447 6305 4867 2483 3448 1028 7430 1096 3463 8314 2441 7092 6049 6334 8335 8503 1160 5935 3915 6235 1196 1192 7507 7444 4001 7572 1301 2674 4135 1567
511 100 170 5634 252 6831 303 5693 321 7936 4483 380 4469 5769 7978 6878 4398 351 5804 5795 4534 114 8002 4537 1911 483 6703 122 5557 2949 5541 1923 5848 506 7813 7837 4399 5853 4610 3300 505 1933 4624 4634 8084 3317 3392 605 4708 1874 2085 2076 4615 2033 3331 5956 7162 3524 760 2214 4910 4895 6183 6235 8393 5075 5087 8329 5125 1086 1105 3811 3857 4945 8335 8461 1146 5966 2414 2373 6266 2562 7490 3911 1114 1181 1186 1201 7507 7572
517 5626 252 6831 7908 1562 1804 3053 1742 1754 1846 417 8002 5557 459 4483 4575 1911 5795 491 4573 506 5848 3295 4399 122 1916 1958 134 1928 6703 4691 3392 7061 635 5900 2066 3317 2077 7074 5927 3413 8153 4763 5834 2123 2120 4771 7153 5981 4825 8221 795 8245 3595 841 8264 2260 3630 3591 6166 5976 8320 931 3618 7328 6215 3570 8355 4963 971 4866 2138 6151 8329 373 818 1045 3777 1098 6326 5144 8472 2107 4647 3837 4560 827 1056 3530 705 3839 5843 8162 1086 2341 8335 5166 2534 1160 8474 8458 2553 1129 7392 588 7480 8503 3887 2562 6235 6367 2585 5172 7507 3933 5125 8640 3440 7029 5181 6082 4463 2969 297 3513 8223
525 170 7801 5580 1646 5557 182 1628 7852 3036 1664 4401 5654 6782 4381 228 3037 252 6779 1592 6755 3053 122 288 4442 7863 3105 7955 324 4463 3176 1689 7976 1771 3198 106 1836 3073 265 7953 6947 7896 197 3213 6831 7936 422 256 3065 411 111 4534 6918 3234 425 5790 8015 5759 7991 120 491 3317 4483 3392 5024 3529 714 5960 4963 6240 7507 1086
529 6813 3053 7904 3122 7838 7800 380 4471 4373 3237 483 1942 5879 3320 5891 8074 4691 545 6976 8107 3303 8106 7035 5896 7056 7097 4717 5855 6987 4565 3416 1996 3425 2168 818 4792 3587 1880 3211 7188 4943 908 6207 3748 6101 3379 718 7290 6962 2373 8084 5144 8474 496 7435 3837 3823 1126 7458 6359 8335 3897 1186 3858 8580 1301 3839 4061 5145 5125 1258 4534 3392 4483 170 252 5557 1916 7153 6703 4721 3222 3317 491
530 122 5557 6782 252 6831 7978 5795 4483 8002 4399 3392 8335 5125 3811 1086 7507 5220 5902
532 6782 1583 5557 6831 1742 4483 5790 6925 1843 4534 8002 3053 122 6703 5821 453 3228 6962 491 489 1911 1916 8017 5869 6953 3317 3246 8084 565 4721 4740 717 2238 5935 3595 848 3570 6067 7449 4945 6235
535 1583 4322 122 7839 6679 7822 6736 252 7894 1745 324 3065 5706 6831 7955 6881 3154 6885 1594 3168 3105 298 6925 106 1742 6711 8002 5791 1567 8027 5795 5772 3252 4534 418 414 506 1916 504 1931 1906 3260 473 1921 4637 3317 1971 1980 3340 1910 4651 5900 8073 3035 7014 7008 5722 3281 461 1610 7017 5770 4716 2085 5950 8163 5943 2032 503 3388 3511 650 3294 3293 2175 7184 756 1965 3448 8136 3392 2275 4845 4560 3570 3561 727 7152 5945 717 8227 3495 6067 4715 4596 3541 3630 4912 7107 4825 4833 7034 5865 2073 7328 965 1996 4870 5811 3560 968 8450 2106 1098 2154 8473 5154 1101 1086 5125 1014 3875 2576 5205 4725 3916 6235 7507 3962 4829 6371 2672 6374 4013 8645 2754
536 6771 252 5636 4309 4448 4483 103 2947 3206 1843 1863 5790 8017 8016 3069 5834 5831 6964 2976 210 6782 7908 5848 122 1916 1886 6968 563 3371 3392 4725 8129 649 7074 491 8163 581 8084 2139 3391 770 3637 7283 6206 2364 5024 2373 1003 5986 5083 8458 1086 2111 3837 8144 3589 2238 2483 8500 8501 5199 2580 8515 7572 3928 2687 1218
540 122 4483 1830 8002 3234 252 4460 5848 6782 4399 4534 491 4633 3392 3317 8155 4948 3529 2373 5115 8474 1107 7447 3841 5001 7507 2649 8645
549 148 7785 6703 170 6711 1646 5613 3050 4399 236 239 6782 1676 221 122 252 3053 5557 4483 7955 387 4508 1850 207 134 409 1827 2995 410 6947 1846 303 4543 447 417 3234 1869 3237 6819 2947 2949 1879 7801 6688 4304 7790 3241 1541 3102 4569 3220 1882 4592 491 8048 3287 5848 5831 3232 5847 381 1943 6962 503 1742 505 1921 4612 4560 531 1971 3317 4597 8084 466 4639 3321 1985 564 3340 573 3035 6831 8042 4647 3349 5904 3375 614 3381 2005 3370 3396 3299 3347 1965 454 455 3264 4694 5927 5900 3336 1962 635 8106 5953 4723 8086 7088 3392 7093 657 650 631 3337 8005 7094 7101 662 654 4712 4771 2111 7130 8164 8147 2136 2126 6010 7034 715 4799 6039 4829 7153 8200 6066 3377 3367 756 6013 8221 8174 659 4845 5990 769 3513 4787 7078 2127 7176 7230 7178 6117 7217 2265 3597 687 3593 835 4878 7071 2198 6011 4866 760 818 717 2171 3630 7242 3631 3637 8223 4943 2117 2238 7283 2337 787 7213 7328 8313 7320 6030 7342 5866 8393 6209 8252 4870 2381 8242 7356 3684 2418 3657 4795 5083 7407 3626 3783 764 1020 6294 7420 3394 3765 7449 6315 7091 8468 6325 7430 987 5145 2424 2095 1112 2521 4945 2513 7447 6082 3853 1101 8436 2486 3843 1078 8481 2443 8463 5170 3859 5169 6359 2548 5178 5124 1126 1135 1146 3858 3852 3882 8484 6362 6344 2559 6367 1144 3839 3862 1105 7483 1157 4672 3901 2568 2572 1169 2123 8506 8503 2553 2576 5086 8501 898 3915 3886 1184 5206 5197 7499 1192 7500 8502 1186 1165 6374 2403 5199 8515 8500 5001 5192 951 1201 8450 3909 7507 6399 2549 6360 7497 3928 6402 5220 1221 2573 6387 3966 7552 6422 1218 8576 8580 1270 4001 1300 6363 4061 7491 7594 6511 5315 1344 2754 2750 8645 4095 1160 2687 2768 1213 5356 2624 4135 3992 767 2712 5838 7796 8478 3636 2547 7504 2584 6724 696 1544 1141 6992 5022 3295 7409 1196 4013 6314
550 6796 4483 7978 6907 1608 7980 4520 4534 303 1840 1742 8007 1832 1923 3011 506 4597 252 297 7017 4609 3317 122 8002 3392 8107 491 625 2066 3331 2150 8221 4686 2265 8335 5020 2373 5960 6953 6235 7174 3709 7404 5125 2495 5060 8238 8452 8434 1086 1157 3839 2521 2572 7499 7494 5192 888 2445 2534 1201 3910 6474 1193 7525 7490
552 134 1646 3053 221 1748 7908 3138 324 5721 4483 7801 6831 5557 252 1742 6782 3198 6703 2949 1562 4528 4535 8002 1911 506 1916 6711 4399 5870 453 491 1979 3317 581 511 3371 3392 3404 635 8136 8107 8084 6962 2077 6001 2035 4837 792 8245 3524 4943 3595 6235 3548 4865 1887 2373 6206 5126 7259 5038 1072 4945 1105 3862 3839 5170 2562 8503 2572 3911 1184 6422 8590
559 2944 2990 6782 252 6831 4483 4534 8002 5795 1916 5557 122 4304 3317 8084 3392 724 6235 7507
560 148 4341 2990 5570 4370 7877 6776 6784 5634 5607 3052 6782 6796 5557 4401 5649 4399 3064 4381 235 252 1675 3092 4448 1658 337 6793 7908 4465 4469 188 4417 7936 4373 7893 3053 236 7955 6813 1767 324 1768 5576 1724 4476 5720 353 7978 5755 6831 4529 4484 7934 6939 404 4528 3071 6947 434 430 6682 5533 4271 2980 3226 4543 1586 8023 1840 4537 8031 333 3250 480 3202 5834 4565 3240 1911 4578 94 487 4566 485 3274 475 473 4603 8009 3280 1931 1942 3297 1954 1886 525 520 1944 7004 3292 1935 4573 506 4574 6946 5867 490 4597 6962 4549 3310 500 512 5866 122 8042 3295 3314 5888 1990 3329 565 484 1893 556 571 7001 577 6990 586 3264 4663 1971 3348 3349 5868 297 551 3359 1973 2006 7790 4661 594 552 3365 4697 4688 2040 3340 545 2052 581 3396 4703 8084 2035 5950 7074 5944 2077 649 4700 4710 618 4699 472 3287 8097 3387 1996 3376 1928 2054 1941 2014 4647 7097 3432 3427 4735 657 7088 3442 662 3430 4678 2039 7094 2086 5901 7113 7058 4771 7127 3392 4666 2137 8145 7101 8094 3383 3465 2136 7093 585 4792 659 3486 714 5900 6066 8226 2207 616 8224 7092 6101 696 770 760 4821 3541 801 3463 2265 8238 4779 8233 8220 7152 818 8216 4845 6058 638 733 6028 3588 835 1916 3517 6166 5966 3591 3281 2033 3571 2157 7283 3665 2107 2155 5975 6013 4963 718 931 8363 7328 8345 6930 7345 8165 2362 1937 6185 974 873 5993 5884 673 933 6991 730 2358 7377 2364 7115 4775 3404 4653 3684 2192 8106 2373 4752 7312 6206 5083 4732 8436 2395 5063 5007 7059 5895 3373 1045 5087 876 1003 1028 8329 5952 7407 3658 3309 6067 2411 2198 8452 1057 719 8160 2485 4865 3728 6117 2202 7356 6210 7240 4943 5820 6130 981 4825 3813 7122 6305 8439 7392 2488 3823 8463 3458 2217 7449 7404 3418 3833 2160 5103 7091 3729 7220 717 2414 4833 1078 6215 2486 3413 1067 6325 2182 4675 6322 6334 4613 6306 2490 5124 7029 7454 2424 5026 8242 6262 4933 6265 7242 3570 1087 5142 1102 1053 2496 8468 4665 6314 8170 8236 2047 6191 987 8305 7435 2416 4956 1083 7420 1988 2201 2038 6323 7063 2509 2505 3609 1107 4793 5148 7462 3448 5106 680 3837 3461 1092 4945 1048 3378 2105 1111 3561 2532 1081 5136 8474 6315 7213 2381 3857 3841 8451 6310 5088 1019 8461 3862 8434 3814 7107 5159 5153 6281 3460 3278 5894 670 2199 3601 8466 8275 8252 8092 4601 5161 8152 8087 6347 3854 3626 6341 5117 1130 3589 5151 2535 6351 2544 2545 769 7471 2510 3871 1122 2443 1938 963 2055 8450 3839 8481 5169 5184 3882 5178 2538 4867 5170 3446 785 3858 1126 3843 6344 3853 7078 1144 1145 3888 3899 6363 8478 1133 3896 5174 3686 5189 3902 1157 2120 1175 3859 2560 3901 2487 3910 1176 1160 3895 8498 6382 3886 6359 2572 3913 8457 5172 8397 5192 2576 4725 3754 3897 8500 1182 5179 6386 3890 2581 8503 6235 1147 1191 7852 4955 1056 6350 1184 3666 7507 874 6390 3491 5049 1207 6345 3944 1212 1177 2626 7525 2630 4847 2649 8576 6422 3893 1169 6441 1273 3969 5166 5001 6402 1218 2573 2671 1213 1115 1094 3933 8515 4001 2687 2611 1300 5280 5081 8590 2708 1314 2341 3928 2580 5123 3911 5176 1262 3657 8501 4061 3840 1301 3900 2712 6294 2558 2593 3765 2754 3636 7279 4135 908 4556 6716 2061 7149 2117 2584 5125 2088 6209 5961 7494
561 122 6703 6748 4319 4309 4463 1750 6718 5632 1676 7903 6831 6861 335 4483 1742 5707 8002 4534 7894 5549 204 2949 4288 5557 1916 6962 3317 491 8084 4673 3353 602 558 3392 2036 5900 2066 7109 8144 1996 3378 746 7212 3511 4845 8200 3709 4910 3595 594 6969 764 4637 533 3626 5968 933 3396 639 989 6117 455 7356 3811 2373 3729 8050 1072 2381 7033 5961 5007 6082 5106 3529 6305 8474 8335 3839 1129 1101 5124 4951 8314 5170 8481 549 770 6347 6359 4870 3879 5169 5083 5180 987 4725 3597 3888 6000 6367 8500 8484 7188 1157 8458 5001 2562 607 2521 8501 7140 1181 3487 8503 3915 2568 4743 1184 1186 829 2580 2581 1169 3909 1196 5199 8515 6390 2584 5205 3933 1201 8511 7507 1094 1218 6402 6387 3911 3916 6422 2572 7490 1213 2649 3966 2624 8576 981 4912 4001 3513 1300 6113 7572 8590 2750 2754 4061 2768 6515 8645 1301 454 4775 2712 2089 5951 3440 6235 1146 3636 5935 8017 1086 7016 956 4829 951
563 5557 6782 6831 4483 8002 5819 1742 140 506 252 1916 8084 3392 7046 3365 2195 3271 8335 5125 1086 7507
570 148 1629 138 1616 122 170 6730 5613 182 5557 1562 4351 6782 5632 4391 245 1748 5693 3052 1738 4471 7955 6831 4330 6790 7907 4340 5755 1804 3168 6884 5519 5713 81 7782 136 1676 1850 6907 4311 4528 369 7976 7801 3050 7934 1830 1689 5790 7850 5699 3065 7927 5795 3212 5807 4558 6942 4545 8026 1867 480 3254 453 3247 4483 7838 4343 5649 6682 1911 2970 7908 4571 442 5772 485 5759 1586 4291 5607 2947 114 1576 2979 6784 134 3234 3292 6930 4534 252 3296 5636 6964 4542 5848 2977 1932 4611 4563 471 8048 541 6979 1670 528 520 8017 506 5804 7014 5534 5769 3299 3294 3329 7009 7985 3274 6976 3245 3246 8005 1967 265 197 511 5626 3313 8007 582 1945 5890 601 486 409 8110 8112 8107 3394 1972 2078 2005 8090 630 8084 3349 5951 563 3317 455 1784 636 2032 1840 6909 5856 4308 4743 4653 4447 8127 585 7097 5896 3198 1937 2072 8088 425 7101 5727 4622 662 2066 4677 3377 7008 2133 670 3293 735 5991 7059 3449 610 4837 4484 7127 573 4708 654 6953 635 7153 663 2108 650 5839 5950 3340 2158 2068 760 8217 2035 6962 2029 6003 8221 667 7094 3479 3392 4895 2170 2151 1836 8245 3630 8223 3595 3413 680 7264 7130 2195 7242 6166 4715 6006 4712 1878 3664 3631 2238 8275 6981 4943 4910 8345 1916 6920 1954 5959 1003 7212 6206 2344 4793 3728 5088 5083 933 3657 8439 673 1072 5038 3827 5106 3321 8468 4592 1092 548 6265 5939 6334 1107 543 4945 5148 2123 8461 2521 2486 6311 3589 705 7447 2525 8129 3862 2511 6332 2243 2111 6059 1126 3879 5178 5169 987 6347 8474 7016 1133 6367 7283 8466 6035 3888 4785 8200 7475 3597 6315 8478 3839 2562 2568 3859 5115 7188 8501 5961 2572 8335 1141 1184 1169 5205 3909 2584 3933 7507 1146 5212 1204 1212 1203 7572 2710 2712 2754 4655 1846 5861 5966 5762 4135 5532 4537 3295 3261 7036 3181 421 3035 1881 3252 1786 1778 4535 213
571 1612 6782 3092 122 252 6831 7976 4534 1742 4274 469 491 1824 525 6962 3317 7063 8368 7433 5125 1086 8335 7484 3839 719 7507 6235 670 4483
574 170 6782 2947 7791 1710 6705 5649 6796 3071 1771 3058 4469 7945 343 5743 4483 3168 269 5523 6703 5727 6920 4486 372 376 7838 1846 6771 4534 1689 3212 5790 6937 8003 114 6932 423 6907 8023 4311 1583 7782 5557 3202 5545 6718 3069 5820 3235 8031 1576 6716 4546 6962 6870 8049 5772 1908 5504 4568 3260 1916 5837 444 8048 6720 519 7983 1937 1962 8017 3306 246 4585 5867 4594 4637 7028 5901 591 5856 2034 618 615 3092 2085 4700 565 7109 6976 7850 665 8065 1932 3450 533 8164 5986 3485 715 7162 5989 2028 7172 666 2168 4821 2192 2215 5087 3807 5088 6294 5126 5936 5145 6311 3847 2381 7479 1086 1191 1174 5213 7507 5001 1300 2710 1697 1594 5125 5835
575 148 122 170 6782 252 5626 3073 3052 6831 4381 1768 324 3071 1610 1748 7955 134 4483 3053 6907 7981 1562 1846 3069 1697 5607 4534 8002 7999 5795 421 3190 198 491 1911 3249 475 6979 506 1947 6964 3317 4274 572 8005 1916 380 116 3348 3392 558 7088 3373 3401 8111 5848 3440 2077 4771 2133 5989 5769 3524 4845 2066 6066 6030 8233 770 6150 4865 4945 3430 5825 8200 965 4943 7188 826 2202 3626 3684 8442 3773 6305 7094 1092 8451 3820 1107 3862 5161 2513 3888 7490 1181 1177 5199 1169 6235 1184 5205 3916 7507 6387 1218 1258 3992 1213 2671 1285 2680 2710 1301 3162
579 148 5557 2995 3007 134 170 5613 1612 2947 3050 1578 3052 5634 3062 111 5607 7877 6779 3036 1702 1664 2993 4343 3064 5654 1558 2969 6782 6813 6711 2967 3053 211 7926 108 4447 303 3065 4351 3071 5713 1689 4465 6679 2949 7785 288 6688 2959 1676 1784 7800 81 7917 343 7933 324 1796 6831 5741 7955 6884 1812 1804 4483 4463 347 3138 2943 6689 3055 1771 5755 1768 1670 5704 3176 4500 6907 7980 6893 7982 7896 5772 1843 7981 3205 6925 5727 8003 1750 4430 4534 418 1594 3202 3069 8002 1840 417 7999 6946 411 421 5534 1846 7945 132 3211 6943 1738 6936 3213 6947 3150 316 8013 5678 1744 8012 4542 4549 1863 4531 3225 5818 7941 6878 5762 1861 8029 1856 5799 6963 3228 5805 4330 5706 8034 3250 1889 4571 1911 4548 3255 5839 6962 6931 1892 3264 480 7995 4583 3261 4563 487 6961 491 465 4590 502 506 3280 7822 4319 3044 4448 1662 280 7880 103 5572 7823 2976 5548 5649 168 4311 7812 5541 475 511 493 5545 5848 6964 1669 1918 1629 113 1618 1937 122 1587 7850 5830 1954 541 4288 6995 369 1878 5867 4592 500 4607 7008 1932 1547 3299 444 531 539 1959 5841 5853 4613 515 1933 4556 1742 3300 6986 523 3245 1873 120 5861 3296 4569 4546 5529 524 7017 8069 8070 1916 5851 1906 508 7983 3290 5879 530 519 5870 8078 1975 3322 7023 5847 4629 1965 4651 5850 6987 4641 4623 575 565 546 1985 572 8009 4643 3276 548 5549 8005 4652 7011 7033 7042 4663 404 581 2003 568 8084 459 8089 3229 4679 3371 2026 6976 3353 8090 6873 3348 582 460 8110 4686 5928 3257 8094 7058 4622 3305 2030 614 551 4677 3331 8107 4705 3392 3391 3313 2036 4659 4673 573 7066 5705 635 615 4338 3254 629 3414 5952 5856 5914 4545 4726 4738 2085 5951 7088 2068 649 4694 5913 602 496 8136 634 563 1984 627 638 4743 8145 2077 7064 4741 631 4725 5982 4710 2083 4755 4761 3440 639 7101 5734 7078 8156 3435 5929 7108 4712 3449 662 4777 6003 5943 2136 8101 5936 5986 8159 3425 4560 6001 5956 3246 8157 8163 636 707 8017 616 7039 8177 5901 6006 2139 6013 3439 4715 3485 666 2055 756 7184 5900 5968 3511 7155 3524 8200 5964 2033 6032 4845 4833 4768 2202 6066 2131 6055 4825 2035 4837 8199 8245 7240 8174 6166 7230 2281 7172 7207 8249 667 2201 6150 2234 2260 8238 4865 7212 2238 872 829 6108 2292 4601 661 4945 770 5896 3664 4959 6037 5960 8237 863 3597 4939 680 1996 785 3595 3571 4926 2286 3665 7158 7094 827 3487 801 5801 764 7283 4793 4806 3448 3588 8252 976 8355 5020 7264 2198 4943 3709 2408 7356 2414 3530 2416 983 3684 6130 5007 485 2428 8329 736 8345 1019 4910 8236 3560 2364 2350 5060 3378 5083 2373 7392 6210 7404 2207 7025 7407 3599 7430 6265 7402 4956 4826 7091 2047 780 8144 6305 6311 6255 3788 1020 3811 5106 2489 5049 2192 6323 841 1085 5124 6209 1072 3379 951 2362 3837 7409 2510 6313 2482 1078 1105 6329 5145 3853 1107 2513 1126 3843 1113 3463 3847 6322 2521 5125 5961 1106 6351 3863 8481 3845 1119 5138 7471 3871 5178 6101 4870 1122 1149 2551 6359 3548 3810 6363 8335 5186 1014 8500 2559 3902 1155 1086 1170 3888 3446 7490 2568 8502 1157 8503 5197 7491 2572 3915 2553 1169 3916 1177 3851 5199 8484 1186 2580 2581 6399 1207 7507 8515 6402 8520 3913 8492 3933 6390 1218 6386 6374 1213 2573 6422 5232 1258 2624 2584 4912 2586 8576 5001 3928 8478 7151 4001 2687 5212 7572 1300 1310 8640 6511 4061 1361 7449 4135 2471 298 1201
580 2979 6782 7823 3050 6790 6824 3052 4374 210 6843 85 3071 7908 4448 6819 5572 6831 1742 351 4486 7982 1837 3205 7980 4439 4351 3206 1850 3198 7917 7991 4483 4528 4534 421 3226 5804 4545 5822 4537 5835 5830 4330 5839 4575 491 3255 170 122 5557 252 483 4543 1892 1887 506 453 5649 1562 1916 475 6779 4577 1923 7983 6953 8005 3302 4535 6979 8076 5632 5772 6976 1943 7023 1972 563 5870 8084 522 1992 4651 575 1988 8073 3035 4666 1586 3359 1901 1670 4673 4664 6968 1778 8107 2052 585 2020 566 189 2018 6942 7061 5927 454 486 7055 605 8002 2077 4659 3404 2035 5896 592 4740 3306 7088 7097 7059 496 1987 7101 666 5693 670 4771 2117 8155 8163 2029 6010 7108 2152 4732 7153 639 8149 756 5986 2202 4845 3511 6055 8221 2217 3548 7205 3507 7230 3588 2265 6113 6059 760 4675 6130 850 4945 863 3488 5900 2276 8322 900 6012 3626 7159 8314 5020 5024 3553 7345 7312 8345 7328 7188 3257 3305 485 8238 7356 6206 7091 3787 1045 8335 5906 8329 8436 5809 3609 1048 3655 7140 8450 2243 3818 3811 5088 5106 5082 4775 1083 7449 2373 1086 8048 3827 2238 654 5925 5063 3808 1098 3820 858 7116 3556 2491 3379 4867 2496 5161 5124 3859 5173 4715 1155 1146 1162 3898 3899 6349 8499 6369 1168 1172 987 7489 2562 7490 1170 7480 1144 2569 3897 2419 8503 1014 2572 2568 3911 3915 951 5125 1182 1169 6390 5001 5205 956 7507 7483 1094 5221 2606 1212 1213 7525 3955 2586 2611 3966 7497 7552 8576 4001 2724 6101 3211 8171 1846 1689 4725 3069 1300 4912
581 7818 122 170 6782 5607 5711 1695 239 2950 1612 5742 4490 6818 4463 4466 4493 368 223 3168 3039 400 6799 7934 417 4483 4484 252 6703 1545 7812 6893 210 4286 6925 4291 1750 341 4552 5540 6962 5831 3206 6963 4543 454 5837 1911 491 5830 1923 4542 396 511 1960 1742 3050 3317 4622 1964 425 3314 1906 4556 4564 1990 556 1902 7033 1944 5913 4691 5890 3328 3315 4738 4734 649 8084 7088 602 3401 3392 3413 8141 2091 7108 616 594 7094 3361 3446 5919 2015 8153 7059 7037 6956 7140 6066 3529 4829 717 8200 5896 760 3325 7188 7159 4768 3514 2199 8221 650 8174 8017 6153 6183 1928 939 6186 3224 3683 872 933 3629 8355 8335 707 6235 956 3637 6210 2168 5921 2358 801 8363 787 848 1003 981 936 485 576 5967 2171 646 6240 549 8097 5866 3379 3658 7365 3665 4870 8439 8159 4732 827 1953 2381 3684 4845 5087 2373 1020 2411 780 6082 2485 4825 8314 3765 3370 4712 561 430 3818 8458 6306 2162 592 8463 8452 4597 4970 8165 764 1048 3754 5927 5125 6215 7057 7136 1067 989 2489 2082 2236 2414 6322 2038 3477 2395 2159 4758 4992 3657 2496 8360 1105 7121 876 3482 2509 1107 3839 711 1053 8473 534 3738 2170 563 1112 3321 5148 6315 4633 8474 6345 3626 6090 2513 2344 3850 3833 5161 4873 1085 3507 1111 3843 8162 6347 2538 8481 508 5170 1128 751 5178 8469 2154 516 6117 2549 1146 1154 7091 3476 2474 8227 3853 6058 7341 5186 6000 8500 8501 2553 1166 5192 1184 1186 2584 3933 7507 1204 3666 7491 1187 5007 1141 1212 5220 1213 1094 1218 3893 5124 6387 5232 2649 8576 3997 1206 1258 8580 2672 1301 6474 5172 2710 6360 3992 1314 3513 2687 6511 2750 2712 1344 7489 4104 2754 4095 7490 5364 6359 4486 121 402 4714 7115 2105 3717 4596 7599 7475 6010 5976 6337 5951 3530
582 4317 6689 122 138 6782 252 6831 7908 4483 417 5769 6962 1748 6977 1911 4587 491 506 5848 3069 4399 1916 1923 553 5532 3392 625 1901 3317 4537 2168 4945 931 2373 989 8458 5125 1086 1119 3839 5170 2562 8503 7507 2649
586 4430 4463 6730 1771 5772 7991 3053 4534 6782 8002 6929 4484 1846 6907 5758 3168 425 5790 4483 6962 3255 4573 1911 1878 5769 2944 7782 5549 506 472 7813 4603 475 1857 5839 5848 3211 4610 453 4311 1886 1916 553 8078 4637 3317 1972 5895 7033 6976 5903 3383 1953 8107 8110 3392 3410 4634 4743 2035 8149 511 5914 7936 2052 2133 8017 2070 5986 6066 3379 770 3587 7217 3595 602 680 4878 2136 3609 5007 8439 3239 746 3684 8106 4806 2489 1072 2111 829 1101 2047 4945 3378 8466 5106 8335 2544 8155 1129 3858 2572 8503 5204 6367 5199 2568 2562 6235 1186 5190 5935 6399 6422 4001 2403 1301 1218 2687
593 2992 1598 1616 5549 1581 137 7803 7802 122 213 4430 5659 1738 7870 3098 3045 4442 6824 5654 4407 3021 6819 4370 1701 1745 1761 298 6736 4463 321 6784 4281 1695 7898 387 5755 4437 3173 7804 1839 243 5545 256 7790 5504 2993 5792 3069 4520 4537 168 245 6782 1669 3226 4483 4534 4556 1608 491 2959 148 5534 5821 1916 8084 5989 2137 3541 4969 3657 3682 1086 3837 3839 1146 3820 2513 6305 8500 8501 5001 4912 5204 1186 2580 2581 5205 6235 2584 1184 6390 1196 7507 3915 8515 6402 5221 8580 7572 3992 2754 5814
595 5654 6831 1724 4476 4483 1742 7801 3030 7978 3198 1850 4534 417 220 4537 5795 8002 5804 5831 7976 5818 483 122 6782 1923 506 252 1916 1947 520 7004 534 6962 444 3317 8077 4611 8084 6980 4661 558 3365 3371 574 4641 5906 3359 2032 3252 1795 7795 5648 3169 3361 5899 1581 2045 1942 8136 7059 582 4771 5989 3392 2137 7140 7162 4525 7108 2178 7188 8245 4865 6206 8345 8211 6235 380 2381 2015 3202 7404 5125 3827 1105 1086 8335 1146 5961 2562 3911 5199 7507 1213 6402 2606 8590 5315 1344 2712 2687 4135 4463
597 5580 4341 122 134 120 5570 6782 6779 6793 6790 1689 4439 6796 7908 3058 7926 3050 6730 1562 5634 6831 7936 189 2995 1784 1701 1768 168 4351 3150 5572 351 3065 7782 6885 5659 3073 5741 1676 7945 6907 7976 4520 6920 1843 6771 4534 1846 1750 8002 6929 6943 5769 5804 4549 6910 4541 6959 6962 6945 5835 2949 7813 7801 148 4309 1593 5557 1558 116 6968 94 5832 455 1892 8049 2957 145 3239 4568 1923 506 493 3246 511 5848 4610 1914 486 520 3294 3295 4624 6995 523 3318 3317 1886 546 1874 8084 572 6990 3305 1895 566 8090 3340 2015 3327 4661 4666 1974 5855 607 3314 601 8110 5901 2052 625 7058 3410 2035 1916 632 4484 613 4725 635 605 3405 5966 649 2072 2089 618 2077 4734 1988 3432 4720 657 4694 646 4752 8129 8118 3367 549 5982 1670 4705 4712 7063 2104 3435 6001 8163 2029 7098 5936 2031 3446 5869 5890 8070 3313 1941 8065 8106 4651 1997 453 333 2152 2139 616 705 5996 4806 717 2002 5964 2108 5994 7107 6953 4811 2135 2168 756 735 3524 3529 769 2138 2202 8226 5981 667 8199 7217 2201 7149 8245 848 6113 565 3373 7176 8238 7240 2281 4865 4878 6168 6150 7264 7212 6101 7151 2061 4945 8314 6169 6090 2038 8204 3626 2373 5020 2198 787 8368 3658 7283 6210 4757 695 5005 981 810 2293 645 968 2381 3728 2414 1020 3403 3684 2120 5087 3777 1045 7407 7165 7061 2411 2069 3807 8457 6314 3818 3770 1016 3811 5124 2489 5083 5136 7430 1072 3601 3488 3832 6310 1082 2487 6281 6315 1075 1038 7438 5125 7404 6209 1104 4754 5101 3837 6323 2513 3839 1107 3693 2518 2495 8463 7094 1086 6331 2424 7458 2521 1092 3853 4847 5155 3833 3862 1079 3589 8466 8335 6347 3443 5173 5178 5170 3852 3843 6306 7392 5161 6344 1133 6369 5186 2560 2544 1169 2553 2562 6360 2563 2491 3875 2572 8507 8451 3916 7497 3901 1182 3887 7460 7480 7495 3886 2576 2568 8496 7500 2569 5001 1123 8469 1184 3873 6235 1186 5205 3911 718 8502 2581 1181 7490 6367 1201 7507 6390 1129 2606 6422 2649 8576 4001 3966 7572 1300 2611 3646
598 138 4338 7883 3052 3062 252 7880 7898 4291 3023 7922 7917 6782 7910 288 119 7941 337 4471 1748 7955 1804 1812 1775 3168 6860 6904 1676 4500 6910 6925 4529 348 4533 5659 5713 1647 6757 5553 7998 5504 6679 5541 7796 4278 106 4292 7803 2950 115 1770 2947 3190 7791 5634 1854 1863 6942 5821 8038 3254 3249 5527 5535 466 8049 1907 3279 1923 256 4569 3232 4592 3245 1901 7999 4577 316 7785 1840 504 8003 3260 491 5838 5790 518 5795 1771 1932 5830 5804 5869 4634 7014 531 4635 5879 8078 3313 5831 5878 8061 6964 6929 556 1697 571 122 269 4663 6711 1974 1593 2974 295 4656 8084 558 552 6789 8077 7036 4661 601 3376 606 3348 7045 7023 614 114 2057 8074 7000 3309 530 7056 585 4708 4666 623 8120 3398 197 5769 2076 4694 4535 3417 3281 642 7084 8149 4725 8118 5929 2120 543 3037 4767 3432 6007 7153 2137 8147 707 8177 5988 6058 7149 2111 7117 7188 2217 6026 7217 4781 7205 2223 3593 2139 7032 1984 3306 7091 636 664 1928 7151 3373 8242 872 3561 6117 5936 3449 4945 848 7176 6006 2088 3487 8321 3595 8131 4825 7071 6206 5024 572 5993 3709 6130 7212 7026 2018 458 3754 936 6210 8448 3530 8144 576 1965 2489 8252 2411 3378 6325 818 6262 5103 2015 1086 1082 8136 5155 1107 7092 2513 8475 2486 2479 5167 2082 3511 3871 2538 6013 1053 1145 3898 2560 3902 8481 2052 2016 841 6346 3913 2553 2487 3907 5206 6399 5174 1213 1273 8590 1336 6515 2428 6474 4912 700 3856 5170 7945 2573 7420
601 5557 2959 4328 5613 5626 3066 6790 1662 252 5596 221 3035 3004 6831 7917 3073 4311 1748 6782 5711 7775 1742 4439 346 255 5755 3176 312 4275 4529 1586 5634 4392 6736 4520 1850 3044 7998 1738 1771 5758 6947 103 99 5570 1544 2950 7837 4281 455 8023 3241 7981 1889 3252 5533 474 3249 441 6959 5746 3258 1903 6974 483 6968 3261 1923 502 1901 1918 4563 1916 456 3295 6979 5869 3264 8073 500 1856 351 555 5521 7033 4643 5890 4663 5674 114 5847 4665 4566 5899 1628 7045 2002 8019 1974 591 8039 8089 8093 295 3267 2026 3181 8107 606 3369 524 5722 5878 7058 614 3396 3375 3365 3330 630 7015 5945 4738 7083 4697 556 7088 3331 3390 2089 4536 3206 2119 7101 4740 7020 2117 2133 2116 3290 623 4767 1975 694 8164 3445 2118 2120 1999 604 2137 3400 5999 3393 3389 3381 7057 2074 4792 5825 4809 4829 3309 2166 769 619 746 5941 6066 618 3524 2108 2139 6963 5943 8144 4741 756 8179 3569 638 8086 5769 4768 5706 4546 4694 5913 7060 7140 3571 3587 3419 8266 313 6082 3350 2281 3222 2215 3630 4933 1860 850 7077 708 3543 4797 5982 3486 3593 4758 3448 4647 827 6180 4843 2136 8321 6007 4821 2036 7300 666 4677 4610 8223 7264 6090 3570 2018 867 5024 7342 2292 3425 3379 3282 3717 2014 2115 6240 956 1947 3646 7356 4779 2364 687 3560 509 2328 4675 1003 4777 3455 3327 936 2162 8088 8441 730 2164 3325 4727 5929 8226 3511 3353 1056 5110 8457 7402 3811 5126 8458 987 5005 7094 7091 3819 490 5142 5953 7404 2526 629 3853 3857 8461 558 6347 3378 2538 3851 7479 3865 3856 3862 3823 5901 6262 3899 6294 6162 5172 5895 8481 2373 1147 2562 7242 2152 5032 3912 700 4845 2202 1053 4689 4715 8127 1072 5199 3871 3887 8106 2567 6387 2403 6235 888 7500 6390 2037 8211 8314 5212 5161 1085 2593 8475 874 2381 8478 3666 2208 1186 1094 6422 2649 7136 1285 2486 908 7572 1300 7458 2428 5146 2712 5341 7945 486 4752 3286 4559 8077 4637 615 1946 585 1987 7008 3916 1962 3401 565 2487 8007 1786
603 122 5557 6782 6831 312 7945 3150 4483 3053 4322 4534 7782 8026 506 5848 3292 7026 8084 491 6962 3392 3317 4771 2133 1742 3315 1971 8360 8335 5103 4945 1086 5148 2011 1111 2526 1126 5165 1128 5169 5166 2563 2576 2710 1206 987 8020
606 122 4399 252 5557 6782 6831 4483 1742 4534 8002 6962 6703 5848 1916 5869 3317 3392 491 2373 6235 3276 4945 5125 7507 7552 3928 2754
609 4319 2944 5541 5527 5549 116 2947 1545 1629 3090 5686 3168 3040 4362 373 3249 3069 506 85 1908 471 6962 1980 491 3379 455 4809 2137 3211 2208 2243 2373 717 380 1003 3176 2398 3847 3597 3839 4945 2572 3854 1086 8335 7497 7151 2584 7507 7543 8576 1304 4013 5144
610 6962 252 4634 3304 3317 1742 5903 5904 625 3683 5007 1165 1086
612 5557 122 5525 4319 5549 5613 4343 5570 6782 6779 3053 1586 210 252 7801 215 4448 4309 3065 4308 119 1647 6831 5636 348 7955 7882 387 1843 1836 5727 106 1742 213 3205 4534 8002 1881 1887 1748 5795 3050 116 7983 168 5834 3261 1911 479 5848 4577 511 5804 4399 453 490 520 1916 6711 4630 397 197 491 2002 5884 4661 5851 5870 8089 6968 8042 506 1784 1975 4283 3373 1850 4708 614 4679 2947 1803 613 5942 601 2036 2066 4622 545 4673 5837 610 5734 8145 7097 3432 7101 1923 4761 4771 5762 5982 5985 2133 2033 7108 6006 4792 6001 8009 581 8101 4322 634 707 6013 7140 4768 5943 699 5986 5964 7926 7181 7203 2175 756 7059 8216 8153 7205 3549 4845 6072 4776 2108 2215 2136 3435 5914 7063 7217 8236 2192 7159 2117 6010 1988 3391 4811 2281 2074 2135 3392 4483 8084 4535 8221 2029 4537 5024 6235 6909 5989 7094 7153 7025 5896 535 7404 2428 3367 7433 6294 8160 1067 5063 1905 8124 1074 3487 1086 616 3295 5148 4912 7507 7572 2754
617 2979 2996 2976 6782 5634 1646 3053 6790 252 1695 1697 1586 6796 279 6723 3138 1784 324 1647 280 6736 4439 5762 348 7982 5576 1843 1742 5699 368 4534 5721 136 421 1879 373 1883 414 1858 3247 6959 1911 1907 8034 479 351 473 4546 483 4528 492 491 3255 3260 5848 2944 5557 7801 6741 7016 506 5860 1906 3281 4641 5534 6962 6693 559 1986 3359 1947 3305 8088 8002 5526 3349 6957 3353 3392 5885 5804 1953 3383 7034 6771 458 6986 630 8111 605 3370 5916 8106 2051 2045 8127 7976 8129 5951 5843 4726 3350 2091 2077 581 5868 7108 5989 8156 3037 1942 4771 7020 2131 2133 2030 2013 2104 7097 5727 1900 7074 2068 4734 3439 4652 4504 3367 3455 687 8200 8179 4787 4811 3419 7153 6054 2154 616 5993 4768 5976 6983 3587 3435 7212 6037 3340 4821 841 4933 4948 4749 801 829 3446 764 1971 8345 7188 6206 8321 465 7309 6235 3709 7356 4661 8393 3379 4549 6039 940 3286 6209 5895 5075 2373 8452 2015 818 6294 1092 3530 3837 2487 1087 717 4945 7092 8227 1106 5170 5169 2545 5178 6351 6362 5901 1101 5173 2424 5183 1160 751 2562 7490 2569 3886 8436 3908 5933 7494 2235 1184 6311 3901 1169 2362 1201 6324 1128 8515 5185 7543 2626 3966 6422 1258 8590 2670 2709 2708 1310 2712 4061 3636 5364 5356 3775 2580 1987 3597 4870 520 7449 8136 8007 5124 1878
618 189 6831 6962 3269 7982 1906 3307 608 511 4001 2722
619 122 5632 252 113 4549 4483 1878 4392 5848 6929 491 5557 1959 523 6962 6782 1971 3317 3206 3228 4651 1987 3349 4531 3276 5901 3353 601 3371 2018 605 607 1988 8110 3319 3392 573 558 5952 8136 4597 563 7101 6831 649 8101 469 2066 1996 7093 8163 707 2137 7153 2168 4761 3378 8002 760 2136 4878 5951 8179 7203 7205 7212 3259 4912 3391 848 7140 3595 2131 2243 3529 2033 3435 5964 867 8165 7188 8275 2373 1990 7356 7328 5024 5020 7279 1003 6206 8144 6294 1072 7094 2489 5106 5960 3811 718 8474 3820 1107 3837 7404 696 1105 829 3548 8345 2496 2443 5966 6101 2029 3788 8466 673 3684 3862 3827 2111 7458 4870 6000 3839 4725 5173 8472 5170 1146 3646 8335 6347 1086 3888 8501 3911 8484 2576 1184 2572 6367 6359 1196 2584 5205 2513 1201 7507 5125 6235 1213 6387 4945 2624 8576 4001 1186 7572 2712 4655 3021 245 1571 5900 4442 8207 1664 2342 2562 7871 4717 303 5580 2264 5364 81 3477 2670 7122 2207 2709 8048 6776 4275 7870 1637 3073 6059 5204 1825 6679
621 6813 1719 6831 347 6931 1839 1742 3215 6939 429 2970 6964 6782 491 3317 3392 4483 122 539 3356 7034 3432 2139 4534 2292 6210 2373 2414 3852 7507 4135 1086 2107 2712
624 6730 134 170 138 120 5607 6813 3053 197 1748 5634 6782 5557 324 7955 4493 6711 7785 7908 1742 7982 1843 5769 3198 3050 6831 3202 4274 1778 421 245 6946 6870 6688 5674 4300 1637 5759 1830 7934 3213 7941 4542 4549 5790 243 7983 414 3234 4283 3212 2969 1754 5834 1887 1917 5649 5795 491 252 4528 8002 417 4543 497 1923 4399 5853 489 476 453 1943 1911 1916 541 1892 520 1880 4560 1610 4568 523 5721 7014 6703 1562 4311 2949 81 7812 255 7801 103 2979 1598 6980 5870 4537 7008 8078 575 582 3361 3349 3317 4483 561 2001 1849 4632 1893 1959 8012 635 4484 8131 581 4535 8107 4738 636 5804 458 4719 7058 3305 3440 2133 1970 7087 7055 650 7976 2137 4792 2136 666 6055 8152 3373 4736 4821 8220 5989 4829 801 2168 2234 3435 6968 7153 431 5998 2029 8017 616 3524 450 727 3548 760 6909 1784 4865 4943 7059 607 8159 7300 3487 7162 6066 2215 936 7283 7328 3597 7188 956 5087 4601 3811 1072 1107 3839 1126 8466 3862 1086 1129 5161 2424 6359 1146 4945 2562 2558 3911 5199 1184 3916 7507 8335 6422 1213 4001 8590 7572 1314 2750 2768
628 134 5607 5613 6782 122 6813 1738 252 5674 1676 5557 324 4483 1784 7782 2947 2959 6703 4534 3198 8002 3214 5811 4400 378 7996 3213 3221 7785 455 3255 3254 8031 6682 6957 5759 5803 493 491 5848 489 5869 520 7014 1916 1742 5896 585 5772 3373 4708 4738 3394 8145 3328 3317 2152 4715 2215 486 2281 6169 7188 760 6235 2373 2381 2364 6929 3728 3276 7356 2489 3836 987 3837 1086 5124 8481 8335 1111 1146 4945 1169 2562 5199 3916 1184 2581 2584 6390 7507 7590
640 4291 5525 4328 252 6831 6782 189 4317 491 1742 3317 4661 2119 4548 1921 3587 4483 3392 6249 3891 943 7507 733 6082 1194 8520 3901
645 122 148 5557 4483 197 252 5848 491 1742 6962 3317 4712 2036 3404 2035 4534 3373 3392 7127 730 5956 5966 7188 8320 4943 3626 6255 3684 2373 5037 2265 8314 2489 3818 5125 5106 7094 3857 8497 8500 1169 8335 2572 3930 7507 3928 2580 2585 6387 3933 2649 3966 8481 3955 1221 4013 7572 2754 1916 8136 8131
648 5557 252 6831 122 6884 6711 4534 8002 1887 1742 6782 4483 1916 613 5722 2001 7022 8120 5879 3317 595 3448 2373 5125 1086 3843 7507 4586
649 4430 6776 5576 1541 7790 5536 337 3249 122 3065 402 506 316 520 3300 5869 4610 548 1971 6990 614 3392 3389 5921 3365 1947 7034 5770 657 633 7014 4649 1886 585 3317 1906 7086 333 708 3524 3448 8220 8238 2217 5973 6101 3588 4878 3511 2033 863 3595 8245 4797 7240 873 6183 4592 8321 4992 8313 965 3654 5024 2373 2358 3686 746 6080 936 8393 2381 785 5967 826 983 7407 888 5088 1053 3728 6311 3847 6338 7115 2414 3833 661 5083 6367 987 8484 3907 4865 5197 3890 8507 1177 2572 3543 1191 5206 7507 8335 6422 3850 5164 2135 4956 7151 8576 2510 8590 4725 1086 1301
650 5549 7801 134 4399 6796 252 5607 324 7926 2944 4291 5519 6831 7850 6907 1742 7976 7981 6909 265 333 3050 4534 3065 5795 8007 5821 1886 3258 4563 1911 3255 7782 213 5613 4311 7995 6790 6771 1544 5848 122 453 491 502 1943 1947 500 520 1965 5890 6856 189 4597 543 4661 7983 585 3353 4688 3371 5936 3069 2047 2033 1971 5804 1748 3317 8136 6962 5956 631 5830 7127 5989 8107 4792 673 4829 3401 3529 8223 7188 2017 3507 4622 8204 4948 6082 6180 2243 3591 2215 718 4675 3477 8314 4806 4870 939 3570 6117 4943 3378 2373 2489 5125 5103 4910 6323 1105 3811 1096 3839 6315 3820 3847 3841 2532 3862 1086 5106 1129 7092 7484 2553 2562 8500 987 2580 3916 3915 951 5199 7491 7497 5205 7507 6235 8576 1213 2624 5141 785 1218 4061 2750 549 3035
656 6703 5557 4308 7838 2949 3168 8003 7991 4534 6782 3232 491 122 4583 5795 3317 4292 8110 7033 4528 5943 2036 602 595 2015 7140 3548 3626 5001 2381 2002 4794 1107 1086 3879 6235 5205 3900 7507 8515
657 138 6782 252 6831 3050 4534 1771 2949 1858 6711 8002 1784 491 7801 4399 1959 5795 4330 1980 3295 2029 2033 616 2133 197 592 8163 8136 3524 3392 7188 7328 2373 6066 1086 1105 3811 8335 5125 4997 5170 5161 1146 6235 6387 7507 6441 956 7572 2031 6324
659 2980 170 7877 7876 145 7898 1697 210 1750 6813 5636 4448 1784 1628 4483 5722 106 7980 380 3173 120 6920 4526 7934 7837 3205 8002 6831 5791 5809 4534 4549 7991 4546 5795 3254 3236 4563 6964 479 5812 417 6975 1911 1914 472 1679 4592 122 4607 3300 7785 5557 1942 5607 6703 1544 509 2992 453 6689 4314 7017 1886 1962 1964 503 3322 8078 5853 3317 7015 4641 4581 522 7026 4652 265 3330 3328 7008 8089 496 4678 189 545 548 5868 601 3306 7058 8107 2035 602 3396 4712 4719 627 605 8106 8120 2077 3355 7087 7088 2006 5968 5950 8129 6980 3451 6952 5999 8157 2113 4720 8200 2205 2217 3517 8050 3524 3337 3440 8165 2139 2223 770 3413 5996 4594 2234 5801 2135 2168 7205 7153 3430 4849 3448 7023 2199 2271 7230 8039 6117 2158 7140 3609 4943 2125 3446 1846 7283 6166 898 8048 7328 727 4878 8174 5989 3665 6235 8393 8005 974 5834 874 6206 981 455 2002 4785 8335 7045 955 6141 5082 8329 3728 2236 6004 3833 6281 8472 1072 7220 3841 2105 3570 2424 3847 3862 4757 1081 5170 2539 609 5117 3788 2548 2152 1105 3839 1129 8458 6003 2137 1151 1145 2416 8223 1086 8501 8506 2581 6382 3859 2584 1165 4847 2624 3893 3966 1012 1075
660 145 1646 6782 4399 168 5634 3050 6831 5521 252 4398 6909 7976 4534 1863 5769 5790 455 493 1959 1742 122 4275 3317 116 5799 489 2976 572 3359 5798 4661 211 197 8078 519 6964 6995 4708 422 8107 2018 549 5985 2072 4792 7127 4811 5986 2033 6006 4781 3519 3511 756 4845 6066 3392 8245 872 2175 7264 3448 6180 6210 2373 484 5005 4865 4829 1072 8458 3827 1096 1086 2095 5161 8466 5169 3839 8500 3888 8484 2571 8501 3911 5199 1184 3916 951 2579 948 7507 2606 3955 6402 7572 4061
661 145 6782 252 4447 6831 5689 3162 4529 5818 4543 3256 5821 8002 506 4508 1916 480 3239 6939 1887 1858 6962 4545 444 6976 4516 1742 211 245 3238 1830 531 8078 7014 465 1980 3317 533 6906 8089 8036 5914 8065 6956 564 1941 3392 3306 7058 3396 122 7812 2963 8090 6703 5527 3400 5938 2045 5952 649 7088 4732 4643 8145 2130 4735 2124 2118 2133 4537 2157 4653 3416 8163 8153 637 5911 6004 297 2112 7108 2205 2017 3548 4792 623 4821 841 8321 872 3595 2091 1837 4948 5024 3718 6873 6255 1979 7212 989 4867 7408 5087 8238 1067 6037 1074 5032 4693 6271 7443 6191 7034 5144 2510 5060 6310 6265 1102 2193 7104 3350 1938 4712 3443 6166 5049 3811 1101 5161 8335 4851 2548 6317 5186 2373 1160 1072 6325 1144 8501 960 3885 3589 6382 6235 7507 8580 6515 5521 6698 3035 432 418 5926 7290 956 2089 516 7188 4657 3295 3308 7176 848 1803 3810 4486 1781 5534 876 8015 1598 8088 2957 6856 5895 5766 2065 4777
664 4288 4362 6776 252 3098 5649 3052 4448 5519 3055 6831 4483 1784 2949 7908 6682 3176 5525 6793 1742 4484 351 5795 8002 4279 430 3231 120 5839 6975 8008 3232 1863 4556 491 506 3282 1893 8043 1916 1905 7801 7812 2963 1918 122 1748 3053 3280 5557 4615 7008 1610 3278 1959 523 1914 5841 4563 8048 1775 1804 1873 4637 1901 1972 572 8084 4292 1984 7036 3340 1786 8089 556 3287 2035 1996 8110 610 3387 3392 2030 4679 635 3404 631 5934 5903 3378 8053 2085 8136 7081 7097 2077 4771 2104 7127 616 2018 7117 8179 3477 724 4777 2205 6930 3491 4601 5938 7203 2154 3370 7213 7212 680 3455 2275 661 4865 7037 8070 683 8223 888 8211 4821 6186 3631 7207 5832 3561 6169 8329 787 7328 6206 898 2373 2344 5026 3601 3541 8252 3626 981 2238 8384 6210 3529 8342 8314 7063 4624 8360 6066 8436 4870 7420 5083 5114 3729 1048 2381 3818 6311 2488 5126 7165 1092 2487 3820 6315 6305 5125 5153 8458 3839 3862 1129 7471 8335 3814 5178 2539 1133 1154 6359 5896 4945 6363 6362 1086 3911 7492 2026 6151 8503 7491 1184 6382 3913 2576 7499 7497 3916 2581 6235 5205 1186 6387 7507 5221 2611 6402 6422 2626 3962 1213 2624 3636 1285 1314 4061 6515 2768 549 7804 5543 1609 8467 3391 5812 8091 4714 8249 3181 6992 6940 7051 2967
665 122 1587 6748 170 108 4328 176 4291 6782 1676 1701 1618 6813 252 3058 7922 5557 6831 1784 4483 3102 7955 1670 1742 380 1837 7790 7998 5791 4534 4373 5705 1851 5693 6698 3247 5626 7908 4559 6929 5795 491 432 3232 1923 3297 500 3225 1910 1901 3221 1906 3264 3267 502 259 1748 3253 1916 1886 1947 475 1932 3300 3276 3313 3317 5521 559 6962 4597 4641 4581 3303 6987 1860 8073 600 7813 5895 3392 7903 589 3211 5915 6771 8136 2089 3427 5939 4732 2157 8179 2215 6010 5936 8127 3446 664 8169 5903 3571 767 8233 7101 2260 4764 4862 533 2120 2230 6151 6108 724 4624 8238 3511 3419 4811 756 7212 8165 7118 8149 8177 661 2111 7217 7158 4821 8200 8207 6026 5825 3572 4939 2214 5839 933 3683 7309 2182 939 4914 4755 1945 2235 3631 8322 931 3658 4727 3435 5900 7345 2373 4763 2352 680 6240 4910 3551 3229 764 7030 1003 4637 7039 7122 8012 573 6995 5884 3524 6249 3787 7398 4777 2328 8216 1064 7356 971 1057 5947 2252 7115 4677 8160 2424 2490 5125 2175 3357 6323 6265 3811 8005 8242 3788 2488 7151 7450 5082 8451 1098 1086 2154 3820 8245 8452 5081 3843 3736 7409 3487 8335 1078 5063 2033 5165 2316 3852 2414 2548 3897 3853 1169 2562 2563 2539 8501 3910 1141 8481 4912 5199 8484 2581 7507 2590 6396 1213 8457 6331 2649 6441 1206 2504 4013 7599 2750 3839 8590 5759 1193 3069 516 7066 8293 7490 1201 7036 4794 7149 1544 3541 2632 5935
666 252 6813 6831 7839 6884 7982 122 5762 348 4504 4534 5795 8002 7812 4483 3317 3264 4651 558 5772 8026 3392 5942 4761 3410 5900 3443 4767 6012 4821 2276 6171 7458 6329 3853 5125 5178 1105 4811
669 7801 252 3053 6831 6782 122 4448 4483 421 6703 4534 5848 506 4399 614 2029 4771 4799 4829 8335 7328 3839 7438 2572 6235 7507 2754
671 170 5557 3053 5634 6831 4483 1778 1742 8002 432 4556 6974 491 3238 6964 506 511 1959 4399 7801 122 1916 6703 3317 8084 4330 3392 8107 2035 635 8136 4537 2133 2137 8017 3548 4945 6206 3811 3839 1086 8335 7507 4001 4061
672 1608 5572 6736 7813 1629 3040 6782 202 4391 3030 5634 152 228 4399 1695 252 3098 6831 5689 6868 323 1647 1742 7912 5755 4480 4528 6796 2957 368 5713 3088 4534 3212 6947 5804 434 5810 376 6937 2944 7801 6703 100 6698 2947 6967 3258 8031 1911 6962 3271 5803 1923 491 1905 3069 5848 4582 1910 1916 505 5801 5532 5853 548 7893 4558 1901 7023 3330 8084 4633 7026 4286 6974 3309 4672 3276 6793 3317 4683 8110 6957 3392 7032 3363 4484 625 8007 4678 3394 5879 3405 5947 4407 6910 631 4724 8135 7071 3430 7818 2086 116 7109 5558 7001 1593 7086 2139 663 3439 8141 5982 8002 2137 7153 2223 7181 2170 8048 455 8211 5896 7259 3541 2158 4955 3571 6162 4963 421 3532 3491 971 3401 8397 2424 8335 5114 7407 6315 5075 4945 5144 1074 7437 2445 7438 8450 3839 7454 1105 8463 5148 1921 3819 7107 2471 1101 1056 5161 3597 1146 5184 2511 6341 3808 1149 7460 5185 3899 3882 2559 1067 3487 7499 1192 7507 2590 5212 3928 1050 3909 1213 3880 5141 3955 2611 3893 2632 5220 2649 2561 2670 1314 2710 8543 5315 8640 3238
674 1587 7801 292 3123 347 337 1777 279 378 4447 506 122 4309 3281 4399 4483 623 3176 3443 5125 1086 1135 7507 6422 1301 6337 1194
676 6741 113 5527 1610 1646 3035 6771 202 145 228 81 4447 6831 3090 4381 5674 292 291 4463 6796 298 2977 1670 7782 1784 7926 4291 4439 243 1812 6736 213 4529 5707 7998 6682 3190 3162 5687 7831 7838 6947 4520 7912 3214 1771 6784 1836 1874 417 5741 1863 1866 3220 6963 3181 3254 480 487 1892 1905 484 1592 7991 4603 1733 4407 8057 5623 2956 7812 475 1565 3045 4374 1583 1935 1937 6964 500 5848 85 5798 5851 3053 4283 3307 1587 4569 7882 3260 7896 1906 4531 5802 122 4563 4413 1908 4559 572 567 7033 3213 4587 3327 7015 4532 7036 1946 1647 3299 7983 100 8074 1851 2026 3300 592 4653 2040 2005 4551 3311 512 4566 4682 3381 3037 8094 2051 3396 2045 3401 3403 486 4695 8131 5942 642 2072 7088 3404 4351 8139 8145 2089 4758 5974 347 4483 1850 3398 7941 5970 3187 2109 4600 7109 2130 673 4639 360 5797 5927 422 1894 2013 5956 4771 639 6015 5985 8135 5929 4799 3487 3491 715 2178 7822 8200 6972 746 7107 8205 432 6012 4632 3482 3468 7179 3556 7108 6930 2208 3571 3572 814 6113 5954 4767 2205 2079 2256 8129 5705 4715 665 677 7230 826 425 5993 3593 659 5913 6953 3030 2136 5699 2281 2087 5973 850 8159 777 5769 3486 2036 5634 8111 8146 717 6180 4945 558 4959 7151 6169 709 522 3570 3429 8355 960 4895 8003 6003 605 4637 1003 7174 6240 616 8017 3280 7032 7014 913 908 4683 4943 8322 1996 5082 3738 687 2398 4865 5110 1074 6039 7118 2331 2427 3818 2443 5117 6313 1085 6191 3636 6265 3631 4712 7264 3378 3444 3357 2082 551 2236 4725 2154 8451 2182 2238 6306 8216 3609 5088 8165 7220 1093 5961 3853 2381 6294 3857 2513 3530 6171 8475 7345 6349 8474 5166 6281 6341 7479 3295 7458 3882 6362 3833 1160 2559 7320 4689 2560 3604 2419 3904 5153 2486 5161 3446 5204 7483 6360 3915 3913 1181 867 8314 8412 680 8500 2579 2581 3888 1194 6345 1176 632 1169 5192 8505 1115 2561 3646 2403 1204 8515 7408 5185 5141 1133 3911 2611 1086 5221 2649 6422 2495 8580 3992 8576 2670 3997 4956 1262 2532 3843 2710 2724 4061 6369 6515 2750 1165 1168 8640 5356 4341 4752 4657 701 3916 534 3813 8007 3474 2970 5001 134 503 490 1999 1031 2066 7420 2553 876 2967 8397 189 5975 3062 6082 3286 8073 4622 2015 594 3944 7093
678 4483 1843 4534 5743 5834 7785 6968 491 4569 8002 5870 3317 8084 3327 4677 563 8107 3392 2056 5944 7088 616 5855 8130 4767 2099 2969 3477 707 7153 2137 7162 2168 6066 7181 4829 3519 5885 2108 770 4862 2207 4945 8313 4910 2373 7320 677 8335 1045 5125 3818 6310 3811 1087 6325 2490 6326 1105 6305 987 3837 7279 2520 1078 1086 3839 3862 8481 5169 1128 3871 5174 6346 7462 5124 2238 1144 3890 6235 3916 1200 8469 3820 3944 5220 1218 7149 3893 6422 2649 8576 4001 2670 3850 7572 2708 7594 6474 4071 6511 3030 6752 3045 1194
683 170 4309 7896 4392 2976 292 7822 3123 3126 252 106 165 5607 5634 3176 3053 6920 7990 5727 213 81 4283 103 2959 4343 1545 1863 3254 3245 3250 5810 6975 4565 6969 521 4596 6689 1886 1878 6964 554 351 1985 4657 7011 1562 8084 6987 7042 509 6940 461 556 5805 3317 4319 8112 3361 1971 2020 4659 2030 5902 4535 2089 5926 616 3440 2137 1742 8171 6000 4768 6066 7188 7174 8236 2139 7230 3461 2276 4895 667 8204 4878 3553 2015 7077 4795 3526 8233 2373 7342 5892 1003 7356 4999 491 943 2038 7430 4665 5901 2498 3295 4704 5841 1122 3728 5170 3899 6336 6360 5205 951 3915 5964 1221 1301 1300 5356 145 2969 3470 2154 5106 4622 3488 8478 1123 1932 2061 1767
684 2969 1742 1843 6831 4534 4483 4528 6962 5557 8002 491 1901 280 1916 506 3034 1887 3317 8084 1923 3353 585 7995 7055 3392 2029 4708 7127 2137 5964 4829 6066 2168 5966 421 4761 3524 8017 4862 760 609 8221 3595 7188 4537 4959 3487 6206 5989 7328 2373 581 1846 8136 989 3811 8397 8458 5125 728 3837 1105 3813 8466 3862 3819 2534 3839 5170 8335 6000 1086 1146 3902 8502 3897 2572 3911 1184 6360 785 7507 5232 1213 6235 1273 7572 1304 1336 4061 2754 1344 5341 576 3355 6943 4330 5904 2074 4945
685 1662 6782 7903 4407 4469 1771 7812 6885 7953 4483 1784 1837 6831 5727 7785 5557 453 1889 3254 1911 1863 5649 4398 4534 472 3280 473 506 3287 6995 4542 511 3264 1947 5869 518 4569 523 5804 491 5868 122 8048 531 1908 6945 8073 4637 1744 5888 3317 7009 522 563 572 581 3349 3353 7048 6976 8107 4673 3392 7058 252 8112 605 7059 2047 2035 7109 8164 3404 3416 613 5982 3328 4771 2036 4565 602 595 7088 7055 3228 3206 2133 2969 333 1996 7108 5927 6753 5856 4609 5929 5880 5805 2070 7029 650 1987 3340 3425 503 8145 2001 7101 1803 8163 6001 5944 4767 2104 3400 5859 1972 1928 635 2136 7183 6066 6013 3482 2205 2018 3430 7165 636 3443 6055 5902 2139 665 8127 6072 8129 735 3511 7205 3373 616 7217 3595 3435 3321 4699 2137 6006 5964 6117 4601 8174 4758 455 2275 2150 4878 3587 2152 7230 7212 8221 5825 608 3391 1857 3419 8245 3495 7181 5943 2281 5976 3637 4743 4959 6166 848 2034 6180 573 2014 3413 2045 5884 8313 801 6010 7093 6920 3289 4910 939 6090 8204 3588 5981 7328 8314 4943 4761 7030 5024 3709 5952 7084 3686 7300 981 5005 841 2362 818 6209 3748 2419 8393 3589 1003 4895 4777 2381 989 6249 5989 7213 8439 8442 4870 3787 3658 2202 7162 7407 2416 3609 7356 2373 7404 827 3728 987 7420 8238 7402 4794 680 8397 8412 2485 3811 6311 2489 2131 7151 7033 2490 5103 5935 6206 936 5075 4694 564 3524 2158 4725 7091 5083 8136 6325 2175 1082 2443 7122 717 2424 3461 718 2486 5974 6322 2487 3401 1105 5141 2215 2414 3837 1107 6262 1094 5125 6305 6323 5088 2111 5106 8345 3276 3841 8463 8474 3463 2398 8216 3827 3597 3843 8434 3477 3560 1096 3788 2135 549 8162 7458 2521 1101 1113 3819 5124 7220 5155 3487 8481 850 6332 3862 3863 6367 5197 2562 5190 3853 6362 3879 1129 3907 5161 2568 3858 5166 2084 8502 7480 7078 7490 8500 1086 6359 5174 2553 1168 5170 8503 3852 3871 3915 5178 2572 7489 1157 1135 3887 2538 3839 951 2576 5199 2580 5211 2585 1169 7507 2606 2593 2611 5221 6422 3916 956 1191 6387 6374 7153 7188 7497 2586 8576 1144 2624 7525 7572 4001 8590 1300 5063 2504 3992 1262 4945 6511 1336 2724 2712 5007 1119 6235 2573 3657 3646 8458 6101 2754 2768 4104 1344 8645 7552 1174 1146 3911 2687 8335 5173 6360 8466 5364 6329 7092 6711 5951 3530 4715 6314 8207 465 2123 8017 5138 8227 5896 785 5961 8144 8130 493 3440 8029 6953
691 6741 4291 7823 4300 4281 4328 6736 3011 167 138 137 7801 94 6776 1671 5613 145 4311 1664 2979 1679 6813 7904 239 3064 5634 4398 3052 6824 5632 85 5693 4432 3138 4465 7941 292 324 3062 1670 6868 1639 348 4429 6884 7896 3168 4500 7837 3092 7980 6920 7981 4525 120 332 3205 1846 3213 3198 6943 3202 1676 442 1742 5797 8025 6954 5809 1861 5798 7800 2959 4552 1545 8034 7893 6975 5805 483 487 3050 1909 466 8054 3251 6860 4603 4542 493 5705 3053 3267 8008 4593 3308 4274 527 7015 7014 7803 5853 4624 1565 5883 572 503 573 7036 529 3260 4652 4661 499 3359 7008 114 4587 3286 4678 3305 564 8107 3369 7054 3353 1898 2015 3294 4677 8112 430 1973 2001 635 5939 3390 1567 1593 3419 5529 2957 8094 4771 2123 2118 103 5996 677 3367 699 3485 6010 3477 2070 2135 8179 5993 636 7164 5825 2223 3560 6113 4780 4776 7203 634 3587 2214 476 848 718 736 3233 3507 2138 4948 8321 3664 313 6130 4596 7328 3561 3709 5024 4779 561 3306 8393 1928 7207 753 5950 3379 2170 4865 5005 7259 2441 3811 780 6186 4997 2364 5142 5148 5124 8275 5166 1135 2424 1031 6294 5172 6367 1153 3589 3899 5961 1129 5990 7497 3658 5199 2373 6386 3930 6399 6396 7507 2362 8576 1270 6387 8478 3928 2750 1092 1086 673 3317 633 7084 8474 6932 5824 1361 5557 453 8002 6703 4564 2137 2969
692 5572 1646 6771 211 5634 6782 5613 6813 7801 1562 7926 3071 7882 4483 5626 1742 1775 6831 7908 1594 348 5790 6929 3050 421 8002 4534 168 4537 5769 6907 3234 8034 417 3252 1911 483 5837 453 4526 103 7782 5557 2959 4309 148 4274 484 500 1887 8017 5772 5848 6990 3295 4563 6962 5869 4549 1906 5853 522 5766 3318 3317 1916 4622 4643 1971 7033 8084 5901 5536 5942 7097 2077 5896 7084 8107 2089 673 4677 2137 616 4799 4792 7094 7162 4829 7181 760 3440 3392 6006 7203 8245 3321 4912 4806 6166 5964 3595 605 4948 3378 6117 8221 6206 7059 4775 3487 6209 8275 4943 2373 3709 2381 8383 829 7408 3787 5103 3811 4865 2443 5125 5124 3837 2111 5961 2243 1101 5155 8335 3853 1086 6367 8500 3888 1141 7490 2562 1181 951 3911 2581 2580 8515 6235 1213 2624 8576 6474 4400 5356 4330 431 3513 5090 4959 6329 256 576 1710 3818
693 5557 1646 6782 6771 5689 1784 324 7976 122 6703 4534 1887 432 4552 511 520 1742 3220 491 1916 6962 4624 3317 6831 3359 4483 7037 3392 4694 3335 2047 5956 5989 2104 2133 252 8224 4845 6166 3514 3595 8174 4959 699 3393 4821 2362 8355 7328 6066 2089 8314 615 733 3349 455 5087 1959 6206 8466 7188 2555 4743 8335 3665 3911 8089 6235 2649 2687 7572 5280 1141 6345 4061 2754 6873
697 148 4341 3021 1646 6771 5570 6782 113 5557 5607 4401 3052 1748 6818 210 6793 215 4463 1724 4437 4400 5551 3138 1541 4490 2969 7953 5525 387 256 381 411 425 114 100 5792 431 5818 8026 1675 4504 3069 351 1863 3255 483 3261 3228 4592 502 1894 1930 8057 1750 1608 3090 4399 1884 3264 2963 5659 1932 5693 1942 523 5867 3305 4288 7017 1658 8070 5799 7022 3322 7804 3260 4300 490 4652 1958 3276 8090 3359 8053 7896 5870 3294 5921 5714 6753 8107 491 3365 4719 4721 1860 615 3150 5916 5952 3414 5966 8111 5928 8153 2130 8112 3037 2072 613 6969 7086 1965 5686 646 7122 573 2117 3419 4829 2113 5923 8129 6028 8097 4837 2168 8094 563 7181 2105 2066 3549 4870 2077 5981 3225 7205 2135 4653 4558 3430 4723 4866 4545 2275 848 2124 868 3572 3432 7029 4654 3377 680 3498 3588 835 7328 5020 958 2013 4969 2395 5901 3748 5989 3388 7341 8448 2159 7404 6186 5063 1074 5114 974 4781 3418 6306 3379 8008 4806 3591 1900 3448 4639 3783 3427 6054 7063 3729 719 7462 530 8220 2526 5145 7447 1086 8335 1053 3376 5964 700 1941 5165 1996 2547 5172 665 1146 687 3880 6367 8499 987 3856 3858 1162 3902 5192 1141 8146 2572 7491 5213 5151 3820 7507 2588 5001 1186 2626 3966 8580 8576 1285 7489 1300 3728 1344 2754 4104 4912 3253 4775 220 6936 2111
700 134 7823 5634 99 2947 252 4286 6831 4343 4469 4476 2976 1742 1771 132 324 1812 1670 197 4483 7976 3050 7998 136 7807 5772 1830 1846 4500 7927 7936 6703 8002 198 5769 8013 3221 3234 1887 421 3069 6950 170 122 3053 5557 4311 5821 432 483 1911 4528 5839 6782 3232 484 491 506 5798 3280 4535 8034 5853 8031 7981 6711 6962 1947 4610 453 523 520 5837 7850 5870 4542 3317 5848 522 571 3328 2002 7033 563 4657 3295 4652 1886 602 1959 455 3392 511 607 1778 2957 625 380 4484 635 2015 7088 6943 3404 454 7097 4534 3391 5901 558 2089 8111 2104 7101 2133 7127 2035 8163 8168 7108 7074 582 3455 2136 4811 7162 7193 4725 6072 4806 6101 8174 717 3524 7188 3587 760 6013 2202 4878 585 3597 2215 8264 2281 4945 3595 5024 7356 2427 8017 6210 6262 8144 5083 746 973 5125 987 6206 7094 1077 1105 2510 3837 4704 3854 3839 5961 1086 5161 5155 3879 8335 6367 3888 2562 8501 2572 8503 3901 8506 7499 6324 3915 5211 1157 2568 951 5199 8499 1201 6235 7507 3646 1218 1213 3924 7491 6402 2626 3966 6422 2649 8466 7572 2687 5280 1300 2754 4135 5193 5956 3440 6790
702 138 2949 6782 5634 3053 252 1562 6755 3138 3050 324 4483 6909 5769 1843 1778 3198 1830 5721 4528 5790 1846 421 4534 4484 1887 5795 5557 491 103 7801 453 4399 506 5848 511 1911 8002 5772 6968 3317 8084 3359 197 8107 8110 7058 3392 4708 7059 635 2077 7101 3425 3440 7094 2133 2136 4792 5989 2137 6066 2275 2168 3597 4948 4865 8221 2373 6235 2215 760 8275 1072 3811 1105 3862 5125 5161 4945 6359 3839 1146 3888 8501 2562 1086 2572 5199 7490 7497 7507 6422 2649 1213 4001 8590 7572 2750 2754 5966
706 3052 3053 6831 303 1689 7908 5634 252 2957 4520 5804 134 4463 1867 6753 4529 1768 1796 7812 6907 265 4610 520 3317 608 3392 2078 5942 3440 4829 8221 7212 770 1947 8216 801 931 6235 6209 6240 8345 8335 4945 5119 3839 1072 718 3560 576 1129 6349 1144 2276 1122 8506 3933 7491 7507 6441 4001 2708 2750 8640 2754 2687 2243 2443 8223 6010 4542
709 122 5557 4328 252 4483 6861 4534 430 5804 1878 1562 7991 351 1608 6962 6966 458 1748 4351 6986 3138 5576 3300 4643 4615 4633 5797 1966 513 3330 564 1962 515 4666 4651 4330 4568 1973 5899 4589 1849 601 8084 2020 2055 3392 4696 5952 5942 4657 2066 3410 8083 634 2018 2105 4742 3419 3549 659 4910 1086 2511 6347 1128 8335 7468 8092 7494 3928 2754 6515
712 5557 252 6831 4483 6793 5727 189 5632 421 6947 1742 4534 491 6962 122 6782 1916 3317 8084 3392 5944 4945 2373 8245 5125 5161 2424 8335 1086 3895 7507 8478 5315 8002
713 252 1777 2969 7995 8076 7030 2031 7058 3392 2109 1742 8168 1959 7181 7085 7193 2281 269 3487 7025 4845 4757 7404 491 5125 6315 5178 1146 2559 1162 8335 8576 6441 2710
716 170 1541 85 6782 7803 6779 3062 4328 2949 2963 6796 3138 2947 5719 1796 4308 7908 5549 1616 5734 5572 5632 1594 348 211 351 3071 116 1689 4343 7976 5649 1647 6831 7982 5758 324 1843 4534 236 4535 8003 5626 5759 5636 5804 1742 5803 2944 5521 5799 1830 3069 4552 1738 1812 122 6884 1887 3168 4563 5790 6962 3254 6953 1911 6790 485 4531 491 7991 7812 132 6703 417 1562 502 6976 252 3205 493 6964 5769 4430 1916 3259 511 1679 4597 5795 1947 453 454 6990 4607 1959 5834 414 572 512 3299 4546 4666 3349 4661 2015 5847 5534 3371 601 5848 1878 607 635 609 632 5914 8090 605 556 5890 7048 604 3359 7097 1971 3413 5969 5970 4545 5837 1886 7082 3392 8149 666 8144 2111 4725 8136 5982 2005 2018 5964 5989 3443 6001 687 2133 2137 680 8129 8101 7088 595 613 4792 571 4708 2035 7153 2136 7162 3524 770 7188 7203 6101 756 8245 8236 3488 6117 6166 7264 4948 3637 6180 4945 2135 4811 4878 6039 8221 6171 4829 696 931 6206 5990 7983 6210 3357 6113 7091 5020 956 2373 5935 558 7016 4910 2381 520 8393 3631 4943 7151 4845 8412 2414 3729 5870 7213 7023 3684 8436 8335 6265 3606 7165 3378 2489 5125 3811 3837 4704 3862 5161 3853 1086 3820 3321 3788 5961 1129 2424 3879 2534 7404 1157 1160 3897 8500 2562 4794 8211 6387 1196 1184 8515 3928 7507 3911 5199 6367 1169 7491 3841 2600 1107 2649 8576 4001 7572 1300 1301 1262 4061 1115 3379
724 138 170 5626 229 221 6771 1735 3098 6703 5545 7908 349 4483 5557 4493 3202 4508 1784 106 417 1771 5632 1886 6962 5831 418 3257 5837 4578 6782 5769 7999 4603 5848 1913 6922 1916 2949 1637 3069 511 1931 6736 5634 5804 506 94 5795 8007 4275 321 1761 4399 1733 4564 1894 1906 1742 7017 5851 3317 1980 197 8084 6831 7036 565 8107 4708 594 613 634 5895 8111 2070 4743 7109 8136 5989 2133 3449 2139 2125 4712 5982 7078 576 7153 3460 3393 7193 2137 2168 4829 3524 3435 3392 8221 4878 3595 4675 4910 7220 705 872 6166 6206 7328 5020 5024 3709 981 7356 6255 8396 1003 3773 5007 8436 5087 829 7404 4945 1105 3839 5125 5142 3837 3295 5155 1086 3862 8335 1144 3811 5189 6315 2562 8505 3912 2572 6235 1213 4001 7572 5280 8590 7576 7444 4104 2712 6920 1146
725 4319 4283 167 1576 5537 200 1662 5634 1666 1701 3066 5607 1658 1689 7926 5576 4271 1647 292 2977 152 4463 3138 324 1628 6868 6755 6796 6907 3176 4500 360 6920 4439 5704 5678 269 5755 5648 6937 1547 3190 7991 3213 189 8002 1830 4343 435 8007 432 3221 8026 1869 3261 4542 4528 6962 6959 5721 414 3206 454 8038 5706 6753 3254 5837 469 3245 3251 3271 8015 1856 4291 113 5570 2959 6718 5541 5549 101 6711 202 255 8031 5532 492 7812 122 3278 4601 473 475 1906 6963 1900 4592 4597 7999 297 3264 4399 5859 3229 4535 5869 5855 518 3198 7008 531 1916 555 7014 527 5806 3318 440 3329 566 8084 4639 1970 551 7026 568 1796 6939 5693 3259 5868 523 1960 586 3359 8089 5545 512 4632 8078 5752 4623 3369 608 7029 607 7058 1803 3396 3389 5934 7061 8107 4708 5903 618 3173 3391 3353 4681 5529 3357 8027 625 5944 604 605 2045 7081 7019 1639 4738 7882 543 576 7088 8129 4317 5923 8145 3432 2036 5982 5951 2130 672 2119 8163 3451 2035 4767 5999 4537 699 4792 2136 4811 8152 2178 6054 8179 2205 3529 687 2170 2135 665 2215 8226 759 798 2234 5913 8224 2112 820 3561 2139 6166 3560 4865 4653 4873 4809 3514 8160 4878 7130 2038 616 7174 6169 346 4673 931 5990 6067 3631 7121 4956 5007 8355 5038 3595 661 908 4779 3599 477 7356 3646 2395 3626 645 3748 4761 2414 4910 5005 491 7320 6117 841 6066 636 8368 2373 3305 3787 7279 3765 2192 5843 8073 3349 5949 971 6262 1045 8074 1067 5101 7402 3738 6322 751 7136 1092 6189 5920 5088 8266 3833 1072 4574 6337 2096 7447 3853 8345 7071 3823 2486 7458 1122 2511 5170 5169 2471 7207 5159 6281 6341 5117 3858 5179 6361 1151 2014 1141 3890 1154 4725 2562 3888 1145 3912 4755 8501 2572 8502 3859 8458 8500 1181 5165 3597 5193 2583 1184 6390 5199 1086 2584 1014 2403 8511 7158 5001 1186 6387 7489 6374 7507 6399 3944 3966 1213 7494 7572 4013 8590 1300 3992 8478 8299 2750 6332 4104 3911 5961 951 3037 4757 451 3311 7082 5970 496 8144 4775 7801 1824 5895 8481 558 4401 3524
729 6688 6680 3011 225 7910 6782 2949 252 5557 323 335 4483 7838 1742 6831 1836 4534 5834 6962 1911 198 506 491 4399 1916 3317 5848 1990 3329 3315 3313 417 614 592 2036 1953 635 7085 1965 8156 8157 7153 677 8002 4770 1028 2344 2489 2373 5125 3841 5190 1086 7507
730 4448 7991 5557 6782 4637 8089 2123 4735 5991 4799 5994 3392 2281 4951 714 939 3683 2373 3718 2428 8442 4943 1086 5970 7507 6422 2649 8525
731 4469 5689 7870 323 3168 5741 5755 373 6904 1767 4500 7945 5759 1784 1742 4520 5534 1594 3211 4537 1750 3220 8031 1880 2947 5527 1586 5835 4275 4317 3011 1544 7791 5834 1892 1923 6976 4587 119 3274 1917 5537 6989 519 3280 4288 8057 4581 3289 4568 4542 4591 3257 4609 1934 4432 4563 7850 3330 4651 3271 5868 8107 2014 3377 606 3383 2070 5944 649 7101 665 3440 5989 8159 2168 7203 7205 7217 3587 8184 3511 6003 2135 2126 8236 2033 2236 848 3549 6113 4837 3630 7087 5801 8060 651 5832 4513 6930 3507 7115 798 5752 394 3391 4948 5945 5979 657 4926 3609 6180 3570 3626 6082 818 7048 3477 4606 652 3658 8165 1094 2373 8466 3862 8335 696 3851 1093 5181 6362 6359 5179 2483 6363 2562 1157 3910 7492 2576 6360 1174 7507 8576 5203 5280 1086 3839 6235 5125 6402 6831 582 4483 3392 5914 8002 497 122 252 4945 4399 3317 5557 491 288 450
736 5557 1742 4534 5634 3392 635 2066 8135 3630 7446 5125 5197 5364
743 122 1562 7801 4370 114 4392 5634 1689 5613 168 1671 211 6813 6782 5557 3053 3069 7785 7782 2949 2959 1748 3098 4274 4330 4476 252 324 303 4465 6831 1771 7936 1784 1578 347 6881 5706 6703 1812 316 6909 5521 7908 1830 1742 5769 136 6934 6904 1778 1846 7991 1770 5799 5795 8002 5721 5772 4537 8026 442 8027 3226 434 1867 6752 4508 265 8025 5805 8013 4483 6962 3224 4559 1856 4534 1909 1905 491 1906 5797 5843 506 473 5853 5848 3225 4399 5837 502 3264 6972 509 1923 5526 483 440 6946 3232 381 3294 4609 515 519 1948 3287 431 1886 8065 1945 1959 1947 4275 2947 1898 1964 1916 4351 120 3317 563 574 7022 3328 4666 4407 5770 4699 6861 4708 3392 3350 4686 3336 2047 8112 3327 7093 3427 3228 2057 3511 4829 760 746 3476 756 3529 2018 7108 1768 7091 4806 7101 1676 7205 8238 3425 7094 2033 8165 616 7181 2281 2135 680 6185 939 6235 913 2198 5083 3601 5989 2193 2107 4933 5144 6281 3851 3595 8345 3843 8474 3890 6265 1186 2337 2572 1176 1191 6058 6389 8515 5933 5205 1184 7300 3765 7507 1207 1221 7552 2632 6441 2328 8005 4849
747 4314 1742 7908 4343 380 5557 1850 122 4534 8002 6943 198 1593 99 2949 8009 1867 5837 5649 4575 4309 5525 3138 351 402 491 4587 541 1916 4549 7945 2976 520 4568 259 5737 6964 1967 4666 4661 3317 6939 8084 3392 7056 458 3365 3353 602 5870 571 476 642 635 2028 4626 2077 5848 3440 2133 8163 6180 931 1943 6206 7936 2033 848 6209 7328 5799 6117 5901 5020 2215 5024 8275 981 8005 3709 2373 8314 3548 5125 8335 1129 1086 5155 4715 2381 3859 1105 8484 5001 8502 8501 951 1157 1181 3915 7507 6235 3933 8515 6390 8576 2238 7572 8590 4001 2568 6474 1301 2750 1300 6387 4061 4104 8645 2754 2687 1218 3966 3646 4811 3232 7490 2089 5572
751 252 6703 3071 5626 6920 4534 5804 3250 3232 3295 1916 581 4483 3392 7081 5952 4771 2133 2137 5986 8221 814 7217 3569 6168 3593 2158 6158 4992 4956 7328 6183 4943 764 3541 7220 3387 751 6013 3813 1107 2518 6191 2525 3788 3839 3853 3840 1086 7458 1112 1126 1101 6316 3862 8475 3858 3855 5169 1129 6359 2534 5164 5181 2443 5174 1145 2555 3895 2558 5125 6344 1105 7507 6235 3966 3915 8580 8576 2504 5255 6448 1187 1153 4001 7504 8498 8590 1285 2687 3928 5280 4013 1304 5212 7590 1310 2709 6474 5298 1301 6369 2750 2712 5155 2710 6511 1361 6539 5364 5356 1141 6893 3162 4135 4741 4327 5894 3393 5753 1664 1999 7945 4314 530 3865 2976 798 756 4288 4590 4556 4655
752 252 3053 6782 239 197 4483 1850 4534 6771 1846 3069 122 1882 7801 6962 1911 1923 1916 5867 7014 3317 3349 5795 8136 7115 4799 1742 2215 762 3543 873 4939 7025 785 2373 6310 5125 3820 1086 3819 8335 6341 3895 3899 8498 2560 2562 2572 2708 2687
755 1629 2947 6782 5626 6718 6831 1784 3168 333 6907 3150 3011 417 5795 8002 94 3220 5705 8031 1923 1916 458 5848 1812 252 3035 236 4476 3050 5654 6995 5790 4399 4563 500 3069 4560 3317 7022 7033 4633 581 5890 2003 518 3392 565 4743 673 8017 2137 6013 3427 4792 699 4447 6006 7212 3448 4912 4845 6117 604 8275 7203 3664 6007 3593 7117 2152 5024 6210 2341 5825 707 1965 2489 8466 1086 3862 585 2521 5161 1081 3425 5155 1072 6338 5124 1129 3879 5174 5001 1165 5007 7507 7525 2626 6387 6441 3966 1213 4001 7572 8590 2611 2649 6474 4061 2687 2754 2750 1146 4104 7552 8345 1262 4537 6206 6779
756 4309 4286 5607 236 3122 7908 1784 5636 3138 259 6884 1744 1804 4442 324 5769 3213 3234 5818 4291 8034 138 5623 483 3069 1850 1901 520 444 4531 4666 2033 4686 1999 8019 4708 635 1985 8106 3354 5945 4714 3430 368 4732 3398 2168 2162 770 7188 5024 8442 3548 3728 987 5088 3811 1107 2521 5961 8466 2088 5178 2555 1072 7490 3911 1184 1201 4001 7572 8590 2373 8335 4945 3839 5125 6703 3317 122 4534 8221 8084 1146 4399 5848 252 1916 491 8002 5115 6962 4483 3392 6831 2077
760 145 148 6748 170 120 4392 3036 5626 4309 5649 5557 4374 1748 4448 298 4391 3112 182 1784 1565 4439 7955 4362 4483 7945 100 7953 6831 6910 5704 4528 3205 1843 7981 6929 134 1846 1742 1562 6711 7801 409 6782 5810 5807 4537 5790 423 8016 435 5806 5819 7999 5820 6752 113 3240 4571 5795 431 6968 5838 4584 1911 483 3105 3069 8029 502 3287 511 4304 1598 1646 7883 4318 138 7004 6771 1935 7785 2990 506 4399 5862 5869 541 1943 3264 3305 7017 7014 6981 554 5523 7813 6870 4274 3311 8070 94 1980 572 2949 421 6730 551 8084 491 1990 7927 4630 7033 6987 4663 3342 2006 1972 5861 6689 3150 189 1886 4661 523 8038 5534 3213 571 1916 1854 1962 6703 3359 2013 1986 111 469 3371 1675 4697 7058 607 7063 632 3405 7064 630 5891 4639 1919 8107 623 542 3350 3261 5894 7056 5529 2045 3348 8136 3401 1923 316 2066 4531 5901 650 660 3331 2086 4752 3375 613 4606 3429 4761 197 5975 2109 3370 4699 5822 3336 3352 2082 4743 4314 417 4564 5804 505 1999 4767 2133 2077 3430 7059 4622 616 5607 8007 2152 3425 512 2111 724 3053 646 699 8179 4763 5914 5885 2178 2141 252 2136 4565 430 8205 4837 280 295 8177 3511 635 4792 2137 4829 3319 3498 8216 7153 1965 3353 548 792 5923 2198 3549 7205 6856 4824 687 4723 7176 3524 3517 8017 746 8165 688 762 7212 8005 5799 2135 3455 4806 708 820 639 2214 6108 7118 4912 6113 677 5769 351 4904 666 8233 6032 6166 7041 848 8245 3591 863 785 4865 6101 2139 558 5634 4948 3637 4821 4943 3435 4870 4677 4939 6090 736 4825 931 2215 7328 5900 3665 898 3595 6219 5896 4963 5949 6962 827 8396 6189 6206 751 3513 2252 8150 3392 8275 8293 3317 5895 2416 2035 8451 3684 2373 6294 656 4775 8450 7437 2418 7453 3811 6305 2490 7094 7407 5082 6329 8434 4945 3837 6161 7092 1093 1105 1083 6334 4793 2521 5966 3276 3295 6331 3853 3378 8466 582 3855 3862 3487 3852 1122 5125 1111 5170 5165 5161 7188 6359 1146 5181 8500 2534 8478 8502 8503 951 3915 1181 1184 3888 2562 5086 2581 1170 3916 1154 2585 1132 5212 5939 7491 7494 5101 6374 5186 1086 8129 1196 8492 7507 3911 6235 3875 1204 3962 5220 2649 2624 1213 8335 3886 6441 2504 8505 8590 7572 1300 2680 2710 2687 4061 8498 2750 7490 2754 2782 2572 6402 2569 1285 7066 3007 8087 4330 6360 8221 4484 3233 6932 4534 1567 6992 2084 5772 2159 8002 7055
761 148 5572 6813 252 1689 3050 1562 1748 7908 7903 2995 4484 380 4330 7981 417 4535 4534 3234 1887 4542 6962 5521 3232 5795 1911 3252 491 1768 6730 6782 4529 4483 4328 6779 506 6979 511 4399 4607 4637 5805 581 5534 493 3371 3392 4725 8129 3430 7094 5970 616 2077 2099 2133 6001 5982 5790 6006 2137 717 6235 5024 956 6210 6907 3548 6066 4829 2036 7356 3684 4870 3276 1086 8466 4865 7162 3425 4677 6359 7404 8503 2572 1141 1169 1184 5001 951 7497 2649 2750 1378
763 5557 116 170 7822 1556 1664 1676 7802 7812 145 100 1795 4398 1796 1670 7882 211 3065 220 1793 5634 7936 4476 295 335 7976 7978 4493 223 6920 7980 3055 4286 7801 1742 6831 4534 1850 4407 434 4537 3198 1869 2949 5804 6962 4483 4547 3258 6680 471 3256 474 3182 3173 5848 491 511 1916 1895 2974 506 523 3317 4330 1748 6782 568 4655 3320 1992 8074 1971 5753 5521 600 2026 8110 5903 8107 635 623 3440 4712 5985 2139 8118 2057 7821 2133 2137 8221 2217 2095 8016 4732 2168 5935 3524 6180 6206 2373 6255 7328 2398 1045 7055 7356 1072 1959 7374 1107 5125 6262 3862 3820 1086 2496 5170 7490 8502 3911 3880 1207 6353 6387 1177 2649 1258 2624 2504 7572 1301 694 8448 503 2979 1786 6836 1677 4696 425 5536 7795 7036
764 7813 1907 4799 2293 3432 5212 3765 2135 1153 7507 5315 1086 6831 122 491 5125 3317 4534 252 4483 3392
774 148 4317 4328 2995 6730 3053 3062 4309 4343 6813 215 252 1689 4401 221 6782 6831 197 5649 324 4476 1768 4484 380 7976 1742 3168 4483 5772 1850 3202 4534 6929 8002 4537 7801 1830 4274 5759 5634 5804 4528 4330 483 3255 1911 6964 491 1923 6962 5848 1784 432 1916 4399 1933 4607 8031 7882 523 4610 7945 5521 7016 3261 4549 7033 132 1959 4679 6824 2029 3371 8084 3348 635 122 106 2957 2076 7088 8136 7097 644 3394 3419 8129 3440 7084 4743 332 2104 2123 673 8163 2137 4799 4792 3487 4725 4311 551 8200 7193 3524 7162 2002 4829 2168 5936 3365 2070 4768 8249 2162 718 5989 2281 2243 631 4948 717 746 6082 4870 4673 2018 2364 6206 960 4943 8107 8017 3646 5083 3811 1074 2373 2139 1105 4865 8474 2520 3837 3827 3819 3378 4704 1113 3862 3853 7094 5125 1086 6359 1146 5159 8091 8500 1169 5001 3901 1184 5205 7507 2611 1218 6235 2687 2710 1344 269 4291 5559
780 116 4309 4311 148 5557 6718 122 7883 3053 6771 5632 5607 252 6831 213 5713 3071 6884 6907 4476 3138 1594 7782 7936 6920 1836 1850 1846 4534 5759 5626 303 6929 198 3213 5772 1830 5795 7999 4535 4549 3232 5804 8034 6730 6962 4483 5831 1911 8002 1857 1923 491 3276 3228 1916 5853 1947 132 8017 523 1959 6961 522 3317 1837 1742 197 551 1906 3257 7033 1803 1974 8084 4594 6711 3353 3348 8107 8110 2001 2035 2014 4708 3392 3373 5901 3401 564 2015 8136 2078 4743 616 8145 7088 4712 3440 581 7014 613 3305 3425 6001 2139 2133 2070 3448 3479 680 7162 756 7094 7140 8245 2168 4862 615 454 4878 8155 4704 656 3449 5986 2238 8168 7328 8226 801 3432 7188 6082 5989 4943 2215 1935 8314 5024 2414 3626 987 7356 4945 2489 5125 6315 6311 5900 7220 1085 3839 1107 2486 8144 6332 1101 2505 3862 3853 3859 1072 3879 3684 6367 2562 8500 8200 7489 2576 6235 3911 7507 8466 1213 2630 6422 3928 4001 2687 8645 3636 4135 5356 3295 5170 2089
782 3021 4362 1671 5626 7863 7870 1701 7894 4401 252 7782 3098 3071 1724 197 4437 5686 7908 5711 3138 1784 323 5551 100 4480 198 4351 1744 165 1775 5753 7945 380 5769 348 7976 1812 6920 5758 6907 6921 4520 1840 168 1846 3205 3198 1778 1786 4526 6934 1768 4534 410 5797 6946 1867 434 3107 6937 431 4525 3226 1856 4528 435 8023 4549 1750 5811 7993 381 8025 3233 1883 6956 1887 6870 3239 4552 3069 5831 5819 439 453 4558 4546 477 472 6957 3252 4374 483 4563 6961 1907 4343 1873 5772 404 3256 6884 5534 1905 6981 6979 493 506 4587 1923 502 3276 1916 6976 170 4328 1568 7813 2947 6698 4292 1547 2957 3292 1677 5521 4565 500 3240 1937 3045 7803 2995 138 476 1943 3295 6752 1945 1946 534 5868 516 4622 5870 8031 1914 7017 1953 409 6856 5721 440 1980 1874 3224 8016 1992 4609 7011 4641 4623 4612 535 1987 1985 5895 1990 479 573 491 4570 4547 543 3237 3317 1697 4556 4663 3331 3349 4666 3336 1966 1609 8019 6720 568 3356 4667 8090 7048 3340 499 1962 591 505 4694 4689 4545 1973 608 607 546 5921 2020 4652 4664 8107 7058 4639 5903 3355 5904 7041 3375 4688 2054 3383 2035 619 4702 2045 4703 4708 8105 3401 4582 5939 5944 3376 1996 613 3417 4721 631 2072 2077 633 4738 7081 8129 5938 3426 7088 5943 7016 7082 2050 5950 3403 649 3419 5969 4678 3432 3347 660 8145 627 4734 4732 8149 7109 3451 5982 4656 8039 3445 662 4693 602 3303 1928 673 2057 7066 694 6001 3450 2133 2104 5996 2131 2124 2002 7098 2157 484 3429 8177 707 2136 5759 2152 8155 8002 1839 7055 6028 8159 4811 711 7116 5974 2055 4829 7184 7193 7181 6055 4601 8216 4826 6015 3430 2217 8233 6072 714 797 7164 8237 3446 3569 7222 3517 2170 746 7217 3392 3431 636 4483 5990 8238 3593 4847 827 2275 7121 8174 8207 7212 5933 2238 3530 2265 2150 709 872 2298 3630 8221 3637 2105 2135 3626 2198 3413 3664 8313 4758 7213 3636 5900 2331 931 7136 6130 7328 5986 6215 7313 7188 960 4963 955 3658 7279 3717 5022 2328 651 3379 956 7320 4961 981 5967 8266 5989 1003 3606 2441 8439 3729 8448 7402 7407 7029 3653 3657 1064 3601 751 2192 5088 5130 8463 6305 2491 2445 3820 3823 5138 6316 8472 3836 1105 6209 6311 1072 8211 2525 3788 3853 2492 2381 5155 2483 5161 6349 3872 7471 1135 7479 7475 1014 1144 1151 5183 3890 5103 4910 1048 2559 1160 3900 1157 1171 2568 5117 2569 2553 3915 1176 3488 3896 1184 1182 2403 3901 7504 1201 4912 7507 6399 6396 5221 2630 3975 5242 8580 3997 2671 2674 7590 5298 8590 3928 2712 6511 2724 3909 1344 8645 4071 1378 4135 1904 4493 1587 8171 5125 3487 1825 3229
784 5551 4328 134 138 4351 6790 5626 239 6782 4439 4448 1670 6831 252 5719 122 3098 4534 3102 4483 1666 3224 1879 469 5799 487 4399 1742 491 2995 6989 3317 489 3313 7801 1873 1914 4652 1964 566 4476 530 6990 581 4504 585 8107 3353 565 564 3392 3391 3426 2992 3419 4535 5986 4715 3206 6013 4792 7140 7184 7181 756 7159 3451 2175 8042 4741 551 8221 7217 8220 6168 6956 6206 8322 6006 6066 2168 5884 3631 8094 1107 1928 3839 3862 4639 665 850 1997 6321 3826 5125 2443 6362 2572 4001 2708 5526 3212
786 4317 1608 4328 4327 5549 4338 6784 7823 200 2976 3033 4400 243 4463 6831 5504 4483 6782 4447 7996 6943 5713 7803 418 1742 8026 3169 5818 6952 4343 4531 114 454 120 5799 3258 122 138 7982 373 2990 3294 3317 4651 4677 3383 8092 4699 1997 571 486 503 5895 5927 631 522 8090 7088 440 3315 8141 5970 4741 7058 7097 8086 5936 650 8136 4597 4686 4288 5904 613 2039 4663 1996 516 7953 2151 643 2111 4752 5995 3392 4622 2123 8165 667 6166 2230 4997 3570 3591 958 4793 8087 7283 965 4926 6235 4851 7328 3403 2408 6249 6026 983 4943 4787 3430 5866 7151 7279 7408 718 5007 7091 6151 8314 3777 1064 5106 6305 1053 5125 981 6315 6294 3636 4794 3657 6322 7438 7443 2490 5150 8144 6316 3449 2509 8162 3857 2073 1102 8466 6334 3728 3862 3808 5155 5138 5170 3858 1109 6317 2317 1154 8484 3820 3902 1157 3888 5199 3907 5166 1184 2580 2562 3491 6150 7500 1194 1181 5205 3901 5213 7507 3856 6387 2535 2593 6396 1187 1221 1258 6441 3992 4001 8576 8590 7572 1050 4785 5280 1301 1304 6474 4135
787 170 3053 3062 197 3112 6831 323 1676 6755 4281 4526 373 4534 414 5795 122 138 1586 4328 7801 2976 1869 3045 4546 425 506 1916 5848 4399 493 8017 1863 114 7831 4566 4311 2959 3238 3317 5883 586 5722 3287 1742 3392 3331 4656 8136 7101 7127 2115 2137 616 3511 2168 5996 2217 6039 4895 2162 3430 2207 8199 664 2235 4945 2079 4959 7328 2373 7356 5125 1105 3839 3321 8174 3463 6311 5155 8466 6235 7507 6399 7497 2632 3261
807 2977 3045 6790 6793 4407 7907 3122 3071 312 6870 265 3173 4504 3053 236 6914 6918 3213 4279 5800 5818 4551 414 6956 1742 1882 7896 6885 1914 6711 4584 5693 3069 7976 4552 473 1887 5859 491 4370 4483 138 200 215 4399 8007 6942 1916 5847 1894 520 269 5795 503 3290 3306 3310 4629 8009 555 1966 6925 565 1803 8084 2020 8107 8083 5901 4596 2037 1948 5890 7088 2080 5945 4657 1951 5970 7101 508 5933 5896 3440 5721 3481 6055 558 3529 7181 7222 8159 4821 3435 3224 7264 8211 4727 7242 5990 6130 8165 4736 3556 4779 863 3391 8313 2074 7212 5989 5007 4910 6117 8097 733 700 727 835 2364 8184 5920 4895 2395 2373 7213 827 2157 4795 7207 3519 3594 3532 4825 2341 6113 7092 1965 780 3787 6058 7174 5981 1074 6066 5125 1084 1087 6082 1086 2061 7447 7392 6249 1102 4794 7458 5155 1122 6347 2544 2238 3862 7471 5178 2535 4867 2534 3858 8335 2555 8484 6316 1154 6344 3900 8501 2562 1020 3885 2135 7480 3907 1072 2560 3819 5192 2572 5204 1176 3895 5199 3901 2583 6387 3911 2624 2504 8543 4001 2672 8590 7572 1300 8478 1301 6474 2710 2708 5315 6511 2750 2712 8640 4135 5356 7149 4542 2976 7986 3258 2970 694 3513 6920 1174
817 134 1576 7782 3021 1629 4328 6771 6782 215 3052 4407 252 3092 1689 5607 6711 4338 288 7926 303 5636 6755 4351 4330 7936 7802 4476 1804 348 1676 1784 5734 3187 5521 3058 5634 3065 138 1846 369 1850 4439 3069 5719 1778 4537 3226 351 6937 8031 7981 182 7976 1608 122 7818 4500 6956 116 120 94 3168 6968 1911 6975 1858 7999 5821 3062 4548 111 6939 5809 4578 6962 1916 386 453 502 4592 3267 421 4564 5848 6979 1886 475 1679 1945 1960 4615 4600 547 5879 7014 6946 486 3317 4641 1873 3295 5890 3329 8025 1992 1928 4666 7042 7022 485 4678 8090 1997 3305 581 4677 3330 2029 5812 3357 3293 585 4639 3392 3383 4719 7058 8097 4686 635 3303 3312 3426 7087 4740 5727 605 5951 4717 8145 5950 3440 657 4525 3365 8112 4763 7113 5982 2108 2028 2109 7953 2104 5991 3429 3455 3432 454 2125 610 3313 3206 6013 1962 639 8200 7153 8101 7059 8083 4768 3450 5923 4809 2202 5981 5994 6030 2138 3511 7217 7222 5943 7230 3517 2265 7029 732 3591 3541 6931 3446 4945 4821 3388 2243 616 615 5935 3626 4610 4622 5007 661 4793 8039 3514 563 3306 564 976 4712 5914 511 3529 551 2198 3381 7356 1003 561 3594 8245 5986 5087 3787 2364 6262 7365 2066 5801 989 1067 5082 733 3813 5125 8223 3350 7279 465 6209 2490 8441 8458 6210 6311 705 484 7407 2129 5138 7264 6325 1092 3811 4667 2510 7091 6265 8136 2154 2169 6337 719 4699 5148 3487 3321 2526 963 987 8461 6171 3819 6332 3398 1124 3862 3855 1086 1106 8335 8397 6315 2055 7471 5172 3839 5936 2534 5178 1135 5174 3880 7094 1160 1157 665 3609 6360 2562 8498 1170 1174 3897 1147 1119 7490 3907 3765 3895 2553 2572 3858 2341 3548 5966 6374 867 7494 2581 7055 5001 6235 5199 8507 4939 2583 3820 5212 3916 6387 7507 2591 6396 6402 8525 5221 1213 6441 1270 4001 7576 7572 1100 1336 2712 4095 2687 2754 5364 7785 8500 3847 2070 1742 1988 333 6796 1803 2238 6995 2709
821 2996 5580 137 138 6730 170 5537 1646 7801 6755 1610 7876 4370 7890 3052 1702 5607 6813 4343 5623 6782 1618 1750 7880 4465 3058 3045 7922 1784 211 5689 5634 7863 5705 5704 279 3088 347 5636 6885 3154 4437 6909 6771 1594 6922 1843 3198 7981 1742 1592 1825 5743 1850 1786 4537 421 4351 1778 6947 7999 8015 5758 1867 437 3211 3107 4535 5519 2947 1795 8026 6819 4543 3237 6703 441 4571 6963 1907 460 6968 417 1911 1754 480 6688 106 5792 3238 8013 3053 374 409 5824 1903 3212 3102 3069 8054 7893 6964 1917 5837 511 506 1930 4483 453 3206 5848 4534 4607 4608 5869 4597 5861 3286 473 1948 1959 6962 4563 85 458 3310 555 4634 7016 3317 5648 3318 7023 1914 1973 1567 1898 1980 3320 1964 4615 5721 1971 7032 1675 5626 544 197 6693 566 575 5809 221 581 5533 8042 3342 4508 402 245 8029 7936 1947 1824 8093 4689 1986 2001 6873 3340 1547 6976 2032 565 4708 3295 8107 3392 5772 602 8007 1854 373 1941 3328 7058 6869 3381 4520 1851 3393 6711 6705 4288 3417 1581 5860 8133 8136 7087 376 7097 2029 4735 5859 1583 4304 3373 2066 1937 7812 6907 650 4758 7074 3403 3423 4721 3429 2096 636 8135 604 631 4725 4771 5953 4763 697 6001 8163 3425 7108 4682 2033 4699 3451 2136 2137 5929 3187 2164 4792 6003 4799 619 662 3487 485 6010 714 1576 4811 2168 8157 8200 3390 3519 3465 2202 2166 6066 665 4862 2215 764 5769 4837 756 3327 795 3495 4866 2111 6101 8245 6113 8221 6011 3630 8083 430 4694 4727 3413 777 848 592 4712 683 3595 3435 700 2271 3377 478 372 898 7217 5988 7242 6186 2252 2036 3357 4775 3683 6150 3321 3570 8155 7059 4895 5803 7328 7300 3308 4969 4943 3529 955 3703 2319 736 8017 410 7345 7014 7188 2079 3379 3709 673 4806 4610 1003 626 3391 4570 4793 3770 588 8329 7392 7279 5083 3777 2264 6167 7341 6262 2419 4953 503 1857 5087 4629 3355 2416 3461 2428 6306 2408 2489 6311 3811 2445 6322 1053 6326 5125 7104 1093 1086 8458 5142 1085 1102 5885 1107 6294 6207 2518 3854 3841 4704 8466 1112 8473 8464 3775 8335 3862 3826 1101 1129 1125 6317 5170 8481 6353 3839 6347 7475 7478 5966 5173 3832 1146 5184 6305 5180 2350 6367 1154 2559 1074 6266 1166 2562 8450 8501 7290 7490 4945 3911 2572 3886 5199 3916 2568 1132 4675 1168 1184 5206 1155 6235 2580 5138 7500 6360 7092 8484 2485 3930 3933 7507 2593 5001 7504 8520 6402 1218 1213 2606 2630 6422 1126 6387 3850 1177 3962 8543 4847 8576 725 2611 3928 7572 3646 1304 1301 1344 3969 7594 2754 1310 7437 2687 6374 5341 2722 7083 1135 5211 596 295 1912 292 6337 3483 4500 7898 8207 5816 6314 6255 2963 785 8144 6940 5737 1270
822 1646 5634 5613 5557 197 1748 252 4476 4439 1742 1830 7983 4534 6831 4535 4549 5759 122 5549 6790 7785 3261 7801 5839 483 6968 491 6962 2957 1784 520 269 1947 3305 3317 8084 8002 568 7036 4673 607 8136 3373 2133 717 7242 3839 2373 2364 6235 1218 5125 5859 2947
826 122 1748 6831 346 3173 4309 120 4534 3198 3102 8026 1887 8017 6962 6968 4537 1916 506 3053 6782 5634 252 1771 4483 4399 1932 1959 8084 3317 6703 3371 3305 1670 4679 3392 7058 2077 8136 7059 4771 8200 8002 4673 4910 4943 3321 3595 7328 2364 2373 2408 8245 5125 1086 3853 3862 8335 8466 5170 1146 572 2562 8501 3901 2572 1184 3916 1186 6235 7507 1213 2649 4001 7572 5315 2750
827 5557 7823 4401 226 7904 4483 252 5706 6782 7978 5721 1836 5525 6947 5791 4534 430 107 5632 6962 8034 4545 3258 1866 506 3069 4568 3208 1916 491 5806 505 316 559 5804 5809 3317 6831 1943 3381 3392 2056 3239 5856 4716 122 8084 7936 8039 5942 5969 6945 7037 7153 5125 1086 3839 4945 2572 7507 8499 103 3252
828 6688 4274 6831 252 1742 4483 8002 6950 122 6940 4640 3228 586 547 3317 2032 7127 531 3637 2373 6189 3601 8481 6235 7507 5356 8049 8448 2712 1701
837 7850 5613 5626 1544 6824 1738 7801 1784 246 3123 6741 341 1676 7852 108 5713 6909 1825 373 6907 7978 1775 4508 368 2959 4304 1568 2947 85 5648 3065 4311 417 5632 381 5727 5816 6711 6959 466 116 4569 119 480 1908 3255 471 3187 1917 1905 265 1923 5848 3202 4563 198 414 6962 522 5851 6790 5867 8073 8070 1967 1971 3317 7785 5884 3280 3308 4655 1916 3327 3318 505 7033 535 520 1984 442 4665 3310 4447 1827 4585 430 4559 4281 1987 3348 4659 543 614 8101 4626 7056 5906 524 3400 2036 556 5942 1836 7088 8136 1930 5934 4703 137 4726 3353 6869 3357 3037 8120 4735 3426 3313 3361 1742 7101 4752 8163 6004 4622 5841 7082 5805 5911 3451 2137 3303 5810 8170 3419 6010 4656 3393 8200 4787 4829 7181 8226 770 7118 3529 8224 1858 2138 8211 8252 2275 8199 2158 5973 5981 8130 3630 2175 2015 680 848 3631 3306 3594 736 873 7152 4560 687 7159 2319 6206 931 8048 656 6113 3683 3474 4955 787 5024 956 7024 3709 4565 2328 7179 2238 6117 2428 6105 8275 7402 8439 3246 8436 700 7341 609 5075 2486 2487 1045 5103 3601 2485 3811 1093 6980 2400 4780 2510 2525 8474 8088 4704 7136 2136 8150 5159 3862 5032 1100 5170 963 3871 5180 1149 3843 563 1115 6169 7264 2214 3810 2560 7149 8236 8458 8335 3888 1146 1168 2572 3915 867 1182 8511 2561 5086 1187 3907 7507 1200 5961 1081 5220 7104 2626 2649 1285 4001 4945 1301 6474 6310 1336 3483 1135 5178 2052 5110 5890 3890 1851 5678 1786
843 4291 7801 145 6790 5540 252 138 6831 4279 7926 5711 1767 2977 259 4476 324 7912 312 280 7908 6909 7927 3198 7838 6925 5741 316 402 4430 4535 1778 386 3053 6884 3052 5802 1616 6724 3211 113 6716 2957 4549 121 5816 454 5719 3190 5758 5812 3206 7818 6963 3250 3254 8034 4559 7970 4586 425 8029 6954 480 4546 3245 1923 7823 3232 506 136 1921 7837 3289 213 3231 3271 1912 1947 1954 504 3260 5525 1886 5799 1812 8003 6953 3317 7019 7009 6976 5534 4643 4484 5870 8073 4587 5878 1964 551 476 555 6904 8084 6943 581 7036 5896 333 3290 189 500 7896 4663 4571 3313 4654 8090 4624 3287 4641 5890 2039 2033 3369 4657 1986 8110 5868 2035 8118 4708 4717 496 3414 5916 605 2078 7088 430 8054 5942 111 7087 3293 3299 5901 4741 5841 565 5950 618 3442 5861 563 3419 3425 3354 2045 1875 4755 3208 7032 2036 3376 634 3391 4694 7995 636 6939 2015 3445 5982 8050 4732 7122 3224 8130 6028 8147 616 6004 2117 3458 7077 4622 3468 3444 724 7181 5964 6066 6003 8179 3524 759 4560 666 8217 3432 6055 3229 4724 3556 7063 3569 3548 8236 814 2234 7230 769 8039 3507 740 8199 6944 5801 7172 8165 4870 835 3435 440 4545 3595 7264 3176 8116 3631 5973 3388 785 7064 2105 4959 717 2238 7263 4895 3532 1827 7242 3528 5990 472 549 829 8368 968 3658 7188 7365 2408 3461 2052 764 3204 7402 5075 7407 2441 1038 5063 8146 7037 2182 2381 2485 5126 2489 5082 1082 3788 936 5103 3811 6322 6325 1081 8434 7447 1085 6323 2521 3530 6329 7094 2400 5155 3827 2526 1130 1113 3845 3321 3819 8162 6347 4865 1101 2541 2538 5166 5164 8397 2551 3879 5181 2549 6359 3858 1145 5170 1056 3899 5032 6367 3902 4712 6105 3883 2505 8502 1162 7491 3897 8503 7489 8501 5189 3808 1144 5183 3911 3729 2243 8484 2403 6012 2492 2568 6235 2588 6271 2591 3933 3907 8342 1218 8525 1221 2573 2606 2611 1213 6422 2624 3896 3969 7494 2649 4001 5026 3992 1193 7572 2754 1361 4104 8645 4071 1301 2724 7016 543 3233 8144 439 8466 5541
845 252 4483 7978 6831 4534 8002 1742 6962 122 491 1916 506 4563 5868 3317 5903 3392 5974 5936 8204 2486 1086
855 122 5607 1748 6782 6831 4483 5772 1846 4534 8002 6962 5557 170 1562 85 134 491 4399 1887 409 5721 8084 5870 8110 7153 4943 4610 2215 2373 6066 3548 5125 1086 2572 6235 1184 7507 7572
856 1583 7831 7796 148 116 138 108 7812 6716 5551 4362 5613 1671 1578 215 4401 3066 7890 239 252 7877 7850 5636 3065 288 119 4398 321 337 347 7955 312 324 6860 1745 4340 1738 351 5532 369 1742 396 6736 1804 4476 348 3011 4484 417 1853 376 7981 7922 437 442 4483 3208 1869 1863 6952 1867 1858 3182 5821 1889 103 4291 2949 483 7785 6937 3050 269 5521 6961 521 473 528 8061 5804 4542 5878 1910 5883 3317 3322 7019 491 480 197 8025 464 1878 8007 4308 4633 6976 8057 8015 3274 4653 4681 600 5823 482 1964 1916 545 3253 5921 7999 3330 7057 3357 3365 7028 614 2056 1562 5916 604 5952 5925 2034 4726 2085 5856 5951 3414 2088 5966 7030 5934 627 5959 3427 5873 4762 552 2111 4673 1983 6001 8171 623 5995 4641 625 4300 7084 595 2115 3379 699 2117 4792 3483 8050 3419 8205 4809 8233 3511 8155 687 2070 7155 4652 7140 8220 3479 568 8224 5953 8266 4596 3593 3603 2275 3361 7172 7264 4939 3290 7181 3572 8321 3664 8320 672 736 908 876 2252 7242 594 3570 8146 6185 7328 873 2168 4825 2198 940 2358 5900 785 2373 4910 4480 3349 2414 5949 1003 581 989 7312 7279 1044 4865 5088 8457 5103 3818 2028 3813 3319 6191 6316 8452 1072 6265 1087 5144 1083 8153 6306 574 3814 1092 1093 5112 858 5148 3827 6315 2518 5150 1101 1078 3832 4651 1085 8442 5138 1111 2547 2544 1128 7458 3738 3863 5161 3843 3839 1119 751 8162 8491 2551 2424 6359 5186 3888 8110 1153 5190 7480 3900 5007 6329 3875 6351 8501 3895 2572 3826 2534 2112 2576 8463 3916 1194 2035 6235 2561 3873 5106 3811 631 5205 6344 3930 5936 5212 5170 6399 1184 5145 8525 1106 732 7151 6402 1175 6387 1193 2611 3928 913 8305 2559 7594 1218 7599 2364 5315 1182 1094 1213 6363 4951 5197 8640 8590 3808 3885 1086 3359 848 7036 3890 7230 2632 7822 8179 5181 6028 8017 4963 3035 5835 4601 2202 7016 3597 867 5125 5807 2562 4304 8223 1988 3373 2671 1181 217 5110 3524 933 3401 5896 6981 6151
858 6744 1664 6813 1541 5686 6782 6718 197 7877 6689 7955 1771 5572 3150 1671 3162 6705 5769 4274 373 417 6831 1578 4319 343 324 3187 3219 1879 120 5810 3239 8012 6962 6968 5831 1909 316 5807 8002 5689 506 1858 8057 4399 3011 3311 3295 3260 3069 5772 1985 113 8084 6946 2032 1987 3340 8107 2029 7059 3392 5933 611 1944 4699 1916 1938 5938 4597 2078 6964 5952 7087 5847 4629 4398 7074 6789 5693 321 1695 8086 4581 1980 4683 7008 4536 637 3325 369 7071 3321 5699 3306 491 8168 7020 5973 4829 3030 3455 727 6185 8275 7029 7026 5990 7313 7300 5005 7188 8224 8221 8163 3495 6210 3773 2400 8442 826 4945 3811 7449 3850 5136 1096 5125 3443 5170 2485 4675 1146 5174 1145 6362 5193 2562 5153 7483 3911 8505 5206 3910 7507 2593 1193 5185 2649 5280 2712 2754 1262 3912 7149 8091 3865 829 1203
861 6782 7903 6831 252 4460 4534 122 4483 6962 491 1910 432 1947 493 5805 5859 2963 3317 3392 3383 7085 7097 8084 506 7398 1901 2373 1086 6012 7507 8335 7599 4542 2193 4322 6961 213
862 252 140 6881 4534 1851 4513 4533 7790 3227 491 1742 5557 3317 8084 5526 4483 4764 5704 3445 3419 1861 8144 8002 2139 7242 2159 1086 5082 4653 8502 7507
864 1608 6741 6782 5634 1646 2949 4483 5704 1843 1541 3198 4537 4526 1742 5795 6962 1887 5804 6703 252 3069 1923 491 1916 4605 506 1911 4399 1917 520 5839 3050 3317 511 5741 3092 1836 5706 2947 8110 3392 635 5772 3417 5966 4771 8136 5989 4785 8017 7153 7188 2168 4736 7172 8217 2124 968 2479 1048 2095 7449 8436 7094 8345 8466 8335 6294 7115 5161 3911 2562 3885 7499 2576 2373 3487 7504 3907 5213 2588 6344 7497 688 3944 2223 2626 7525 1213 7572 4001 3862 108 1784 5125
865 122 1614 5580 5570 4291 3045 6782 134 5626 228 1701 252 1733 5693 4447 280 7839 311 1768 3122 5713 3058 6881 1775 7936 7782 6682 2959 6703 94 1647 99 7812 6718 6784 6922 6698 7903 2940 3205 348 6680 1754 4526 7896 6943 1840 411 5803 5687 437 3226 431 3234 1869 447 5790 3190 7882 417 5830 4373 3261 3220 6962 4569 7785 5839 5838 4351 1901 1908 8050 484 493 503 3289 1930 4549 5699 509 1935 500 420 5809 1954 1932 8019 430 1931 1890 7001 4640 8076 5859 7018 3317 5722 4623 8077 8084 1916 1992 2002 5850 4566 3336 4652 1986 6831 5885 585 4571 496 4594 3150 568 7039 4691 5914 3286 600 6976 3053 1742 1928 589 3353 491 490 614 116 1914 7008 604 3392 3376 8110 3390 103 635 4723 7063 605 4738 2047 3327 5770 7097 5766 3302 5976 7083 7109 3427 7084 2119 8136 4771 609 4695 6004 573 1618 3309 2105 3388 1960 4792 8143 2162 3448 756 724 666 8155 770 5994 7112 4843 3549 2175 6037 2223 4755 762 2230 5973 760 8062 3591 8252 5892 2195 2292 3570 8169 6067 2095 1974 736 3652 8165 814 913 3658 955 7309 6202 958 665 2192 3595 6206 1003 6210 4878 8329 4951 2400 2441 7407 7130 4781 5820 2411 7430 2443 3657 6305 3811 5063 2489 2491 615 2082 1084 6310 2496 2182 3808 711 2513 2509 1093 6162 6313 858 2521 874 5138 3843 3862 3788 5161 3855 7259 8127 7471 2486 5117 3865 3852 3858 5159 3839 2549 6359 1147 2562 3911 1170 1174 8501 7492 1177 1014 8314 7165 6367 6386 1182 2580 5001 7507 6399 2558 1207 7525 6422 3966 2649 6402 5298 2712 2606 2500 2750 2424 1361 4061 5146 4135 2782 5173 829 5356 2086 1201 1938 3770 6314
866 5613 6782 4399 6831 1784 6909 7976 4483 1562 252 4537 1887 2949 7801 1742 7908 1911 1923 1916 491 1959 5848 2029 3392 5966 2137 7153 4829 4945 2373 6235 5989 3524 8466 8335 1086 1146 2572 3916 4001 4061 2754
868 1608 4317 7818 4288 5557 1629 167 1646 115 145 1664 5623 4338 217 188 132 5649 5607 6813 210 7903 3092 165 4429 1738 5693 1745 1768 311 3138 303 7926 4471 4476 3168 335 324 380 5755 3173 4448 6909 6937 3090 5713 411 122 422 1770 442 5811 5678 1676 443 5816 1854 7782 4274 2959 2947 7803 4279 7802 3234 4271 189 5820 1897 1886 5741 483 4586 8049 3269 492 1827 4592 4583 5848 1923 6991 5853 7882 515 3232 5535 527 6989 529 3245 7017 5790 6962 1964 5878 5533 5880 3305 5752 2993 1586 134 509 7033 5714 1999 4655 3342 1934 513 5835 5543 585 4691 600 591 3371 601 607 245 4679 3389 545 6793 4714 574 7058 5868 5952 635 3422 5951 3387 5721 3426 8139 4743 4726 2072 8112 3302 5969 8145 660 7086 8141 4764 522 1900 4558 8153 4551 7109 3162 4767 418 1587 665 2133 7127 694 2141 699 2151 6015 4799 7130 7812 718 5795 417 2077 1593 7917 2137 4682 2111 3511 7183 7179 7184 3445 4710 759 7181 6055 7193 6072 8226 8216 769 3526 5935 7153 7823 1771 770 8249 798 3556 7217 3187 6113 1637 762 740 3542 7205 3418 5977 3593 420 674 5654 2281 1945 3460 4430 2166 1754 4689 835 6930 848 3595 6150 714 8017 4939 8217 5913 8313 7240 4633 8199 5769 6185 4559 458 5900 2150 3071 4523 2136 1953 351 425 939 8345 7328 7039 8322 333 8355 5020 8363 575 6033 5804 7212 8159 7342 4587 5994 3686 3570 440 5923 3370 672 4943 6048 7030 1003 3748 850 3601 2264 4961 3257 2236 2105 4825 4780 662 485 3684 8441 7242 1880 4715 2373 5083 6090 3665 7213 4895 1048 3379 8335 4770 2262 7420 3413 2414 490 480 5110 2082 5103 8116 2499 5960 936 4945 7009 4781 1107 6334 1072 3425 5007 1093 3837 2038 6305 6171 477 1114 5870 5154 626 1096 8466 3626 573 4768 1087 4610 3855 5933 5981 627 5164 5170 3709 1135 2544 2547 874 7478 5181 1146 3880 1144 3530 1154 8499 5190 1160 3899 3890 8223 1105 1171 8503 2568 6374 5197 2293 7220 3911 5204 2572 8506 1181 2576 3354 695 955 5049 1184 2581 5115 1182 7497 3487 1191 8293 8484 1196 2555 6390 5212 1186 2590 1201 5205 5106 5001 1218 3944 6387 6402 1126 6422 6441 2504 8580 1285 6363 5298 2722 2712 6511 2754 8645 4104 5364 1165 6539 5356 732 4622 8149 3150 3204 1893 5527 727 700 5179 3361 7936 3035 476 1908 6796 3239 455 4545 5896 1846 3107 4777
869 4292 6782 6831 491 1594 3317 3050 7507
870 148 3062 3071 269 6831 6907 380 6870 4520 6682 4534 417 4535 1830 5759 1578 1863 3234 5821 466 4536 5521 1911 503 1923 4594 1928 252 6703 6782 491 4549 1886 1916 4563 3295 5890 572 8084 458 585 571 5772 4708 2052 3392 5970 7084 5721 4735 1576 7804 6716 7162 3252 8221 3587 6113 8245 3595 6166 6206 8275 7356 5007 956 2015 3684 3811 1072 5106 1086 2521 3839 7430 3463 3862 3859 3879 7484 6367 6210 2562 7489 7490 3901 3487 3911 2572 1186 5199 3916 1201 7507 7525 1218 6422 3928 4061
872 4328 5654 5626 5711 6782 332 7982 4534 1677 1565 3071 6831 265 138 7801 4448 3198 435 4274 3234 5834 3247 6753 3273 6945 381 252 1923 4483 5848 491 1887 5804 475 7903 4574 4330 5678 5881 4536 1830 5878 3317 5883 7022 1992 477 5839 582 3187 6940 122 6703 3371 2976 2039 4696 4705 4736 2035 7055 5895 4699 3253 5970 3348 3205 3370 4771 2178 2131 610 7188 2214 8177 3569 3524 3224 762 4959 2238 8363 4565 3430 6039 4651 4943 3709 636 3787 4865 7091 2182 5114 6082 3788 4601 8314 8397 3833 2490 8461 1959 8466 5153 6271 2061 8475 5161 3862 3820 2373 7430 3826 6209 6341 1112 2509 1106 987 2551 717 6367 7453 3902 1086 3896 6058 1196 2573 7507 5141 1218 3893 2624 5179 2649 1213 8580 4945 2710 5138
874 5557 5580 2996 5613 3033 5626 7894 6813 235 7922 7796 298 6819 132 1784 4437 3053 204 5706 7970 188 1541 6689 6947 8003 5800 435 1796 455 6954 460 3069 3242 396 4570 6962 7896 3269 3182 491 8002 5844 5848 4537 3237 3289 511 4399 1812 1658 252 4429 7004 7882 1562 5838 4338 1909 4607 5534 1742 7016 1946 531 5890 197 5888 6730 1991 564 7025 5856 3353 3181 7945 2030 4531 3378 7087 8136 8029 265 5956 4534 2119 8156 8163 5994 699 7153 4732 3487 5885 2150 638 4559 3514 659 2108 756 6072 2192 4862 8245 3513 7128 3597 727 835 6059 1941 6007 785 875 1988 6166 3654 7328 717 4969 981 3379 2381 2414 5026 4963 4910 8412 6167 3682 780 3754 913 6026 7151 4908 6240 1053 8146 868 2489 7420 6324 858 6332 2157 7341 2513 2521 1126 5145 8469 3589 1122 6351 3872 8461 1100 3853 6359 1151 5166 2555 1129 1149 1165 7487 7489 1169 7490 5197 7460 2243 2581 1184 8492 968 6331 1213 8525 7092 6363 6382 3827 6422 3893 1273 2674 4001 7572 8590 5280 7590 6235 1086 2750 8640 4095 5341 1344 2553 3847 4583 7130 1123 2562 5356 3049 5181 373 1836 1744 960 632 1300 829 5855 1935 3440
884 122 5557 6782 6831 6879 4483 6920 1869 5818 491 506 4665 3393 1884 5975 2107 7213 3595 7328 976 2381 3658 8335 3597 1086 3839 5161 2544 6359 2562 5169 3901 2572 2576 2581 2580 867 7507 6402 1213 7572 1300 4912 4061 2712 2750 3356
885 5557 5551 252 6831 122 387 3069 491 4430 3053 506 1679 2979 4600 8073 3317 8091 5942 8002 3392 4811 2168 2116 2262 6209 7345 8396 5125 5032 8466 3900 2572 6235 7507 2649 2957
886 3053 5795 4549 1733 7917 1916 506 122 491 4708 265 3426 3404 5956 7153 2424 5125 1105 3833 4826 1086 7490 6235 8124 5891 5893 4606 4537 3234 3431 4566 1194 468 3049 4945 1300 6950 404 1146 867 4592 5580 6952 4811
890 2949 138 5519 4311 7801 1629 2992 6813 1710 269 4442 6730 5634 6831 4330 3092 1748 4448 3138 4469 6861 361 7936 4483 5769 333 7976 1839 4528 1836 5795 351 3213 421 3212 417 1676 4338 5521 3214 5607 3234 8034 1840 435 4526 5798 476 4546 455 6962 8017 122 1858 168 7782 4322 7850 484 506 2976 1778 8002 491 425 1812 3052 7996 5837 6782 121 6716 1878 511 8048 265 453 3295 1846 3224 1919 5853 4607 3168 4610 423 4399 6995 1959 1947 522 8065 4581 6925 515 486 1964 3276 6975 3313 3294 572 7036 573 2001 1935 1988 8089 3356 2018 4677 8019 1971 3320 3317 8101 5879 7058 4630 546 1984 2045 1565 1895 3322 2040 2039 2051 7055 3396 4708 1731 8112 3373 565 7056 5938 3404 5944 7074 3379 5929 2030 1883 605 3394 3353 5914 3349 4678 5901 4647 4673 3430 7101 4761 2112 3440 8084 2035 602 8039 2133 6006 6013 7127 4792 4806 8200 4825 616 6066 7162 220 4732 2170 8174 8223 7203 4878 2236 6039 7140 7205 8217 7212 7222 5991 7217 8207 3495 3603 848 7259 867 2281 3403 764 680 3595 7207 8295 3507 6157 6101 8245 6180 6166 5866 6169 8314 835 4865 8321 7264 888 4912 667 3597 4775 4992 829 3487 718 6082 2373 2215 8275 5020 2364 3594 6235 3609 7220 3729 2419 2381 3765 5935 8335 7402 987 5026 7404 3439 5032 5125 3811 4945 1072 1105 3827 3839 1086 5145 5961 5124 5178 6359 5155 2513 6347 4675 5161 5186 3888 2534 6367 3863 3897 1170 2572 6399 7507 1207 2584 5199 5221 951 2573 7462 1130 1201 1174 1141 7552 6422 3966 2624 6360 2754 6322 8501
892 85 4274 6813 3037 1742 3176 4483 4534 252 5557 471 491 1916 6995 1786 6711 1857 464 5856 3378 2099 3439 2104 4771 3317 4763 2017 605 7153 3482 7193 7222 8150 4865 6166 8321 6151 6171 5125 6310 2526 4997 2538 5178 5179 7484 1166 5049 2428 3488 3930 7507 7462 3944 7525 3909 2750 4104 1300 2155
893 122 1616 170 5557 6782 3053 6813 1558 6744 252 1689 6831 6819 1578 4457 303 4442 5553 6790 324 3138 4351 6856 5719 3176 4483 6907 7976 7863 1670 1775 3190 5706 4520 417 3073 4484 8002 425 5795 4549 6682 3050 3261 3069 1901 1796 4545 2959 5848 3239 4399 5853 120 491 5649 7983 5759 351 453 563 4643 4661 8084 6909 6962 4556 3305 523 2015 581 635 2178 3446 6235 1154
894 5557 7876 6782 6831 4483 1846 4484 197 1742 2995 6962 122 252 1916 511 4399 8036 491 6716 8089 8107 614 3392 607 630 2085 4534 8086 4725 7057 7153 7193 3549 5884 3401 3221 743 1778 2168 8320 3637 5020 7342 3717 4764 974 987 4970 4963 1942 5141 3847 4697 8141 6362 4673 5170 5183 2381 8499 8450 1170 3636 8503 7507 8576 2680 2750 1086 1361 2768
898 4328 5607 4317 252 4483 5721 4525 1742 1778 1850 5769 1830 122 6962 4534 491 506 1784 1937 7801 5534 5521 8002 4563 3317 6873 3524 2168 4730 7153 5125 1086 3548 8314 3882 3911 7507 4001 2672 3666 2238 7572
901 5580 170 7870 5519 7782 210 122 3053 324 5743 5742 4484 1843 7821 4534 1778 8003 5795 5557 6790 252 6962 2969 8002 4483 3273 506 5526 3280 1916 5626 4399 3294 4634 3317 1980 6831 4439 8110 5856 3381 8127 4780 7094 2076 4878 3479 3532 8120 2198 4945 764 7098 727 2117 2373 7392 1056 4867 2398 5125 5964 1107 1086 3839 4787 5153 6329 5106 3863 3856 1154 8335 2555 4865 3390 2572 7507 6235 1174 6390 5141 1207 2624 2630 2680 2754 4104 1300 5356 5211 4785 4721 1742
903 3138 1742 5570 4534 5557 6831 3241 471 3256 6782 1937 4592 1947 6959 3304 3317 1935 539 8131 4809 5947 2178 4300 595 2091 4314 4787 4665 3204 8217 3637 4677 420 5802 7188 2373 2358 7313 7342 2056 8335 5125 7507 5232 1213 5772
904 134 122 4311 4328 5613 6711 6782 6790 4401 252 246 3062 1748 1676 7908 311 7880 210 6718 3138 3123 347 5720 4417 4483 5527 6920 4528 1846 417 103 5504 6703 1581 4508 2947 3198 360 4542 5525 1618 4291 4274 4373 7804 1547 8004 121 455 4549 1869 3234 5818 4552 3223 5831 1647 3258 1911 483 1909 485 8007 3227 7823 473 3245 3259 511 4548 3251 3280 7999 3260 3228 3240 5766 8054 1610 491 4592 6995 3305 6693 8070 3317 3299 3050 1937 5835 1966 444 535 3308 6730 7041 5903 4595 4686 4649 6976 5906 3353 3294 575 7058 3300 4673 3392 4695 512 3361 3365 582 8084 4308 2036 3331 3422 5951 2957 3401 523 4633 7097 565 605 4647 3425 8129 6001 5956 2136 699 5737 4799 5975 5989 2013 563 1984 1996 732 7181 3403 7184 759 8163 4768 6006 4811 7193 760 7205 8017 423 8221 6066 3543 574 7130 770 5964 1970 7212 2281 3507 3593 4486 4624 631 5985 3451 6039 661 6180 4945 6067 8321 3413 6918 4546 4688 7011 2192 7242 4715 3229 7179 2262 561 4560 2158 6881 900 818 7101 8363 4793 8153 4545 956 8050 1941 2236 4970 5825 460 6185 3748 5870 4639 8168 3729 8165 4933 3754 8245 4704 1048 1028 4677 3738 3430 3394 717 8452 6306 3526 2489 6315 5088 8458 3827 3814 5148 8466 841 8461 5161 3826 6346 5170 6162 2534 2541 3529 3340 4806 688 1146 5184 5173 4743 1105 3875 2560 913 3888 7454 6324 8499 5159 8503 7107 2068 3810 3487 1072 3901 2522 3913 6345 8492 7497 3916 2428 1135 4742 5205 3646 1168 7499 1192 8511 1169 2573 2584 7507 3933 1203 6082 1207 2583 943 6441 2624 5142 1204 8590 7594 3997 2710 1193 6474 1144 8613 1285 5221 1344 1270 6980 3349 3150 615 167 8031 4652 1988 1594 1201 3206 549 3524 3839 279 4610 1742 1122 508 464 3295
911 170 5634 252 6831 3053 1742 4534 4537 3069 6962 6703 480 491 122 1916 3317 8084 8002 1923 511 3392 7088 616 2137 8200 3511 2281 3595 4945 4910 3487 6206 6235 5848 485 7404 8481 2414 5161 8335 1072 3888 1169 3911 8501 3916 7507 2649 4001 2754
912 252 4292 279 6831 4483 4534 6703 6962 1840 473 1901 3256 3297 4399 269 4615 3280 600 122 7193 3392 3630 3683 5024 976 3317 5125 1992 1072 3736 3862 7507 3944 2606 6313 4653 1697
917 5545 132 1629 170 6730 4327 5607 5654 5626 4447 1562 2977 207 324 4374 7908 2949 167 3198 6909 6703 1830 1843 6767 4528 4537 121 8002 4429 6831 4535 1867 1748 6711 1887 3069 1778 432 4551 7983 4442 6878 6962 5795 6968 5834 1907 5727 487 1878 7785 1701 6969 6930 491 4483 1906 8053 506 5769 3050 7976 6990 5848 3221 4610 6995 6993 1610 1873 4611 7023 1938 7014 7896 4288 3317 567 197 548 4330 4652 581 3295 565 4661 511 564 1784 8084 602 2054 1923 8107 3392 3335 2035 635 5896 2029 1959 616 5966 1941 7094 3440 3427 3443 5969 2070 5874 453 3419 7084 8017 3423 3498 718 7153 594 2136 2119 4829 7165 756 3524 2130 165 4696 634 2168 3572 4912 760 680 6007 2275 8221 2192 6006 2235 8199 7203 7240 4948 5985 4926 4755 5989 6206 5938 7309 2124 3487 6030 4870 785 908 2373 8396 2414 8160 987 827 4865 5087 5083 3548 6202 5026 1038 5959 2489 7341 2483 1014 645 5947 3839 1072 8242 1112 1101 8466 3862 8481 5165 7471 1996 1146 6359 8503 3888 2562 3900 7460 3911 5130 2580 1184 3916 2583 8511 3930 7507 2626 1213 2649 8576 4001 7572 4061 2712 5298 2754 8036
918 1804 380 4291 2947 5519 7823 7883 85 108 4374 6748 4465 4401 200 6818 4398 4413 7800 2976 103 3004 7912 5553 136 1770 4292 5741 215 122 3112 1567 4317 343 7775 6688 4551 6945 113 1863 7936 5654 332 7945 4463 5790 1750 148 3138 5572 6718 7812 347 6925 4571 5623 6771 4528 5831 5821 6929 4283 120 1812 4311 4559 138 1647 4548 1911 3238 5818 4525 4529 6909 6730 6869 4432 8009 5634 5815 5678 1881 3220 6975 3237 1918 417 3261 506 4483 6782 381 5711 7870 4399 189 1697 1786 7822 6995 528 5874 3071 489 6736 3050 476 4537 1967 1610 1916 239 1966 520 1964 544 572 6752 491 1971 1992 8073 3340 1901 7991 8089 7908 6978 6976 5890 4651 1972 3371 8107 8076 3338 6934 7893 4641 7058 547 2030 6831 3331 3390 2974 605 469 3427 3335 8149 604 478 8093 2133 3367 2017 4296 8129 5956 3425 3429 4785 3432 7983 2164 595 7153 8152 4727 707 7077 1910 7084 4741 8086 8199 3373 746 4560 409 3040 4762 8174 3530 7233 4904 7220 2269 673 4797 3264 863 8042 3637 2199 848 717 1984 3416 4779 1941 2337 6059 4716 6039 5819 4943 3658 637 5901 477 3378 573 4570 1016 2373 7151 1019 4945 5895 6265 5032 5154 6166 8160 7402 1079 826 3827 2154 5170 2364 850 6162 2548 5165 1144 5180 6325 627 8083 6367 3891 3839 6191 1168 3888 3911 7279 3887 5007 1182 3829 2584 1196 3465 764 5205 2630 1187 3597 3859 5001 1126 1206 1086 5356 1072 3295 4637 3491 8473 7807 7790 2086 6992 8146
919 3053 252 6831 3102 337 4483 1742 442 5795 5769 6962 3258 1911 491 5848 4399 554 3317 3392 8136 4687 2168 3595 850 2373 5125 7449 3847 8335 2572 7494 5199 7507 6235 2672 7576 2754 1301 4104 4061
921 148 1907 1911 5848 252 8084 3317 3330 1742 3389 3392 2137 3524 491 3664 8300 1105 3811 3837 6206 6281 3839 2373 4829 8466 3862 7188 8335 5125 4945 2562 2572 1213 3962 4001 4061 2750 2754 1086 8002 5772
922 5607 4463 6782 3138 4490 6885 7976 1850 8003 4535 3254 5839 506 1943 486 4559 3317 1892 5896 581 7978 7058 3392 7088 431 3375 2077 1647 8149 582 7101 2070 4771 5995 694 631 7033 8179 2137 6066 4829 7159 2168 5982 4534 6962 2066 717 4878 4569 8174 3303 8245 3664 6166 4948 8204 3626 7014 5087 956 8393 5936 2424 8345 8474 760 609 1111 3862 4945 4943 3888 6210 1169 1101 5989 6359 5106 8481 2562 7188 573 3524 7490 3915 1177 7151 2553 8236 1184 2581 3916 3911 5199 3930 1201 3933 7507 8515 6082 1218 3837 2624 3893 6422 8580 1213 3928 4001 4013 7590 3955 8590 2672 2750 2754 5356 6402 297 1262 1921 2513 5772 561
926 7802 5607 3030 7870 1689 2963 7807 1761 3065 3176 1742 4508 1839 4429 6831 5557 122 4534 8002 7791 8023 213 1593 3254 6962 4575 1905 8029 5798 6986 491 3289 1916 5881 3317 3320 3299 1946 3359 1928 3321 5869 630 8086 3335 8116 8111 3414 8149 7074 8156 699 4799 6072 5996 4866 7162 2199 732 3603 3591 7345 956 2151 3684 3717 3754 6186 6153 2115 2373 3837 3827 6347 1081 4945 5125 1086 7507
934 252 122 6831 6962 491 4534 3317
936 6831 3231 3317 3392 4593 3839 1086 7507
938 5607 6782 252 6831 4483 3176 3053 1830 4534 6703 4535 6963 466 8017 491 3295 122 3317 8084 7896 1971 602 585 4708 635 503 4392 666 2414 3811 5103 3832 1081 5125 1101 8466 3852 3911 7507 3916 1301 2754
942 6782 5557 7955 252 1837 4483 8002 6962 1916 4534 1742 3392 6831 7193 2265 5125 1086 6235 7507 2754
943 5549 1583 138 1646 4304 2979 5634 6813 1662 239 6796 236 5674 7917 5649 7926 4463 259 1675 3035 7801 213 347 337 1754 243 1804 7955 7903 3050 6881 6878 7945 7980 3173 197 3205 1666 5720 1778 4534 136 417 4528 7991 6947 8023 1745 4547 3214 5790 8008 4552 6962 2947 3011 5525 116 4322 5824 472 113 4288 1887 7803 4583 8031 4582 4591 1923 8025 1916 8034 6990 504 3292 5862 5869 1886 489 3252 1781 430 3311 7999 1933 5706 4587 5714 4643 505 1775 8084 523 1990 5699 4296 7026 4663 1997 509 3361 544 3373 1658 4703 4682 4664 3392 5866 635 2077 3422 7088 616 649 3404 3335 8088 7101 5956 2036 2017 5902 4767 2133 2131 1742 5883 1610 8177 2157 5975 6013 2028 3495 756 759 8197 735 4862 7205 6059 6015 3331 7217 7179 531 3561 858 8174 2162 8159 868 6166 4693 3388 1974 6189 6183 6980 2235 931 7130 3595 4755 7313 3289 6039 785 727 3787 1031 5075 8275 2485 2424 3811 6325 5142 5136 2513 3315 8474 1105 5088 3862 1124 3807 1122 7458 6321 3856 3872 4945 5124 1162 5125 2559 680 2521 7489 951 6387 5141 1094 8515 1206 3966 2624 3893 5232 6441 4001 8590 2750 2754 4135 5356 464
944 1608 170 1567 7818 2977 4309 6776 3030 6782 7801 3045 2979 6784 5570 5557 353 6736 3053 3169 6922 6831 5525 1647 6929 1830 429 5819 4534 1768 6930 491 6962 8031 4610 503 252 1935 1916 5853 3310 1987 7893 4643 5881 2002 531 3295 8107 3365 2020 4677 2014 4447 2963 511 7084 4673 4724 1900 672 4734 2137 2119 4767 7058 616 7188 7184 3556 630 6055 2168 715 6113 5834 3460 3587 3371 8245 746 8224 2170 3444 4678 7178 2055 3487 6180 4873 7159 760 4806 4845 4623 6101 5820 4647 5082 6000 2428 3811 6185 8434 7430 2236 3309 1072 3837 3765 6316 908 6323 6305 4704 3826 7220 3839 3865 8469 5173 8474 5181 3879 1169 1135 7489 2572 7490 3911 7460 3901 3859 1174 8484 7392 5001 7480 7507 1200 1191 8520 2583 1207 6402 3962 6422 1258 2649 6374 8515 2687 132 2959 5159 5519 85
949 170 2949 6782 3053 5529 7978 380 5557 411 1562 1778 5769 6962 6885 1786 1916 3261 475 1959 3294 3317 5895 2029 4613 563 3442 2089 2129 4710 7127 710 6066 8245 727 4845 659 8396 888 1012 3811 1086 1146 5183 3916 3873 8515 7507 4001 7572 2750 8645 4104 3909 7409 5935 311 1050 485 5803 431 829 3222 7174 6054 780 7107 1664 303 1056
955 6741 4319 134 1629 3021 170 1628 167 2996 5526 3023 4281 5558 6771 7876 5572 4341 7801 5551 1689 4372 1562 235 1701 6796 5607 3062 6793 4381 7904 6813 1586 7893 210 1675 3092 7870 6782 7910 281 5570 1750 7908 5693 298 321 152 211 1744 1768 6868 337 7955 4469 6831 1647 3150 4439 1804 1811 2995 7822 5659 6904 3176 6907 4500 1771 5557 3088 7982 213 6927 312 6925 1731 3202 1850 6914 402 1836 7998 3154 4528 7945 5798 3214 6920 6922 5797 3222 8026 8027 456 1887 343 1883 4552 1882 189 4516 3181 3231 6752 3252 5831 7936 333 4551 1886 466 471 136 132 8045 7999 3238 4483 6968 1907 4558 3269 479 492 8042 4597 1892 4563 3255 6979 3280 476 8054 500 7983 6964 4603 6931 3286 4559 489 3281 3292 5848 5851 1857 1935 7882 519 3187 5862 520 3300 1954 1943 1957 7008 3246 508 3208 5859 7926 7017 3310 4634 7014 530 5878 3035 4300 5519 6703 2944 5881 4291 1973 7812 116 6705 7782 567 4615 6682 1970 5534 522 1545 4655 574 197 7033 568 5884 3342 8036 4484 581 7026 577 8089 602 3361 591 3371 2039 8107 592 614 4659 1858 2045 3396 3393 5928 594 4664 4694 5916 3383 4717 4657 4633 2033 5939 4720 2078 5927 650 649 8086 7093 8106 4743 3405 3348 8145 2104 7086 3410 7109 3331 2017 611 3375 4721 8149 1898 4729 8153 8144 7064 2086 4767 3367 674 8163 3449 4682 2117 3446 582 7103 5870 7063 2018 4715 699 2112 3347 2111 5959 610 478 2125 3485 2166 3443 8159 715 6013 8127 636 4768 673 7184 6035 5964 3450 2137 3354 2001 1987 3498 662 7183 3391 8200 3519 425 3524 1781 756 2173 5973 5990 3337 7084 7034 4866 3444 8129 797 6869 3448 2234 2066 8236 5900 2152 6856 8237 563 6113 2135 8249 3370 6108 2201 8199 3593 2265 3513 3495 2276 8224 7179 863 3514 2236 2158 3224 3630 7118 3430 4873 7240 5929 4797 2138 7172 5902 700 5993 1962 7071 3609 4778 4865 4926 4825 5976 8111 2171 516 2193 4851 900 4716 8245 931 3486 933 4951 4956 7233 659 2198 2052 7328 939 6215 7020 1953 7283 5024 968 876 2358 785 8017 724 4970 8329 7356 5901 8077 3709 2319 8165 2105 8275 2418 3479 6162 1003 2441 6262 4969 3777 7408 2419 841 4806 7404 5110 5005 7037 5038 5083 6171 4867 2292 680 2496 1092 6322 7407 469 1107 6331 6334 6323 5124 3833 955 477 2362 1105 6337 2525 1084 629 3826 3832 7447 8451 7279 6305 3862 3827 5151 6000 2424 1130 7420 6349 2535 1123 6321 6249 3823 8397 7392 818 2286 6315 2548 1125 3880 1149 1146 1087 651 2373 5174 2534 5186 1144 7320 564 6363 987 8503 5159 7444 2521 2568 5953 3887 3907 7491 5183 5086 2571 5192 1019 2572 6360 1141 6382 1177 3487 3915 1184 3853 8484 7489 2492 1067 5211 1191 3886 2583 2561 5212 3911 8335 1196 6359 725 1201 8515 5199 5125 1169 7092 7480 4955 1094 3944 1218 5221 3843 2558 2398 8223 1085 2630 3893 8501 2624 6441 1273 2671 8475 2670 2674 4013 5298 8478 1314 1301 5315 3819 5166 2750 8463 1213 2573 1113 2754 2687 3657 8481 6539 4135 8450 1310 3895 2195 6161 2002 5090 558 4622 6210 2580 3811 2443 7042
957 122 6782 1742 4534 6831 252 4483 491 3317 3392 1086 7507
962 134 145 1629 5537 4319 2969 1646 108 1576 168 1545 228 6796 120 4309 6790 1710 6782 5623 3098 165 6793 252 5545 4417 7926 4279 303 6784 1768 201 7907 312 7945 3168 4500 1767 204 324 3150 4483 5649 1812 1796 1676 5772 380 3050 1830 3202 6934 8003 421 5678 316 387 3090 7976 4537 5636 4534 4429 3211 409 3037 5532 5746 4407 411 4283 400 432 447 8007 246 5805 343 6957 8027 6943 6962 1866 4322 6968 4545 453 482 4480 360 491 430 502 4568 5809 1887 6979 5848 7896 1910 7882 4399 5851 7008 520 3280 6991 1742 8002 122 6703 6689 2947 518 7883 6711 7017 8065 1967 4288 116 2949 5878 440 351 5534 493 565 5626 4308 3313 5884 136 7028 1886 4624 5520 4370 8084 5855 1979 4673 2963 7058 7812 5952 3261 2035 7093 5970 7059 3317 7101 5895 4710 602 2029 7098 7122 3435 4792 7983 8199 6026 2168 7927 6066 1914 1618 3548 7205 7222 700 8136 7140 7212 2236 848 4878 2182 7159 2111 6150 3593 868 6169 7242 7320 3665 7279 3783 3286 2398 6311 7453 7213 6315 1125 6347 3871 2535 2549 6341 7158 3839 4943 8474 5184 5181 1151 5136 3883 673 3388 4699 3902 6360 8500 2066 1172 5106 1105 7084 5007 8314 8502 5990 1086 3328 4806 5063 2492 1184 2580 5199 3930 7507 3814 3897 3907 1168 6235 6082 7497 6422 1212 8481 717 2573 5169 2606 2381 1218 2561 3966 5221 2649 6000 8335 5205 1176 2584 8165 2583 1213 2568 7188 6067 3992 5232 8590 2672 7483 5125 5193 7594 1221 2708 2712 2754 5356 3900 5086 3432 7525 3570 7104 5521 948 667 2088 3234 2782 3392 2243 465
963 134 6782 197 6831 1742 491 506 1887 1916 1923 3317 122 3295 3359 7153 3595 1086 3862 4945 6000 2572 3916 7507 3933 6387 4912 6422 2649 8576 7572 5521
967 6782 252 5557 1742 6831 4483 4534 1768 8002 122 6962 491 3317 3392 635 1086 1144 7507 1378 5536
969 2995 4317 2992 6730 122 5557 7823 7850 6782 215 6813 252 5636 236 197 132 1670 269 265 211 4430 3050 1742 4476 1689 7936 324 3107 332 188 380 7976 4483 5759 5795 3069 3213 4528 8002 120 7782 2959 6703 2944 2949 1541 5790 4343 3234 7785 8034 1893 1878 3254 6962 472 5830 333 6968 1784 3228 316 5769 4592 7812 506 1923 1916 485 6961 5848 3280 6979 5844 5804 6990 3294 8008 1959 8003 2957 440 5870 491 1971 5896 4643 4652 573 5868 2002 1803 586 4661 1587 8093 7955 3305 116 5847 4448 1953 6909 3365 5944 5942 3417 3410 3419 2085 3426 648 7087 4534 616 5966 5890 5956 7101 7084 7108 7127 2133 2137 7059 6004 5901 3321 6013 4792 7055 1988 7162 3378 3556 3549 4768 696 6066 2168 2131 770 8245 760 3595 2135 7213 3443 829 7082 6166 4675 4948 2018 4912 6180 6185 940 7188 6082 8345 7309 6953 4845 981 835 7220 7365 8086 1003 3276 6210 987 3773 7151 6262 956 5103 7392 3788 2489 3818 2483 8468 3717 1098 5124 1105 6315 2486 2061 5961 8481 5173 5178 6362 3858 1146 8500 2521 7490 8502 6206 5001 3811 3901 2572 3888 1181 8501 1086 5170 5199 2584 3933 7507 6235 7491 3524 1213 3896 1258 8576 4001 7572 1300 2708 2710 2754 8645 4135 2057 5125 8466
972 6730 1562 122 6782 252 1748 4483 2974 7982 1840 3255 491 5848 4610 7983 2949 1608 3317 3305 581 523 7033 1803 3392 8145 4761 1988 3198 7109 6831 5989 8245 848 485 6235 602 2033 3604 6311 2215 1086 8463 2524 3862 3858 8481 1113 8144 2572 2256 7507 8590 8645 1361 1744 5966 6909 8097 4677 1830
976 5580 5607 6782 5626 3053 252 5636 6831 4476 7936 4483 5659 4484 3050 1742 7976 1778 7982 386 3069 4528 4534 5557 7785 103 6703 4274 3232 6968 3255 122 506 1916 1567 5848 3317 3305 5900 6962 3365 8084 3392 2029 4652 7088 8136 3442 3440 8156 8111 2133 7153 3524 2111 5853 8221 3548 3595 6206 8335 2373 5007 4771 8017 3529 4708 7162 3787 5106 3811 1086 7442 8466 5161 6359 1146 6367 7490 2572 3916 1169 6235 7507 7572
978 1598 1586 5549 170 4328 5634 5649 252 148 5607 303 5707 1778 4448 103 269 3050 5759 6909 1843 1850 1846 5772 3213 1853 3069 1830 8002 5790 8003 1840 6921 351 6929 2949 3211 189 480 3212 473 6932 5570 3033 6782 491 3053 3287 5632 8045 265 496 6976 3292 1943 5867 1948 523 1902 3240 3317 5879 522 7022 5859 5839 568 1910 8007 1974 5902 5837 1955 3365 563 7028 8110 455 4639 8107 3389 5896 5895 2079 7088 4743 634 5900 7097 1893 1959 464 616 4771 8050 2126 3321 3300 531 527 4704 6006 8170 3498 4656 6066 3448 4653 4826 3392 8177 8217 5990 717 2230 732 7181 6101 8245 4697 3517 8252 2182 4948 2074 4811 3591 6166 3474 931 2215 4865 6235 7025 3748 5005 2414 3276 6210 6082 5088 8439 3606 751 1057 6311 7183 1067 3811 6265 2490 2069 7091 2445 4945 1086 2482 1072 2111 3855 3862 1101 3853 6206 3729 6367 8501 3888 2580 2581 5212 3933 2593 7507 3966 2624 8576 956 7572 2754 372 1146 4764 3592
979 122 5580 6831 4534 5557 1923 1916 7014 3317 8002 5848 5626 8221 2373 1086 2562 2572 6235 7507
981 142 2992 5557 5570 138 6724 170 3034 7852 6757 6771 4391 1675 1677 215 7894 3066 239 7904 6782 1658 4343 252 3062 6790 7893 5626 5686 4442 5711 3126 4469 1768 7933 1775 3055 337 3154 5705 3150 4493 380 1822 1830 6856 5759 6789 2943 4274 4525 6929 7981 6925 421 386 1545 409 8002 3065 8008 7995 6940 1879 3234 4545 3239 3225 3241 1878 6869 1887 6966 6936 5795 5835 3208 466 6958 4559 469 5834 454 458 4569 480 4578 1900 5772 1906 6930 491 1917 3222 3228 4597 506 5847 3238 4568 3251 493 3292 1937 3264 519 4607 511 3300 4399 1778 5869 531 1957 4624 414 5870 486 4549 505 554 8070 4640 548 3317 3312 5880 3313 7019 1873 556 4542 1992 5865 3321 7033 8053 464 4647 465 581 600 4659 4484 3304 5913 4689 2014 3365 5866 607 1803 610 5914 8105 601 1646 2949 2957 6730 6703 1593 7818 4311 122 7801 116 6793 1558 2045 4283 6718 3400 635 615 4723 3393 7821 2047 3427 5769 4735 2976 2079 5954 613 7056 2089 6716 4534 7802 650 3449 2015 4686 616 7114 5956 634 5982 2133 646 2136 2137 4785 7107 8166 5991 6013 2033 715 5981 2002 4811 2166 573 558 5936 5929 8205 3511 4809 7181 759 609 2139 7188 7203 5976 6032 8211 756 7153 3549 3392 8199 2168 2234 7159 797 2135 2214 3560 7230 3587 5986 3594 2182 3603 8266 7233 4910 6101 3630 2298 661 7264 3240 3299 7071 3357 3491 4948 3664 8313 873 818 667 6171 7091 931 3626 7309 4963 7328 933 8329 8355 960 2328 7213 785 971 6210 965 8360 3646 6219 5024 6240 2381 6255 8020 2373 3748 5087 2364 1072 549 8451 3461 6141 6082 2352 680 7449 6202 5919 6943 5082 3820 3827 3811 7392 7365 6305 1107 2424 5106 2520 3837 3548 2482 3463 1086 6338 3862 8466 5125 7471 1128 6347 8474 3530 7409 5178 3839 7478 1144 3488 1172 7490 8502 3900 8501 3912 3888 6374 8500 3875 1184 6382 3911 7494 2581 6235 7500 1192 2585 6386 6387 3930 1186 3933 6399 5221 6422 5232 8576 7576 1300 2687 2712
983 170 252 6831 298 5719 5713 122 1558 332 4526 4534 7804 3213 1883 5809 4558 5607 6744 5693 472 3254 4584 487 6962 5557 6782 491 489 1742 1916 5848 6992 5879 3317 460 5534 1985 7033 4483 601 5835 2026 5722 4665 1957 5982 2141 7108 6930 674 700 8039 665 7034 605 637 6180 3569 2065 4726 4694 8049 6206 6235 696 4943 7212 3665 956 602 5895 1086 1105 3845 1113 1988 4945 8335 6367 3885 3879 1146 6362 6315 1162 3888 6210 1169 987 1174 2572 7507 2588 3597 6324 522
985 4274 6682 5537 1587 7802 7821 3033 7883 5613 2992 198 5526 2949 5525 6789 4338 6703 120 6730 215 122 4381 5557 7839 3092 239 236 7908 298 165 4448 6831 1562 5713 5634 259 7837 7955 4469 6884 5741 4351 4471 1804 3107 1843 5772 7981 7976 3213 3187 281 396 4457 5534 4534 1742 4483 473 502 6945 1889 7893 4399 1869 5797 4630 8076 1906 7896 6693 1948 1770 1921 5879 4564 4643 7009 3294 505 6782 5626 3314 1863 7927 1975 6968 1879 202 4681 5820 4525 466 4661 6962 5659 8092 3383 1972 8084 6979 4726 3405 2077 7023 7064 5943 3307 4740 3410 649 1907 4729 631 4639 2096 3416 2104 3425 8163 3460 8017 5900 699 7183 2168 5985 432 4829 6101 727 6072 4866 863 3630 6151 3591 7212 8221 6169 6113 3683 6067 7188 2135 8305 5803 3517 4851 4951 3594 6210 2238 3729 5923 469 1031 8335 981 1057 2419 8393 3813 3827 6310 7104 3530 2193 3839 6325 3775 2505 3854 1086 5161 8314 1087 2487 1105 6349 5990 3765 1135 1145 2547 6353 1129 3885 5086 3891 2563 5185 2576 7500 2584 7491 5141 8450 4001 2424 2672 7572 6035 2558 1262 7594 2708 8478 7300 6474 6374 1301 2750 6511 4061 2724 7437 2687 5341 8645 5364 543 1594 4500 1689 6054 516 1187
990 5626 4484 7976 7982 1843 1742 4535 5790 5634 1923 5809 2029 8107 4708 7059 2133 5989 2136 4792 7983 7017 2168 4865 3595 2281 2215 3811 8481 2562 3862 2373 6422 2572 5125 3439 8002 288 5804 3295 6703 7153 4483 3317 122 5507 6831 4399 491 6962 4534 5557 1916 3392 252
995 1742 5557 4534 252 6831 122 491 6782 6962 4483 3317 3392 2373 6255 3818 5125 4945 6235
996 6782 252 6831 1742 4483 4534 8002 5834 3254 3258 506 1916 122 5557 3317 3295 3392 4708 2137 5125 1086 8335 5966 4945 2708
997 122 200 4274 4534 4483 1742 3318 3392 2373 3839 2572 1201 7507 3928 4945 5893
999 7782 1545 5580 6682 4370 202 113 217 4399 3045 252 265 7852 1676 204 5607 281 1750 2977 5711 236 5572 3065 7908 5699 321 1594 259 3071 4480 106 1811 5742 6884 2956 313 6869 6870 5741 373 7978 1562 6920 7981 4529 3198 1843 122 4311 5541 2976 99 6927 7998 4535 421 7990 4351 437 442 7993 5790 5818 5819 8012 5821 414 6945 3249 6954 447 8027 111 3237 5834 471 8043 3255 1911 4583 5841 7991 4563 3182 1905 4343 3279 5830 5844 8054 1923 5792 4546 1812 3245 1858 8016 5848 3239 198 1827 4605 3280 4528 7896 1937 3281 1916 509 5504 4537 1947 8048 5853 1959 6957 520 1932 534 489 3214 472 5713 4637 8076 556 1971 7953 548 1972 8077 565 572 7812 5890 6969 5884 5888 4652 1965 4633 575 1996 525 5899 1609 586 5860 8090 594 3353 3359 585 8091 4675 604 1941 2006 533 3393 613 3401 2034 7009 4673 5894 635 3417 4283 4471 7081 4714 7034 5947 616 4726 3373 602 5856 8139 7093 2068 2077 6767 2104 5926 8153 7109 8101 8019 4767 8156 697 5906 7087 5982 619 8163 2005 8170 3405 4613 7162 5943 6030 6048 8184 637 5737 3519 7184 759 4809 6066 7181 4780 1988 515 769 2175 5986 3524 2223 7172 3569 3430 6113 764 801 7117 1970 2096 826 2168 3259 8252 3593 3449 5880 2281 677 868 3532 5968 3630 2199 2170 7071 8223 3448 6169 4781 8321 2052 2150 3595 3413 4825 7159 4797 4629 2215 6166 3560 3631 8305 4676 8355 4793 7283 8368 5981 5024 3594 8360 6039 634 7151 661 2341 7128 956 2108 4943 6207 2395 3277 2398 4587 2192 6249 7320 645 8245 850 2047 7402 2182 8275 7408 1045 3486 8155 5110 2236 2416 733 5114 3367 626 7407 2486 2487 2443 6141 2492 3276 717 5060 7438 1087 3847 6337 574 1107 3541 5970 2521 1113 2066 3543 3657 4622 3854 3862 1130 5164 4845 1020 2511 5163 5166 2544 2541 5178 3839 5027 7312 5174 3843 3882 2381 6360 6294 4777 876 3899 5179 2016 3873 3897 8335 8498 8502 5001 5007 3863 3910 8501 6171 3913 7492 1184 1176 3916 2581 1182 7500 8511 6387 6389 5212 8515 1193 8520 5141 6374 2580 8576 3997 4001 2670 6422 1301 3872 4061 2488 2750 5341 4743 8171 6779 5838 1944 659 297 7176 3234 951 519 7113 4870 2709 6941 6930
1001 138 6782 3053 6831 6920 107 4534 6929 5772 417 8002 5804 5803 1873 4549 6963 5806 6962 6968 5819 1923 5847 1916 491 506 5848 4483 4399 1959 4560 1971 8077 7024 520 1941 8107 3375 4708 2047 7061 1953 2045 3328 3391 3404 2078 3335 7081 2089 7074 5943 3293 2082 8145 7101 8127 670 4735 2077 4752 4771 2118 4763 4710 663 3392 5989 5974 2136 2070 3487 7158 2168 7162 3524 8221 3569 3432 4741 3514 850 931 4963 3654 3683 939 2361 2331 638 933 8355 873 7328 7283 4779 5024 7071 787 8146 8381 7309 6180 2373 4770 8111 3476 3572 2342 4992 876 3451 1932 5020 6054 8396 7159 3591 2026 3370 2286 3684 6105 2171 8086 8441 3783 5083 3754 8242 1074 6210 7356 1992 974 7121 2490 1072 8451 3823 1053 8463 3491 6306 3657 5125 4697 680 6325 5841 3826 7430 7341 6262 5954 6305 8204 8153 7447 2525 6332 2520 6331 1086 6347 3728 8473 7458 2443 6000 1101 4699 2544 5007 8144 3609 3530 753 696 2539 5169 2341 1146 6362 5190 8335 1160 5192 6367 7480 8499 2562 4943 1181 5199 1092 5213 3930 3658 7507 2593 3893 3837 5232 2649 8580 7300 956 3997 7525 8590 1310 6387 2672 1336 2724 4061 7572 2579 2558 2768 8640 1201 1378 6539 5364 4013 7599 3775 3827 1576 3636 4606 7104 548 493 6873 3348 2586 3788 2252 2215 1194 6910 1874
1003 170 3021 2949 6776 2944 5519 7852 3092 5557 5626 1616 5634 6929 4430 7976 420 6947 1670 1541 3239 4391 255 3269 4483 417 4534 5837 1937 5848 511 5693 122 4577 3286 4596 252 1964 6987 5873 5713 3317 6831 7054 3392 7064 516 3053 6962 5933 6885 5847 5868 2133 2035 4552 7116 3393 4829 797 574 2168 6108 2150 727 3277 2298 3664 3476 8335 3595 2265 2162 6162 2171 7140 373 2373 6249 8017 8397 8412 1960 1953 5125 3839 3448 5974 5150 2158 2070 3862 8062 8481 5159 6347 2491 2534 2548 7128 3916 6382 1184 6235 5211 8484 2583 7490 1213 3944 1094 4001 1304 4061 2754 7552 3992 3035 7782 5103 8002 6920 6906 2124 7188 6784 2243 8467
1005 148 122 6718 7903 252 6831 4328 4430 4476 4483 3205 5790 7981 4534 6782 4311 3050 6884 5607 7991 198 1878 1843 4546 1863 1840 1784 3254 3261 3232 5837 5839 502 5848 8017 189 3294 7014 4607 3317 5881 491 7983 5853 4622 3321 5895 3340 4652 3353 7023 3231 585 503 4275 3328 567 3349 5870 1886 455 3365 2029 5632 4708 4673 8031 454 2963 3378 1803 7812 2033 2036 2066 4735 7097 5982 5989 3373 2089 3300 2136 4653 4771 5956 707 4792 7101 4845 8107 8129 616 3511 4712 7108 659 8163 3425 6013 760 3513 5986 7205 484 717 4912 8245 8252 7217 3587 4743 2168 848 2281 7212 4878 6166 3595 2202 8221 4677 6113 3597 8275 8101 2175 680 6206 6180 6210 7328 7059 2215 4870 4806 931 2381 8005 1003 2414 3729 3684 981 7151 4666 8314 5083 6305 6294 425 7404 4945 6315 5106 3811 3443 2489 6953 2015 987 8458 6101 3820 3626 1107 3837 8174 5124 3853 1113 1105 8474 5155 607 3862 3859 5161 1129 8335 6347 5170 8481 5169 5178 3839 1146 3879 8503 3911 8502 1160 3901 8501 6367 1157 1181 8500 2572 5205 3916 1184 1169 1186 3430 8484 3915 2568 5001 2584 3487 1196 4785 3888 1201 6390 3933 7507 6387 1086 1218 6402 2624 8576 8590 1300 7572 2750 4061 2754 8645
1007 6782 3052 235 252 3098 1748 1670 4291 6831 4483 1843 1795 6927 3202 207 6885 7982 7981 4535 8012 4566 466 1909 5839 6962 1911 5809 506 3292 3245 1930 4447 5557 3176 491 1959 1836 5804 122 5878 3317 551 3294 8036 7818 4568 3348 8089 8070 614 5770 7009 585 5933 7026 4740 3416 3365 3313 4691 1914 3427 8129 2109 3376 7113 6945 8084 549 7059 673 2035 7121 4829 4792 8116 3455 3370 5989 1987 1679 5986 6059 3511 7151 8226 5798 2083 1928 3435 2138 677 3556 7217 3524 6856 4651 3569 5870 610 4439 4736 5968 3595 7212 4743 465 3593 8017 3430 4865 4943 7054 6990 6981 6180 6189 6037 863 7300 4793 3626 943 6206 3709 4664 6235 5024 3703 7328 2408 2416 4867 3631 6082 8299 4780 7345 1038 7341 8335 496 638 7430 5075 1966 8463 5026 3811 3461 3405 4732 3839 7437 3300 3560 2111 3788 1086 2373 6321 8150 3863 5161 5155 2513 948 8450 6207 2544 3875 3858 6341 2548 1146 7091 3888 1160 1141 4725 7057 3890 1168 5966 3401 2569 5192 3911 1115 1186 5205 7499 2573 1184 6389 2584 8101 2403 7507 3928 2483 5141 8498 8457 6441 2649 4001 2504 2672 7494 4912 2708 7594 3820 2754 8640 1262 103 8207 6953 1181 1894 2130 145 3529 3686 1664 6161 3279 5835 5759 2560 455 4584 4542 667 848
1011 252 122 1742 6962 3297 5855 530 3317 2091 3392 5024 1160 7507 5220 2750 1086
1015 252 6831 4483 373 122 8034 6962 491 4399 3295 3317 572 8002 8090 2137 8200 7153 6066 760 7188 8005 8314 8372 5125 4945 8436 4704 3837 1086 1105 2521 5124 3862 5155 8466 3827 8335 8503 3911 5199 2572 7507 1213
1017 170 5570 3053 122 252 281 4483 1742 423 6962 8002 491 506 1916 3317 8084 7036 5541 3392 7203 2256 8313 5125 1105 3839 1130 8335 3886 7507 1213 6402
1019 1578 4304 6741 5559 4317 3021 167 4314 3030 7803 2969 5580 6767 4283 1710 4328 3045 204 5613 4300 7775 210 239 6784 5686 4442 1670 165 182 6813 6793 259 3033 321 170 5689 4437 4430 4309 1738 3112 4279 7917 2949 1562 1662 7908 4463 5674 346 4465 5557 1610 215 1811 113 7785 3176 323 2980 3150 1850 373 7818 4327 3088 6920 5791 3126 152 4493 387 6884 4439 4362 410 332 423 136 7941 1793 420 213 1666 8003 8023 3098 7934 4513 5741 6870 343 1664 3234 7982 1770 434 1646 3004 418 3190 7981 6703 1748 8015 324 3211 1778 451 468 108 4575 3138 1897 4471 4558 1771 480 3052 6966 7912 447 6753 5632 2995 483 2993 6969 119 5762 6954 8013 5821 3260 3228 5798 1887 3107 4566 3256 1827 7882 1858 5848 4607 138 3240 1881 3069 4535 4581 243 456 1930 519 411 1931 4373 3287 1921 7004 3252 5835 1906 517 506 1825 1750 3280 335 1959 7017 7926 5879 6869 8076 6956 4637 337 3318 3322 4483 252 6962 122 574 6831 3392 1882 5944 7030 499 4629 3381 3416 7153 2137 7222 7188 6226 4873 2252 3430 2373 5125 3295 3862 1086 4945 1144 5179 5950 2572 6235 4794 7507 2754 1181
1020 3011 6796 3050 5557 5570 4523 491 1923 506 1943 2976 7059 3292 4577 1742 6993 3317 3485 2137 7193 4829 2169 2234 3448 7172 6206 8345 8335 7328 3413 6235 2373 1105 5082 3862 5170 3911 8466 2579 951 5280 4135 3035 6049 1637 2091
1022 148 134 4281 5557 252 303 269 1830 3182 5519 1558 6744 132 8016 6962 4534 122 471 3069 421 475 491 4601 245 4399 6990 3202 3329 5534 3359 6831 7812 6976 7953 454 5891 2133 1742 7059 2178 4777 4910 3820 3295 3839 1086 7199 8500 3916 7507 6402
1024 5548 6716 148 4319 1629 170 1616 4338 4391 5626 5543 114 217 6813 235 3064 252 7885 4271 4374 3030 3023 3052 239 6796 138 7893 7876 215 6784 94 137 292 7926 259 1761 4466 1738 1647 2977 5636 7837 5572 5559 1767 1804 5742 167 7941 4476 4500 1822 4447 7978 7934 4493 6920 7838 3122 6884 6921 6914 7936 400 6720 4400 5791 1850 280 6826 3107 3169 1775 3154 5722 410 3205 3040 1846 374 4457 4528 1731 3202 6881 1867 3053 1861 5792 3187 316 5551 5678 1836 1771 8023 5798 5714 6959 4483 3241 5772 6963 3182 4567 1890 1878 6932 6752 3249 1897 6977 1873 6975 3261 1768 1901 5810 3239 6936 8048 3232 4563 1900 489 430 3287 492 483 3269 5848 1942 5855 4399 1959 4486 7007 541 1946 475 4597 6991 409 4330 4568 5881 7014 1906 1803 2959 122 7785 3312 3317 5721 518 7019 5541 1581 85 4649 1568 6698 556 4651 7804 535 5523 7812 1990 5893 4544 1874 4672 3336 7041 472 1902 4633 6978 454 5906 596 3353 2020 1565 3206 491 6976 607 564 5903 575 522 3335 4695 1934 1986 3294 4545 4677 4469 3331 4629 4664 5938 5895 7073 3330 592 2084 5968 7097 3219 2005 6753 3427 5969 7074 5920 5928 7066 7086 2109 8148 6980 2980 2096 5979 1996 2107 5950 2050 3410 3425 2051 4752 2091 7071 1953 4653 3162 7082 563 8077 8009 7034 604 3233 1594 4697 3398 7083 656 7127 6001 565 637 2137 8136 5981 663 7114 707 7153 715 376 8147 7193 3511 760 6072 8153 767 7157 6066 8226 770 4537 8111 3571 6856 8221 8220 4710 2170 7176 3587 2155 3507 680 6012 7178 4675 795 5988 724 4715 4743 7093 662 431 7158 5975 2238 6157 6990 2195 736 3150 1999 2113 3664 7128 3474 4959 4546 638 4626 3529 6189 826 8005 2150 931 6030 7179 7283 2252 7328 3430 6162 8242 5020 7025 3601 971 6219 3319 7140 4826 4780 4768 5001 3426 4777 2428 4943 3327 4809 5923 3684 2441 8314 2416 1045 987 8442 3787 7392 7402 5083 6249 3750 1028 3439 1016 8441 7341 4574 5114 402 6210 3657 8144 2471 5101 6105 5901 8458 1072 4910 2483 2014 3820 2487 6281 2037 2509 1107 2513 2525 6321 4787 8162 1112 7447 6339 7468 7290 8335 5117 6349 3843 6351 8474 1086 3859 1149 5180 1146 6101 5186 1014 1160 3890 3855 6322 5103 6215 2562 3885 2568 1157 3487 5204 8506 5179 1177 951 1191 1182 2581 1186 6374 6390 2580 3886 1174 2586 5170 1168 898 7507 6399 3944 7525 2606 6402 3519 1206 3955 2630 7497 3969 8580 3997 1285 3992 2709 4061 1176 2754 4095 5315 4300 7164 5184 1100 876 1679 3856 981 2482 7113 696 2065 2970 1262 4013 4570 3315 632 6718 2123 4556 6337
1027 6711 148 6703 145 5634 7894 236 3053 7837 198 120 252 5557 303 3138 7955 4311 5755 4351 3205 1843 106 6929 3069 1840 3050 1771 1867 4483 417 1830 5632 7991 3234 265 6909 6718 4537 5839 8034 5649 506 490 7785 5549 122 1947 5837 1886 5881 5869 1916 5521 3340 4563 1742 8084 585 1988 3295 2020 607 3365 7983 4708 605 5848 2077 7976 4534 2066 5790 5772 4725 3317 5943 8136 5989 5769 3404 5956 2137 6010 4792 634 4715 8005 5721 2175 680 3511 7230 3587 3524 2136 4945 8221 7212 2215 3261 3321 5007 7188 4775 7162 6962 4878 7356 8048 696 5083 3820 1087 3811 1086 5125 1107 1105 3837 3378 8466 3862 3729 2111 5161 7093 5178 3833 8481 6359 5170 3879 2443 3530 6367 8502 8501 3888 7490 2572 2568 7094 6235 1169 5205 7507 6422 2649 6441 8576 1213 4001 8590 7572 1301 4061 455 756 421 491 1846 2580 5896
1031 113 134 138 170 4311 2977 120 5607 5613 6730 6790 6813 252 5649 5557 6782 324 7908 1784 6711 4439 343 1786 3173 106 380 3050 1850 5791 5790 351 1778 5534 374 421 411 3208 1781 3239 5835 4544 4535 7999 1911 5795 3069 3261 332 5634 122 8045 491 5804 6976 7934 5848 1916 520 1959 7976 8002 1887 4330 7801 7812 6703 1910 1581 7785 6975 2949 1541 1562 3306 3314 4274 4484 4661 3353 5896 1943 2035 623 4695 611 3422 2066 5885 5916 4726 7088 4708 4457 3371 4743 7087 2950 4514 8107 6930 630 575 551 6909 4740 7097 3317 582 3392 7094 5956 8084 2136 760 770 2168 4878 3626 4969 7162 7356 2373 2002 6006 3548 3595 4945 8474 1107 5005 2562 7460 7499 3933 7552 2624 2750
1036 6748 1586 4473 6909 6929 1541 3198 1646 7801 5805 132 6963 5834 1830 489 119 425 5869 508 1964 3322 4651 563 1933 6921 4659 3410 636 2078 8130 3422 649 2030 7101 8090 5989 2104 6001 5982 4792 7118 8163 7181 7217 756 6072 3430 1679 2281 6171 6151 939 2136 3511 3560 8150 4951 6325 7091 6337 7420 3684 1101 7103 5170 5178 5184 6206 6367 1153 3899 2559 2562 8502 2553 7490 8345 1157 8484 1056 8505 3862 1192 6326 898 3930 3933 7507 7572 1300 8590 6474 4912 6387 2572 3839 1086 8221 5315 2750 5205 2712 2754 2084 4537 6914 5557 3392 122 829 4945 5125 2089 6799 1916 528 120 1697 6962 5848 8002 6831 7153 3295 5804 6703 8084 491 4399 2137 252 4483 4532 4534 987
1041 170 1612 5613 3040 6680 6782 200 5634 221 3036 3066 3092 1735 7850 5649 5636 239 6718 152 243 312 259 7945 324 4484 3150 1812 1594 210 3187 6920 1771 6723 122 5545 4308 5790 4534 1850 2963 1568 5527 7800 1770 4526 8002 335 369 4520 1778 103 7812 7934 3221 429 409 5706 1742 8026 458 7999 453 456 1887 5826 5799 4552 3237 3240 5831 6967 3255 3234 5816 465 4575 447 119 3261 4430 6931 3206 491 3212 3258 3271 7983 489 493 3232 3253 4560 8025 4597 6995 1881 6953 5810 5851 8034 5798 5869 347 4328 520 451 7011 5821 1928 4632 5883 8084 1970 1906 1944 581 3349 529 7908 6978 5693 8042 582 8089 585 1898 5911 5835 5868 2066 7081 2077 7055 3422 480 4641 473 2091 4735 7097 2089 2017 5766 4761 3269 3440 670 7109 4724 3423 7101 3443 4710 2137 2151 634 664 724 7086 1988 2033 6066 4525 4825 1786 8165 2136 5843 792 2202 616 189 432 8199 7205 5891 3181 8238 5954 3604 5762 3630 4609 3560 7176 4910 2117 1861 5734 931 6206 2207 8355 469 4699 4996 5007 7342 5024 3513 3347 2358 3379 2408 8197 2419 4719 656 5110 3729 1031 727 8442 3818 5125 3355 780 3811 4787 987 2486 6311 6331 3378 751 3276 5060 3626 5155 2532 974 8211 3862 7437 7320 3858 3435 8116 3855 6359 3879 6361 1146 5186 5126 3899 3474 1170 3895 6314 2562 2328 5197 1157 7490 6362 2069 4727 2581 1169 3915 2492 2585 3381 8204 5063 5961 402 1218 4300 2630 5989 7552 981 1285 1206 8580 1300 6474 6515 6390 2750 8645 6374 5848 6907 4338 4542 3204 7986 3039 7066 3286 5966 1931 8136 8092 4271 2940 3211 6885 5123 3035 4590 7790 197 7094 4764 4400 8073 8065 5504 1914 435 6010 108 455 5873 3190 3088 4566 4714 6990 3487
1045 202 5613 6831 380 7801 8002 4537 3053 5772 347 252 7981 2959 4490 3258 6962 7976 1897 5795 3049 387 4534 553 614 623 2029 8136 2133 4792 3392 491 989 5125 1086 8335 7507 6474
1046 4317 148 6730 145 5570 170 138 7839 5613 6771 5607 3052 6779 4381 6793 1670 252 1748 6782 4447 6831 236 7907 5626 7903 4463 1562 3138 324 303 7926 7945 4309 4476 1744 4330 211 7955 343 3150 1647 6718 1768 4483 3050 3168 380 4500 1578 5636 213 5759 6909 6925 7982 6922 4520 7850 6920 7981 6878 5705 85 3205 4508 7936 5713 1724 1586 7831 1618 5519 1850 5722 4398 4291 134 2947 5797 1628 1836 1689 1846 7801 1770 6929 168 3213 1863 1830 8003 1840 432 4537 4535 5798 3234 5821 421 3198 3069 6963 6939 3241 5812 8025 430 4569 1893 5790 1878 3261 3239 8031 3255 6981 479 3222 4559 5839 7882 478 4563 491 8002 1887 1911 417 4534 5848 5867 5874 6962 7017 1919 1916 1985 511 1959 469 533 1882 5795 3392 625 3315 635 3361 2029 8107 8136 4279 5804 3414 613 4771 6001 5895 2963 5549 2980 4311 5933 103 563 4343 2976 122 3427 3485 2137 5989 4723 4829 759 3524 4626 663 6066 2139 8221 4778 4865 8017 7188 6082 792 4825 7279 7283 7312 1941 7172 2215 3618 7328 3487 981 5024 8155 3686 659 1953 4716 5020 7014 6210 2419 3770 719 5103 4757 8436 8450 7091 1105 5125 3839 3295 7213 1093 3862 8466 5170 1101 1122 1146 5179 7471 1160 8335 5189 3911 1186 7507 677 2573 6399 1221 2624 4001 6387 1258 1300 2687 8590 1310 2750 2754 3287 6703 2949
1048 138 3021 6782 4314 5626 252 168 3049 7823 7882 6793 3050 6831 298 5576 6907 5649 6909 4400 4480 2940 1822 1541 2943 7978 6910 1761 8002 2949 4534 4483 425 4556 4571 4575 417 1911 5839 4587 1923 506 491 6957 5867 5847 269 5534 4635 3086 1803 122 4666 6711 1587 3353 8084 525 3392 2068 3417 546 8074 4705 4657 604 5956 672 490 4767 6001 4792 2137 2136 8200 4829 3524 8197 7188 3347 5951 4777 3488 777 6168 4865 3595 7091 656 6206 7328 6235 3748 5926 8329 4961 8017 6210 8463 2414 5088 1087 6323 3295 5154 1112 913 5170 6359 7490 5192 5204 1129 2572 5205 7499 3933 1200 3944 2630 2750 2754 5315 3728
1049 4341 5580 167 1610 7801 145 3049 198 5626 220 4381 1662 3050 3053 6782 6824 7870 4407 152 5636 85 5674 5689 5553 7850 6682 3112 3122 5678 6755 1628 4437 7933 6711 348 213 4442 7898 1771 5576 380 7936 7907 373 7978 4448 6920 4523 4529 3045 6931 223 3205 6934 5648 5727 6940 5632 5769 5830 3219 1887 455 5818 5799 5822 265 1866 8034 5835 4288 3256 4571 1873 469 5834 1892 3231 5649 3267 3283 5847 3255 1916 1914 4319 5521 4279 1587 2947 2949 489 4311 3280 1930 148 106 3287 7983 6981 483 3296 170 5854 1886 527 1935 4283 2979 515 8048 3206 4607 5874 7014 7985 1962 4483 508 7019 5721 524 3294 554 7000 3311 518 519 3317 1966 3292 529 8029 5880 7008 8057 1972 4666 4652 111 2006 5899 1906 3348 1971 7045 464 3300 4647 5890 8090 4672 8002 3356 6962 5895 4657 3365 608 5772 607 8105 2001 3282 5916 4535 5823 7060 5920 611 4664 1928 3259 613 4639 4632 3404 4723 5868 2080 5952 533 575 548 138 4743 511 440 582 2077 650 7081 3414 1975 5974 3416 8149 5959 430 5947 5919 3394 7108 7082 7113 7101 2070 7114 4613 3450 673 2130 4777 4667 4694 2131 402 2089 4763 694 3445 2133 3477 2151 6869 8136 4758 3327 707 616 3481 4653 7164 659 2168 2137 6017 2087 3439 581 3511 2068 8177 4732 7193 3286 717 3401 3198 4624 503 2079 2217 6066 4837 3556 5996 5943 3569 1944 4870 7205 3202 8130 7230 6032 4806 2260 3571 7233 683 8224 5873 7240 2281 7178 4795 3340 5981 3637 826 6185 2214 8184 8155 572 3664 6090 6180 4963 848 1943 6153 475 939 8153 4992 4825 8329 2215 4948 4961 4910 3665 3528 677 2358 8360 7313 3476 3220 971 956 8245 876 7341 2262 968 6067 3646 7059 3729 6219 8252 6249 7356 4926 7242 4793 8112 437 3773 8442 3754 3783 5083 718 637 3787 1028 1048 1996 5063 3807 7404 2428 2491 4849 5989 727 5103 6315 6306 4865 8463 936 3229 7402 496 1084 543 4780 7454 8159 7447 6037 2015 955 1092 2293 2047 1098 3808 6171 8472 5820 5144 1102 3823 3765 2171 8381 2373 5101 5088 5986 3833 8211 6105 5145 6976 1096 3827 6294 2182 7093 3811 8238 3458 7430 1020 8162 3498 6341 7220 5136 2518 2381 3560 5153 1115 1078 3819 8481 6336 8434 2538 7458 2445 7103 6321 5170 5169 2549 588 2243 3594 5173 6346 8124 5178 3871 3880 5181 672 1154 8497 7025 5146 1129 8499 3839 6367 5190 3788 3899 3896 6313 2560 3902 8500 983 4757 2558 8484 7480 2117 3897 5990 3877 3474 2568 5197 3887 2563 1083 951 3470 8478 2403 5211 1191 7500 6389 7497 2585 1176 3930 5199 1186 2492 5106 3933 7489 5205 6399 3666 1094 1218 2611 3955 2632 3913 8335 8543 3966 2600 8458 2483 7107 2548 8576 8580 3997 6202 6015 2672 4912 8590 4013 1301 7599 2687 6511 6515 2750 2768 4104 1378 6539 4135 8501 1141 6906 1846 5087 4300 6990 1594 5746 6082 5938 5734 709 4721 376 3770 3228 432 5110 516 8060 3381 8088 1851 3361 2073 1778 5356 1836 4343 1689 7029 5961 2535 4548 3856 5551 3233 2160 4537 2002 7054 1786 3636 1881 8144 1016 7138 439 6961 7094 7398 6049 7927 4610 408 425 8101 6907 8170 2199 7782 2127 8036 6998 5903 5163 850 7112 4601 576 8227 732 3225 6322 512 3088 3487 3162 6209 3548 3252 4655 6012 8174 8005 486 6010 5720 4340 1941 5125
1050 170 138 4328 134 1616 3023 252 81 3044 6741 6931 4483 1742 1863 5804 455 3234 5529 8026 6705 100 410 1879 6688 7796 6954 5521 152 5553 3241 4558 3249 2969 207 439 8029 8002 4575 1911 487 491 1916 8008 4577 5848 6962 3292 5557 3303 1886 1932 3300 8084 2003 577 1990 2016 4666 607 7058 614 605 5945 8129 2018 7088 5868 3404 4585 3305 3365 504 1946 3373 3392 5900 673 2104 5991 7084 1964 3317 558 708 735 759 769 4904 2119 7071 4910 2215 1830 4673 8321 8295 7233 5860 4656 3618 8097 1928 6952 2331 561 6930 8329 2138 4545 4597 5024 6210 974 3377 4639 7213 888 7242 3418 4697 2328 8086 3686 545 6240 7345 2414 5967 2418 3595 3717 8199 7240 6939 4544 4699 2235 3684 7408 3259 3777 5087 1048 5020 6207 5083 4849 7037 958 955 960 900 3507 1913 4833 8141 1974 4632 3400 7356 2364 7404 3601 3807 3770 3376 1084 574 4939 5891 5854 1057 4581 3398 7407 8242 5126 524 5114 3251 565 7435 5164 6349 6315 5895 2511 5169 7475 1106 5170 2039 1081 6015 3845 719 1122 6345 3322 795 2166 2545 2217 3445 6326 7478 963 2135 987 5180 1153 2572 2568 8335 6235 7507
1054 241 1796 373 211 1544 5557 5758 4534 8002 5741 122 4483 6831 6962 252 6977 4583 1742 491 506 1916 4399 518 7999 1992 5870 5890 4697 3317 635 2091 585 6001 4724 7181 2205 3392 4607 8300 3664 8321 7328 3477 6235 4945 2490 5170 5138 7504 7507 1221 1204
1056 1614 6718 4343 3007 1583 7831 3030 4317 7822 220 6796 6790 5654 122 3098 1592 6843 3073 5693 7896 5713 246 7791 4275 7802 243 5706 6868 297 346 207 5659 4483 5557 4476 6819 5741 324 3176 3190 6831 380 6921 3169 1850 1771 265 3090 3150 6869 417 1856 1742 410 386 4504 4546 3226 1851 1860 8015 430 460 1861 6878 4563 6959 1889 474 6936 3258 6753 479 5830 333 8027 269 1911 8016 295 6682 4311 1646 1608 6724 1587 1901 1677 5521 5558 1840 7839 5649 5549 6826 6711 5831 176 4590 4309 288 6981 337 1784 4531 4584 7882 1933 1878 137 506 4565 3253 4551 1873 4399 3035 1830 1887 3290 530 5869 519 5870 1854 541 6836 1943 7007 7017 1781 5805 4597 5879 4560 5799 3309 1893 4545 8065 8070 549 4330 7023 5853 5867 8074 1916 1979 5850 7033 2006 4637 5890 8089 7048 4683 4691 1946 3361 556 1803 8094 2030 7058 5921 5902 2028 8110 3223 5832 7013 1945 1658 8124 2065 630 2078 1944 1923 8086 5891 3112 5896 7097 585 5959 4677 1953 610 4652 565 3302 2014 3440 1882 670 3444 3373 4716 5913 2130 7108 615 6856 7130 2152 8135 8177 8205 3482 7162 4809 2205 2139 2138 8179 3377 2155 756 5994 2217 2223 8197 3556 762 795 7164 3549 2234 7222 3431 8249 2173 2158 677 2136 2175 2170 2168 3289 3245 3338 8199 3630 7240 8087 2150 3376 708 6166 3593 868 4948 2201 3654 2154 5991 3664 4959 3609 2238 6090 2342 931 6067 4851 4992 4997 5892 3474 7320 4956 8355 4943 520 8360 661 965 7025 7279 956 2358 8393 5766 3379 8396 3229 981 511 491 974 5803 2381 5770 4939 3754 7976 6264 4910 8439 3783 718 5083 7259 7151 1048 651 3657 5007 3375 2495 5953 1081 7449 1057 6325 4622 2038 719 7430 4865 7029 8434 5142 1014 2047 1988 1902 3775 3626 3811 6186 3837 2416 3833 2524 8345 8463 3401 7220 6305 2137 3839 5145 1106 6294 2513 6000 3446 8466 3861 1086 1122 1114 8314 3813 2538 2424 8436 5165 5153 908 3852 6306 3851 5170 5881 5125 6322 2443 1151 6363 3863 6367 6362 6369 1160 6082 1129 1172 1171 3897 8397 2035 1168 3912 2571 5204 2572 1157 867 5197 5199 1192 6390 1196 3859 3928 6387 6399 5217 7507 8458 8520 5141 6353 1094 1207 3913 5221 1221 8515 6402 2626 2630 6422 3966 1083 3893 3969 3997 1213 2672 2687 1300 2688 1301 5298 2708 1314 1336 5315 6515 2754 2712 1361 1378 3873 5173 8464 2970 8316 4625 4847 2002 4322
1057 6716 122 6782 252 5572 1742 4534 1846 5557 6962 491 506 5869 3317 8084 5534 3392 8112 740 5843 6113 4871 5125 3837 8502 6315 7507 1262
1058 4288 134 170 138 3064 252 6793 243 3050 4291 5719 343 4442 6884 4528 5557 417 6831 5769 7801 6736 1887 1911 1923 491 511 4399 1647 4483 6962 5851 8084 1544 4652 4708 4536 3400 4697 1742 3417 2046 1965 6910 4534 3317 1916 635 7153 7036 3595 1996 7328 6235 2168 8017 5951 5772 8335 4829 5125 6321 3295 3862 1086 7480 3916 7507 4001 8613 2750
1059 3053 6782 252 6831 323 4483 1742 1843 437 4534 5759 4578 1854 6968 491 6962 511 5844 6981 4568 7014 3317 3248 3308 3392 5919 8129 7109 8002 2137 707 2086 7153 122 4732 2096 756 6101 8207 2281 667 8406 2373 3750 2489 5848 8472 5144 2030 2518 1086 8335 5125 5181 6329 1144 2548 6367 2572 1184 6235 6390 7507 2632 8576 2671 7300 1176 2125
1062 1677 6831 1593 6688 1541 6698 3173 6932 7790 4534 132 5634 1916 3280 4483 114 3251 4399 6782 252 491 3392 8104 4873 6235 1003 1086 8155 1133 7507 4001 8576
1068 3053 6782 252 6870 454 122 1742 5804 506 4483 6962 1917 8084 8136 491 3317 4771 4534 3465 1970 3549 3392 8221 7217 7222 8184 6235 1086 8335 5125 7507
1069 4304 7782 6782 387 4500 6771 4476 1812 5790 6813 3169 7801 4534 346 5759 7893 5758 4526 252 5632 5557 6962 4351 4400 4558 4545 4573 7995 5772 489 492 1923 1825 8002 5805 1568 122 6957 6705 116 3312 5870 512 4615 7019 7023 465 3330 5722 3340 4661 7041 1544 3328 5868 4673 558 3392 4708 632 5933 605 636 3254 236 8145 7908 694 1781 8168 103 8144 5996 4829 8136 3451 7140 8226 795 7217 7300 2074 900 931 2033 7328 5024 2373 6929 351 3729 8442 1048 5087 8160 8397 3765 4704 6113 3276 5125 3601 8434 1086 6338 8335 6362 1146 1141 6367 2483 2496 780 3901 3911 5197 2572 3915 951 5205 2581 6399 7507 6390 1014 1221 2606 5232 1213 3992 4001 5007 7594 4061 5636 303
1070 3053 197 6782 6813 252 6730 122 311 6682 1594 1850 4534 4343 168 5795 4537 4330 1916 506 8002 1742 4291 7801 3317 1887 625 635 3392 6072 4948 3664 4483 7188 7328 2537 2559 6235 5212 7507 1086 2710 4135 6943 2105 3928
1074 122 3105 6831 5674 5557 4534 6682 5689 6962 1911 252 1916 3281 491 6782 1742 4624 3317 3392 4710 3376 5766 613 5943 2123 4483 4943 8216 7094 6305 5961 5125 1086 1165 6235 7507
1076 252 4483 4534 5557 3241 8042 1916 5870 3317 5903 6004 4959 6321 7507
1084 5504 6693 7823 2995 7775 5521 1628 4327 5654 1710 1647 1676 7863 7852 182 4391 3064 6771 4381 7904 4398 1689 7839 1670 3037 211 5613 1669 7882 1658 204 1745 7871 4373 6819 5689 6753 103 5713 1562 134 252 3023 7936 6831 6868 122 5634 1677 1724 346 6755 347 1578 1558 1568 7800 4292 279 6705 2944 2963 1587 4271 1541 1612 5576 1598 5741 343 152 3055 6904 387 3168 5527 5519 4278 4291 6741 1637 2947 6922 6818 7796 7813 3187 3173 1843 2959 2976 6688 4304 1547 6920 5520 2940 1545 6680 7934 6946 311 1544 113 4279 4343 1840 8013 420 4317 5822 460 3225 4500 6748 4552 1827 5798 8007 4288 1878 1750 3249 5649 3004 380 6918 7981 4571 3181 6954 6969 6939 471 4566 5769 6968 369 3212 3248 4520 3211 3255 3279 3264 4591 3220 8031 5803 5847 1923 504 6981 8054 145 4577 5844 6979 3232 4597 3176 3297 6964 475 4607 1866 4601 3292 1954 2977 496 3229 3223 1887 351 531 4594 8077 1886 3313 3320 4651 1971 7016 3050 571 1979 1992 2002 4556 465 2005 2036 608 2035 614 4694 7026 4661 545 2038 5936 635 458 5954 7017 3302 5933 1893 524 4699 7088 2091 1836 8145 8141 8149 7059 7802 2033 3423 4732 4752 3432 7082 650 3426 4761 7081 7113 2109 8156 666 7114 2133 7127 2047 3449 604 3450 5975 3306 1812 8039 5830 8171 3470 1846 6010 5981 6032 6013 5964 2136 6048 4600 8216 8179 4837 4829 6072 2217 4821 2223 3549 770 5884 4870 418 7108 6090 4845 3062 8005 826 680 4904 3530 695 835 6039 863 3637 477 6082 4919 7159 7212 4560 7152 7188 7328 850 7014 8396 3728 2403 2392 588 2416 3446 3529 981 841 1045 7402 7407 3606 5082 485 5103 2489 3729 6315 5130 2499 7151 4910 2487 2373 5953 3820 5865 8084 8165 6314 5148 2262 3847 8468 6962 5150 4961 3813 5049 7458 3843 3788 2513 3857 1096 6310 8481 2111 3859 7107 2264 7471 6332 5173 5178 7480 8478 5169 1123 2549 5935 2548 8335 5159 3880 3862 987 1126 5184 2398 1160 6367 7462 1170 2562 5199 3901 6362 1181 2576 7499 3915 951 8458 1201 3933 1218 1213 956 6402 7525 3969 3966 8576 2669 8580 4001 1086 5125 3839 4945 2754 1196 7599 2479 8120 4399 7153 4483 4955 3295 491 2137 3975 8129 8002 5804 2572 1916 5848 3317 3392 4534
1087 6782 3053 252 6831 4483 1742 4484 4534 4528 6703 122 6962 491 475 4399 1947 1917 4616 4604 188 3317 509 8084 2073 7059 4837 3587 4945 872 450 971 8439 7408 3519 5075 5038 4691 3414 5119 7443 6390 7507 6399 7525 3944 8576 2708 1314 2768
1089 4534 3053 4309 2957 4526 138 6962 5572 3198 252 1837 8002 1911 1771 7801 506 1916 4399 6922 5804 543 5881 4643 3353 5870 3317 3392 1867 5895 3202 563 582 5914 1784 635 3404 5942 5890 7033 5901 5772 4622 1906 8133 603 5834 3305 649 1768 4624 7101 7870 5818 8136 106 1959 610 4771 636 491 8163 666 5968 458 4792 6013 4708 7153 8200 6066 3524 6072 1947 7203 7217 6113 2168 8005 7140 3430 4430 8245 3448 696 7091 2238 3391 4661 3597 7151 7264 8221 3570 4829 6206 8111 3529 7213 5020 4943 981 8360 2373 8314 3787 2175 3560 7356 5125 6325 6209 3813 1107 2215 3811 2443 1105 8463 6329 3295 3839 8466 4945 5170 7478 3548 1129 3879 1146 8481 3888 1147 7490 7188 1157 2572 1169 2581 7507 6235 3916 1218 2611 6422 2649 8580 3928 3911 1181 7572 4061 6539 8335 1846 3064
1092 4483 6929 1850 1742 8002 489 491 3255 1916 456 5704 1947 3353 602 607 3321 7058 4694 2066 7088 3317 8145 3425 7097 4652 672 6944 5900 2033 7178 770 2168 7078 5981 3587 2135 3570 7029 5911 4878 7082 677 572 3595 4948 7217 8275 6067 6117 931 2080 3418 4755 2193 4811 7300 3593 6921 7164 826 6035 4939 4865 7328 5024 2392 4757 6235 2408 8211 7162 8439 717 6000 7404 2047 2492 3837 3862 1086 5178 5170 6359 4725 1146 8501 3888 1072 3901 1184 2572 1186 3933 7507 6422 1213 7188 3966 2256 8590 1301 2750 2754 4061 6387 1846
1094 5557 170 5634 6782 252 4362 6703 7801 1911 491 1916 6962 506 3295 505 5804 6831 3392 3317 8084 7153 2137 2074 3839 1086 4945 5154 5125 8335 1144 7188 2373 2572 3857 6235 7507 6396 2593 6422 2632 2754
1096 4328 5613 7782 170 2944 6703 4275 138 1562 148 134 7812 7801 7813 6790 188 6782 3033 7908 288 5693 2957 2959 303 116 5713 5607 7955 7936 6868 1767 259 4311 7850 5659 324 6920 4500 4529 1771 4381 5634 1827 6856 3062 3187 1544 3053 1812 5649 5557 122 252 1748 3198 3050 1545 3226 8023 417 1863 5799 6954 1887 425 4549 5769 1830 1778 3241 5835 3261 5809 7863 1911 6753 6711 5821 3255 6968 4351 5834 4563 1923 5848 3220 491 1916 1878 6962 3269 489 484 6979 3069 132 473 3206 4399 5869 5853 7882 503 475 351 4609 8029 7926 1742 5804 3281 490 1858 7014 5881 4623 421 4637 3252 1972 7991 8016 5766 8084 5843 5772 3328 5890 2002 7033 1750 3353 8088 2015 3232 3349 8110 3317 3300 1784 455 4715 8129 3305 573 632 7088 7074 7094 3294 5951 1953 602 566 5936 5982 5956 3347 636 4653 3293 4607 3299 5790 312 4792 2136 3477 707 699 735 8200 6013 4829 2137 746 6066 3491 7230 6113 4752 2168 458 848 7212 7140 2139 6166 3637 8174 4948 7091 2238 6117 3513 8345 4677 827 5024 7328 4943 3684 5020 2364 2350 5087 1072 987 8048 1048 1092 3833 6311 3820 2111 3463 829 3295 3853 1113 6329 5901 1101 1086 8335 2534 6344 6359 3888 3890 5174 8500 1157 8503 7490 4725 1168 2568 3901 3911 1169 3915 2581 1196 7507 3933 6402 3886 6422 7525 2649 1213 8576 1301 2687 197 7922
1098 148 5572 3053 1662 3052 7852 213 182 1771 3071 134 5636 269 324 7782 7807 6703 8002 7785 351 1742 4534 4483 3198 1878 5838 491 5607 252 5759 1812 4381 1748 210 3138 7801 6777 2969 7908 6790 116 7812 5853 506 7955 3240 1784 4399 5649 1944 453 479 3300 8017 3317 5888 4649 7019 5890 3299 496 1860 3353 4624 8084 1988 602 4677 606 3365 2029 7088 5896 8145 5883 4771 756 3378 2108 2168 5981 4829 7113 770 820 7212 4865 4878 3587 7230 2281 6166 7217 4948 5024 6206 956 485 2089 6066 2416 3655 5124 8451 7430 3729 3827 5106 3839 5161 8372 8503 8501 2562 1123 1086 2563 2581 1174 2580 5205 1201 7491 2569 1301 4785 4945 7188 6101
1099 122 252 6831 1742 4483 7801 6962 138 5769 4399 1916 3295 491 8002 3392 8084 2137 7153 730 8221 3683 5125 1086 3839 7507
1105 138 5557 5634 6782 6813 1662 292 252 3050 7955 269 4417 4398 7838 7982 256 1840 4528 1594 122 417 5772 3190 1846 1827 5529 7991 1843 5790 4537 134 4534 1874 3222 4549 6869 3234 1883 6952 3198 1911 1917 3278 85 7801 4283 4311 7907 5607 1598 491 1900 116 7782 458 1646 374 453 475 3245 4304 4587 3287 6784 6730 4330 4486 1930 6790 6981 1886 4274 3053 5686 1587 7785 1887 1583 7813 506 4597 530 430 3213 1898 1958 6995 7015 5839 7016 1966 520 6969 8073 1964 7831 1980 351 1775 4653 3259 7036 1992 5869 8048 8034 5734 1544 4687 3361 8090 7046 519 3371 3353 2039 607 7058 3389 8039 6962 1943 4483 601 5937 3404 5942 3376 7028 7026 5952 4639 3348 3373 1984 372 5860 7097 644 7088 3377 2077 5926 2096 1882 3306 3423 8136 5966 484 1916 4657 3449 602 6001 2018 3246 8163 333 7078 5900 3253 2035 8146 6006 8089 8200 7184 7183 7116 2033 2113 7181 8179 2137 6066 3435 4825 4837 2223 4811 7203 2230 4829 769 6072 770 4719 7222 5943 5996 826 8245 760 3479 820 2214 4870 732 2265 4912 7983 7264 6166 469 4865 673 2202 4476 939 7309 7188 7242 5007 7328 2264 6209 7356 1880 6206 3524 3684 3548 2136 2123 6945 8017 2427 645 6210 7279 1028 3631 5803 3818 2168 6015 3729 7151 6334 3837 936 8275 7094 3626 2243 6032 1105 7435 5106 1085 7034 3811 7420 2486 6305 2483 3857 1096 888 3276 4895 5161 3852 6059 3295 3443 5170 5178 3862 1072 5169 1100 3378 1119 8481 3773 6117 2511 8162 5183 6359 3321 3597 987 6367 2562 8503 2569 8501 3888 1169 8107 3911 1184 3901 951 7497 5199 1086 7500 2583 2580 6235 963 3895 1129 7490 8515 3910 4955 8164 7507 1218 1213 5138 6422 3966 1186 1092 2624 6402 6448 7572 2687 4001 1301 2489 1155 958 6511 6387 4061 2754 7478 2505 1571 3543 8335 2712 8101 5835 5895 8221 1971 3425 2002 8111 5125 4343 455
1110 145 5557 4319 170 6782 252 134 5626 7908 138 7976 1742 3050 1784 3053 4483 3069 3198 7999 6831 5772 8002 4534 4552 6962 4587 8012 3256 443 8043 491 1916 5848 6945 506 6910 368 7804 4399 466 3092 5804 197 122 3365 3357 3392 5952 3417 1908 4767 5995 3317 3524 8221 3418 7230 4945 8335 1003 2373 3682 8458 3811 6281 6310 7449 5125 6314 1086 6350 2544 3845 5178 625 2562 3861 2568 5205 3916 7507
1111 3021 116 4281 6782 252 5557 6831 4483 1742 378 4471 3169 3069 4534 122 140 5536 4300 3181 4537 5822 6925 1768 491 6957 6962 1906 530 4545 4609 1971 5901 1854 3317 3290 5870 592 1943 4699 2066 8156 1923 1916 4862 8233 313 801 2281 1733 818 3709 637 3379 5801 760 5900 4910 8252 4945 8136 8468 8466 1105 6206 1086 2524 3862 8107 3524 5189 3839 1154 2424 2549 1101 3597 650 6344 2553 4135 6909
1112 2977 5613 252 6782 6881 4483 396 2967 441 7999 3254 4574 6974 1905 1907 1887 4552 1856 506 8054 7790 5741 504 122 4391 486 1972 529 8025 3300 527 4681 1803 7093 5900 4622 7151 4740 2070 6072 8233 6004 743 960 2160 5125 5161 1086 7507 5205 1742
1116 1562 121 4328 5553 1695 4413 2979 211 1738 3065 6796 6777 7903 1689 6789 2950 3088 6730 324 380 5626 4341 228 6909 6920 6831 3205 4483 2949 8002 4281 1768 5634 437 421 5557 6962 1744 7813 7908 3053 5541 4317 4534 3098 252 7976 5607 491 170 1916 132 506 6964 7804 8084 3392 1966 7084 2137 8147 2123 662 4780 2207 8217 1679 2276 4945 4959 7300 6171 6058 3379 8335 7279 6235 2373 2138 634 5989 4653 8441 5970 3461 5125 485 5954 1086 3839 3862 1129 5007 3882 7446 6345 7454 1170 3887 7491 7460 1168 1181 2561 7507 8515 1192 7453 2626 3928 7594 2710 6374 1314 8645 1344 8640 4104 6539 2712 3636 2217 4327 3477 660
1123 138 7976 1742 1796 4537 3252 5899 1953 4653 511 6991 7048 8090 4697 595 2091 8136 2133 2118 4622 3524 760 2276 6013 1048 3276 2373 8084 3811 958 5178 6015 3871 7446 5173 7507 2606 7572 2572 6235 5125 1086 2754 5364 5356 6831 5804 6962 6389 8002 3317 122 3392 4534 4483 1916 252 491 170
1126 5557 6782 215 252 197 4439 7908 288 7926 6831 7837 3071 1742 5721 4534 1846 1911 6962 511 491 122 3317 8084 5626 2029 8107 3392 5989 4829 4945 8221 6206 2373 5125 3811 3862 5161 7188 2562 2572 3930 7507 2649 4001 7572 2754 5341
1127 4341 5549 6776 2976 217 6784 4401 3073 1675 255 3092 4330 7801 5634 337 243 4430 5713 1822 5743 4274 2949 1843 313 5523 3205 2947 6755 136 1853 411 6943 7991 1742 3235 8012 5805 6927 5795 1878 6954 4567 3254 1886 8045 483 1907 7999 4551 1905 6752 3228 8041 3227 5706 4591 5825 469 4531 3287 7882 4597 4559 4577 3283 1943 520 5859 333 2992 1724 1666 5867 5704 211 168 279 3260 1744 4581 1902 351 425 7014 444 3311 477 524 5799 8078 5881 8074 1893 563 5884 486 4610 4622 7036 1965 577 4663 566 5921 3377 4708 3393 3387 2055 3401 627 602 3417 5944 7057 2076 656 660 8145 4761 7113 2108 7114 694 6001 5901 5798 5982 3458 4795 643 4792 659 3486 677 4829 3529 3519 2088 4866 4768 7983 798 2089 7091 2230 3609 4912 8211 3432 6168 4948 2201 3276 6171 3626 2252 7164 7300 8322 6206 4956 5981 5895 3347 8368 2358 780 7356 2032 1019 3729 4910 3378 5088 2486 2489 6141 2490 3488 8159 719 2319 5106 1107 8458 7435 2511 2521 4867 3853 3840 3865 6332 6067 7462 2538 1050 5169 3589 2549 2182 6162 6353 5178 3871 3857 5181 5174 1146 5121 2560 1168 1170 3885 2568 2576 3718 6389 2580 1174 2584 2292 2588 638 8492 2626 1206 3966 6422 7552 2483 3992 8580 2428 1336 5315 2572 2712 4061 5205 2750 2754 4071 4095 1020 2373 8506 3839 2342 1916 4702 3818 5848 4399 5172 252 8036 8129 2424 6914 8084 5125 3439 1191 5990 8165 3361 381 3348 6321 582 7084 4483 4534 414 170
1128 145 2976 4370 5596 4448 3122 1586 1796 4465 2996 4483 1804 1843 213 3205 7998 4442 2963 2949 8002 5634 4549 4543 5607 5821 3130 346 5825 6967 6968 485 6753 1917 437 491 5855 1959 2944 5851 535 1971 8078 7022 3050 4484 4523 3329 122 1992 581 5884 3336 2970 7048 6976 7839 5820 5903 479 7041 7054 3365 3392 5853 4558 7831 2056 5648 635 8107 7051 610 2078 7101 2130 7074 5870 2123 2133 7153 694 7140 3292 700 2002 3347 7193 2205 7159 4878 760 3228 4683 5897 6150 6039 454 4606 455 3664 2047 8355 6235 2331 7059 4970 5990 8238 5063 8442 8299 2418 4623 1988 733 1048 4943 2483 3479 6265 6262 7152 5809 1883 7453 7454 8458 8314 3631 5106 1953 7407 1092 5150 8335 5169 1086 5964 1132 1153 8503 8469 5199 1181 1184 2581 951 8492 5007 8223 1094 5220 2611 6402 5280 2709 2710 5001 2750 3823 2003 6006 5881 5989 189 6082 5847 460 4712 3300
1129 5634 3053 252 6831 4483 5557 3234 6962 1916 491 3317 1887 7153 5020 8335 5125 1086
1136 137 134 1610 2993 7883 1612 3053 210 221 6782 5634 5607 252 239 3092 3035 7870 5659 235 6777 1710 3058 6836 108 4330 7908 5636 6831 3055 347 1767 6718 7955 5572 7945 2995 7922 5719 1568 4447 6860 211 3168 7953 7980 7970 6921 1836 1594 1856 1850 1778 4484 422 7999 4549 3226 8012 8023 8027 5737 3198 459 298 3238 3254 8002 5648 1907 1911 487 3255 7838 5727 8008 269 4564 485 5848 4483 5762 1905 1887 5795 106 6979 6779 461 4399 3260 6953 520 122 5525 6703 1803 1587 3315 6961 4531 3314 4537 7015 7022 2977 1902 4278 4666 504 6987 111 509 7013 5529 8054 7812 3213 1990 2943 5752 3310 8090 3331 458 1953 5570 591 1992 2026 3357 360 1748 4647 8094 3353 614 7014 4712 3328 4575 4624 1943 5804 623 4717 1742 3404 595 8038 4708 5913 6929 4740 3373 2005 8111 4682 2080 7093 1618 8106 5969 5919 8039 7101 5979 7086 5870 3442 3304 8156 4581 2017 5989 613 5922 4582 4763 4811 2162 351 7081 7184 770 8199 8177 7181 2175 3229 814 8236 6058 6101 5973 7174 8092 5985 8304 3487 2243 1861 3664 4558 3371 7037 610 2201 7242 960 4716 2215 6235 8005 8396 933 2158 4565 454 936 3517 3609 3765 2485 5087 4878 764 987 6006 2492 2445 760 8468 6329 5142 8048 6306 2344 6334 4559 6210 1107 5106 876 5145 8463 1067 2521 4704 3832 6314 7430 5153 3853 6332 5075 718 5161 3377 7042 3773 7420 5169 7016 8481 5083 1146 1141 7437 1160 5190 3597 8500 3888 4659 7158 6185 2562 7444 6010 4688 3446 2576 2381 2569 1102 6035 7462 4757 5203 826 7491 5124 2630 3962 7552 1258 4013 6470 3969 7572 2712 8083 3286 5851 2408 456 439 394 795 8300 1784 3775 1614 8640 4775 3248 1910 8078
1137 4304 5557 170 1586 5613 6782 3033 4407 7896 1768 4483 332 7850 7955 7882 5769 4534 4520 4274 6705 2949 7800 1840 6680 7803 1568 8026 3069 5821 1867 1911 473 1932 5848 106 132 1916 5850 5869 3317 520 600 5537 7048 7054 3378 5868 1984 5903 6991 595 4699 3240 4740 3387 5798 4743 2005 654 3451 3446 663 8163 7127 8073 8166 4768 6000 2015 6013 4811 7162 8155 6066 3524 3529 7159 2281 4715 8245 2234 4945 717 4895 549 485 7345 7220 1028 3666 7420 1020 458 3658 6315 6210 5125 7233 1107 874 1105 3862 3728 3843 2381 2416 8335 5178 5901 7491 8501 1182 6235 7507 7572 8590 2750 4536 3238 4275 4322
1143 4311 4328 5634 6782 7785 3052 3053 4463 7955 6831 6711 1812 324 1771 6907 7976 1742 4351 5769 5790 1843 5759 7981 351 7838 1830 4534 3213 3069 425 1768 303 5534 380 4483 3255 6779 4338 138 2957 7801 5636 6790 480 3261 1911 5572 1878 168 5795 6964 7999 421 487 5649 491 4563 7983 116 5521 6976 3246 485 5839 5853 5848 3228 520 5869 1947 6703 1923 1916 1953 134 3300 8017 523 3313 7014 3317 4607 1803 197 7022 8005 1901 3328 565 3353 3305 3211 585 8107 2036 3365 3321 3391 5895 635 3373 7097 7101 4771 8084 8163 5901 7059 2133 2001 4792 6001 3425 2136 5964 770 756 717 8174 4677 3392 7094 4945 6166 931 2168 7264 2238 3597 7342 5024 4865 3709 4910 3646 4715 1003 5007 3379 455 7213 8275 2364 2373 3684 4535 3461 6294 8458 2015 7091 5103 5125 3839 3853 5155 8500 1157 8335 1146 951 4912 1181 3915 6235 5205 7507 2584 3933 6390 8576 1258 2624 1218 1213 7572 8590 1300 1186 2754 2687 5199 2750 1301 4061 1201 8481
1144 5557 6782 3033 360 4483 7903 4534 6831 8002 1742 7976 491 506 122 252 1916 7016 8084 3392 440 2133 2373 1086 6360 8335 6235 2572
1148 3073 4484 4483 1742 417 5769 8002 5607 2949 103 2976 148 4343 6782 3237 491 6962 520 1892 3294 8048 3317 8084 6831 8107 4738 4534 511 7127 697 8136 4708 2029 3392 7328 7153 2373 7507 1213 1086
1153 170 5541 6782 6711 5626 6730 7894 1748 6831 4484 6909 7976 3069 1742 4528 4520 7908 1830 417 7801 8002 134 5795 1887 5804 6962 1886 1889 1609 6693 6961 491 1916 506 504 8057 4569 7831 1586 523 409 3329 5832 5873 4592 8084 8090 4708 8136 2133 3317 2137 2029 3440 2168 3392 2215 369 4945 3595 5769 5966 7162 6206 7328 8159 760 2373 3777 5103 3597 3295 705 2490 3862 5145 1020 6359 5166 8466 2572 5204 1184 1174 2583 6329 2584 7507 6422 4001 7572 2709 2712 4061 1301 8525 197 4275 1874 613 5894 4638 4778 3296
1154 6679 1647 2944 252 122 1742 5772 3162 4534 1889 491 1911 1916 1933 3317 4584 503 5879 7048 8002 575 4504 531 3365 5812 3400 3387 4771 4799 3479 6066 3571 3435 4865 4716 8305 3591 6937 1045 7298 707 3811 5114 2489 5125 3463 1112 4870 6359 2562 7490 2572 1184 5211 6235 2583 5007 3930 3933 7507 1213 2611
1161 1576 6730 5572 170 5613 182 3033 1671 6776 7870 3052 6790 5557 198 6831 5719 1778 1742 361 4504 5772 1837 4520 103 2947 5721 1846 4534 4535 417 197 3213 1867 4439 4536 4552 1889 5819 6962 2995 409 8016 5762 4546 432 483 1911 3261 4563 6964 1923 5843 6979 3232 506 5848 4556 1914 1892 511 6946 4399 1910 1893 7790 1583 3065 138 3050 5649 3053 4483 7822 335 518 1676 122 1886 523 3300 7016 4643 5881 8084 6688 1971 4653 4666 8089 604 602 8110 607 3392 5942 635 2018 3410 618 3205 605 7088 3394 4771 2133 2117 7101 3435 3487 680 2168 2070 7162 3511 770 4809 2015 2171 4704 2158 2175 2137 4559 7084 8101 7300 2235 4943 8275 5020 2373 6235 3684 7392 6305 3811 1072 8463 2424 5125 4945 8458 1086 1105 5136 3839 5106 3853 3862 1146 3401 6363 3890 2562 3911 3901 2572 951 7497 2583 3930 3928 1201 7507 3893 4001 7572 2672 1301 2708 2712 5315 8645 2754 6511 4104 4135 485
1165 5533 1556 148 1586 4308 4317 176 6782 252 2993 7917 1646 3138 321 215 7936 6680 1697 1592 1748 3090 7955 6868 2943 1544 243 4483 5704 3176 7976 387 6720 4493 3205 6736 1778 136 418 3065 6931 4398 1879 5815 1881 6963 5835 6975 1901 5759 4534 487 4590 3107 3271 4603 3287 504 1919 4565 8048 7802 7803 2949 4278 2944 351 5853 491 3071 7001 534 8078 8070 8042 5519 430 3314 4637 6964 7896 1964 2940 3050 1967 8057 197 442 5899 7041 530 3281 5881 4691 3359 8107 571 625 3403 7046 635 3417 5942 605 594 2036 4694 3290 4651 623 7039 602 3313 8087 4700 7088 7097 4653 3375 4545 4735 4724 645 4761 4758 3440 8164 4632 2136 4712 7084 1988 4799 4792 3169 616 7153 4829 2035 3519 643 7183 7107 637 7159 5772 7181 2199 7104 8252 2262 2236 3630 2150 7176 4768 4945 8017 5900 8224 933 8211 7328 872 6067 6207 2252 6210 477 3684 3560 677 3813 3811 8111 2499 718 5088 2416 4643 7155 6345 3827 3862 6341 5197 7444 3911 5206 1184 1129 6390 1193 7507 1196 5220 2630 5232 1187 4001 1304 2712 6448 2750 5341 4135 4622 8155
1173 4311 6718 138 5557 1586 6782 7801 6711 5634 198 134 6813 1738 5689 1748 7903 236 4447 7908 1677 6831 324 4483 5759 7976 6907 6909 1742 1778 5772 3198 1836 3205 1846 417 4528 4484 421 5721 1547 103 4274 106 7785 1840 5519 3206 3211 5790 4549 5798 3234 1887 8034 3261 3254 1857 483 8009 491 5848 486 458 511 1947 5869 4535 122 7782 4291 8017 7011 520 5890 4666 7033 2002 3328 1916 3359 581 3365 3392 496 4673 8116 2033 5900 1959 5722 3404 8083 1988 3348 2028 8107 4534 7093 7088 4743 8145 2089 2029 666 3440 4771 7127 455 2104 7084 5989 616 4811 7181 6066 659 8200 7162 6113 6006 6101 3513 3529 5769 3524 6013 4653 605 2202 3443 3597 8314 4870 4948 931 7328 4775 8345 6210 3595 6166 2215 2373 829 4943 4865 7300 6235 3709 7059 2015 8335 5961 3684 5083 5087 1028 1072 2489 6262 2400 2328 7430 6325 3811 7094 7437 5103 5106 6305 4767 3827 5830 5142 5125 3839 2521 1113 1086 5124 4945 8466 2341 8481 3862 5161 3487 7484 1169 1165 2568 5192 1166 2572 3916 3859 6374 4794 1186 1155 2580 1184 5205 7507 5221 3933 3966 1213 4001 1206 7552 4013 5364 4135 4637
1174 7821 113 4407 1748 4448 119 197 7978 1742 410 3212 5795 5762 3257 1930 8045 425 1947 5853 493 8065 5843 5851 535 1992 5922 2029 8112 634 5801 4741 5920 5936 2111 5913 3050 3465 8184 756 1965 769 3637 5973 4821 7059 6066 3852 3560 688 1053 2373 8335 5199 8165 7507 1086 5125 8002 4534 3317 6831 4483 122
1181 4322 5580 4370 6782 1738 252 5557 6831 4476 1742 4536 4534 7983 1671 122 491 453 5881 1972 5868 4673 614 7058 8106 1803 2052 4699 3373 7017 3357 4694 662 610 3317 673 1948 4675 4768 3430 2178 6039 4829 701 3549 7205 801 770 632 3392 3664 6235 3597 7091 7392 1045 7242 8335 4878 6210 3813 8466 616 1086 4943 3839 6362 3858 1146 8458 5114 7484 3686 1147 1129 2559 1105 2562 1145 7220 3910 8501 3911 5197 2572 1213 6441 2649 7572 2754 5125 8002 6962 4483 2443 4945
1185 6782 252 211 5557 6831 4483 4534 6929 455 491 122 6962 1916 5848 3317 8084 3295 3392 4695 2035 6001 760 4811 7153 3373 2281 5900 3595 3327 4917 8439 506 3862 3765 3856 2419 3839 1146 8335 1086 7507 2649 1378 5170 3770
1187 122 5557 6782 252 6831 210 4483 347 7850 346 4480 1804 5769 351 5772 6771 5719 7917 7982 6711 1770 4508 442 5820 3231 4520 6914 447 2940 1840 5613 213 5626 5819 4542 506 3241 3295 1900 4399 5818 5804 5847 1916 4288 491 4544 8089 4641 8094 8093 5881 3328 2001 3240 4689 2052 8009 4338 548 6909 3348 659 3429 2066 4639 592 2070 4663 8135 654 567 585 5968 4653 611 632 6993 7153 4656 8166 8057 3448 4809 3517 3342 2168 6878 7184 8238 3371 3587 1836 2029 7018 6981 2105 2195 7115 7264 835 3308 7140 4943 695 6180 5985 6157 8211 5959 2201 5939 7128 6171 6117 2169 3631 858 520 8355 6235 8105 7404 8452 455 5087 3773 5125 1086 6305 8162 6202 1038 3589 3859 5190 6360 3890 3897 1165 2555 2572 5199 2584 1191 1187 2624 2649 2558 6448 4847 2586 2709 1014 2344 1162 2687 5341
1188 2979 5525 1587 5534 5636 6730 3066 5654 6796 252 243 5541 5659 1562 1610 4309 5519 1541 2963 116 6703 4283 5755 7978 1618 4398 113 3168 6831 217 5699 459 298 4578 4591 99 4319 1593 6688 2992 1586 3289 502 148 4577 7803 5678 3280 114 515 3240 3294 500 5572 491 4351 6962 1916 7990 8076 3221 6987 524 8019 5805 3392 4720 3317 6968 5799 351 4634 650 2091 7193 3524 7222 2260 8245 2199 8179 6039 3595 6113 3626 4870 3683 2373 5088 1092 1086 5103 2238 7404 1101 7094 6066 3548 7149 696 5161 8335 5125 3904 3885 3754 951 2584 1157 2568 898 1184 3819 7507 8503 4912 7497 1213 987 6422 1218 956 8576 1300 7572 8590 2341 1378 3487
1190 6831 252 4546 1836 4535 7999 1742 122 3122 5804 8017 3069 6962 5790 6968 5537 138 5521 5557 5848 502 511 1971 2018 8110 4677 3371 3348 5914 3392 5881 2035 565 7059 7088 3401 4743 3443 548 2137 2111 3439 8165 2070 8163 8155 4597 6066 3524 4811 2168 2139 475 7217 6101 8199 3440 8221 7242 5986 3597 5884 4865 2015 265 7300 931 3636 3653 7151 4775 6166 4526 7328 8335 2373 5024 2131 6209 2125 673 6219 5007 6210 2341 3589 454 829 8314 6206 7213 6294 2489 4712 7093 3820 3811 1105 5150 3813 5124 7298 3862 1086 2544 4870 7404 1135 5921 3487 3888 1146 1160 3873 1157 3729 2562 8345 8503 1169 1196 1201 1213 2624 3837 6474 1262 5255 8590 4061 1336 2687 2750 2754 486 4343 2215 6909 6790
1195 4311 4483 122 8003 447 252 4534 491 585 1910 3228 7094 7101 7084 3373 5900 740 2168 425 8019 8252 4865 696 3637 6117 4943 3589 787 2136 2170 5125 1086 1107 565 7404 4652 5155 5178 3548 1146 3524 6367 6101
1198 1616 5527 134 148 138 5632 198 6782 3066 1689 3053 120 7926 303 4291 215 297 4278 1744 1671 7908 4476 5526 335 343 316 5521 4483 6856 5634 106 2969 1742 1812 7823 1830 324 5758 4338 5759 1647 351 5705 7936 7982 5772 7898 291 5734 4529 6925 239 4535 417 4528 6831 5799 3211 7790 7838 8016 1669 380 5769 430 5798 4549 7945 5819 4534 7991 6869 3206 189 5820 4569 5835 6939 7983 4544 265 5830 3261 444 5834 4575 5839 1857 3232 1784 8048 489 4526 506 502 492 4328 4351 6703 170 4317 6718 3037 4308 2959 116 5557 7882 236 491 6784 5713 2949 475 5689 1916 5848 4609 6964 520 5722 3256 4595 103 1945 1886 4574 1959 4304 541 4399 1943 500 5766 6995 3300 4283 519 8009 8065 7014 4634 465 458 523 4635 493 6993 7785 3317 7023 486 4643 1972 4639 4641 4651 4559 529 4663 1803 581 4652 5770 8089 3349 2950 3098 4292 4604 7045 586 511 7048 8074 5529 1556 1793 429 4665 2992 3356 4679 7061 4460 5537 8036 107 3123 574 3381 484 7803 4484 4708 1965 4673 7081 3387 7088 4653 1996 3294 8136 2036 4694 545 3426 3392 5861 546 2077 2089 8111 3229 8149 496 602 2018 2035 455 5843 3319 2080 8105 7064 648 2126 462 7101 8135 4719 4712 8165 616 5966 7084 6001 2976 5900 8129 5989 4720 707 605 610 4715 2168 2070 7158 563 6013 6010 4811 8200 7082 7055 7140 8147 634 5943 2198 558 2202 6072 8221 5985 7205 2138 8199 1988 4781 542 8207 3418 3476 798 3517 7212 3528 8249 7128 7222 8017 6108 2260 8217 3495 2201 3511 760 4904 3513 8245 3435 733 2158 2139 3631 770 2002 2262 3591 2170 6113 6117 7213 5901 5936 4777 4776 3594 2293 3413 3572 6180 3561 2192 1986 727 7264 2014 4948 3595 4959 4754 2252 3609 8174 7242 4865 931 573 7104 7091 4675 5020 7328 696 3529 2364 956 2215 5024 7025 3551 2373 8238 8396 908 5038 3729 7220 2047 7151 3488 7356 8227 5063 3728 6209 7063 2416 8452 5007 5060 2443 7430 6305 2489 3813 6294 3788 4867 2490 2483 3811 4752 8463 1092 8441 2424 2520 2487 5103 5101 1064 6337 2509 759 2154 5148 2518 1104 3820 4724 7447 5150 8464 8434 3548 1126 1101 4945 5170 3819 8335 1129 3461 3833 3463 6000 5961 5169 8474 1086 7478 2317 3879 1133 6339 6367 6363 3890 8484 1160 3888 7094 3887 8500 7489 8503 3885 3904 5086 8148 3902 3897 7480 1171 5990 2563 7490 2568 3901 2562 8507 1182 1157 1184 7497 6235 3911 8469 6389 1165 7507 3928 3907 2573 8515 2585 2583 7409 3944 6387 2649 2624 6422 1218 2611 7552 3915 6474 8580 1301 3992 1141 2712 4061 1181 2750 8458 8645 8345 4104 5364 2674 4135 5049 2499 8501 3022 6350 6206 850 3524 4785 2572 3064 213 2256 7404 3379 6954 7491
1202 3021 6782 252 4483 8002 4534 3202 7818 122 5557 6962 1916 506 3317 8084 4544 2281 2373 7188 1086 4945 2562 7507 2611
1204 1629 170 4328 2959 6718 7883 134 5626 6782 4399 236 4351 7882 252 6784 7908 1748 7926 3071 6831 2976 3138 4476 106 4463 324 6711 3050 335 5722 5632 4469 1738 3065 7936 3168 5758 7976 1594 6771 7982 1836 1843 1830 411 265 1545 422 7991 1750 4534 369 6937 4400 8003 5790 4528 1796 8026 8008 351 8016 5795 5821 1840 3198 5831 1647 5721 453 480 1911 5838 483 1901 3252 4484 5649 3232 4563 491 3280 475 6979 506 511 4549 505 1778 4607 5853 5869 522 520 421 1610 3257 8017 8073 5699 6968 5881 4535 5851 4637 5772 122 7812 1583 116 4304 2944 5527 7785 7033 6716 1866 2949 4659 581 5901 1953 3340 2957 585 1996 6909 5804 3365 602 2020 3353 1987 1742 417 1933 5914 7850 7058 545 484 609 3220 4542 5525 3327 3392 4673 2034 4710 2052 631 7097 2077 8136 4743 8145 4755 613 6957 5956 2033 4716 3440 2133 3443 2137 666 3439 8155 8184 425 634 5895 2117 7140 1959 4829 661 5943 770 2168 7205 3549 2154 2089 3259 2136 1857 7230 3587 4821 8221 8245 573 7176 760 8223 616 4895 5989 2281 5994 7092 3630 4948 2202 8238 3631 7016 6169 727 3570 7279 4910 6180 3664 440 1988 8211 8174 2215 873 931 2108 2125 3658 7328 6209 8345 2373 3646 6206 4715 4623 2381 7356 6210 3548 1048 5083 6310 3818 4865 2483 5007 1084 3811 2490 6325 8463 1092 3827 987 4794 8474 1072 3463 3321 4704 5961 1126 3862 7213 3839 5125 7107 3879 1146 3859 3888 8484 3904 3885 2562 5001 7490 632 5204 1169 2581 1086 1184 5205 2585 6390 1201 7507 3928 6399 2611 5221 1213 7491 2649 1273 4001 5280 1301 2687 6474 4061 2712 2750 4322 1710 8144 4537 4556
1206 252 4483 4534 1850 435 6953 5727 7981 6782 1954 3281 5869 1943 3318 8070 8074 581 4666 414 511 3400 3392 5944 4743 3371 3404 582 7108 3317 1941 4740 3435 3292 7151 4322 5705 638 6039 4811 8153 2136 6066 8236 4715 2129 6206 7283 6202 7207 3476 8368 900 1003 3718 4943 7184 2047 2381 3729 2036 8329 3378 1031 1056 2486 6294 7356 8275 3765 607 6306 3560 3571 5848 1930 3836 6312 6329 6310 5103 1113 5155 5178 5161 8481 3859 3684 1105 6359 8484 4945 1086 3862 1141 5136 1169 8502 3885 7490 2572 3916 5205 1201 3933 3966 8580 1262 8590 1301 2712
1209 6782 122 4483 7801 1850 4534 1594 265 6929 434 6943 4543 3234 6826 3225 1853 6962 3254 4542 1903 2990 1901 491 506 6964 523 5890 3300 581 591 4703 4667 3317 4565 5989 508 8165 5949 3378 503 8149 5881 7094 2036 7153 5981 2178 5999 5825 6066 6006 8197 548 7213 4797 2281 797 4821 6206 5087 5088 5106 2364 8463 718 1101 1086 7404 8345 3560 8162 8473 705 4847 4623 4997 3788 2414 3871 3850 4725 3843 873 1144 6321 7480 2584 1273 1258 5130 2754 4135 6511 5800 1988 5124 2341 3401 2496 3975 6940 5812 2671 5110 2995 454 4556 4785 3548 7300 2712 485
1210 5557 4399 252 6831 4465 4483 5769 4534 8002 1742 6962 1911 491 122 6782 506 6703 518 3317 2029 2133 3392 931 7449 1086 4912 7507 7594 7061
1212 1562 5607 252 4430 6831 7870 7896 7882 7926 6703 2949 4274 6893 5755 7976 1778 3050 7982 409 3205 1647 1750 3213 421 4534 4542 8002 1836 3234 1887 8007 138 5613 4311 6964 6790 6711 8034 491 4584 6995 511 4610 432 5804 520 1916 7983 7014 5721 5830 458 572 197 3295 7033 4629 1742 5772 8110 7058 573 4535 8107 4656 5790 2077 7059 2089 5966 4694 582 7064 5893 616 2133 4829 3524 7188 8005 4732 5900 4870 801 760 8245 2215 3553 680 3595 4945 4948 6185 7328 7283 7212 6931 7356 5936 2489 7094 1072 1101 5161 2276 2424 3862 5170 3854 1129 3888 8451 3811 5190 1144 8500 2553 8335 1146 1169 7490 3548 8466 3911 5199 8484 6235 2585 1186 8515 2649 7572 4061 2754 5341 2624 6813 3378
1213 6782 1768 4484 4534 252 487 4571 6942 1954 574 3392 3317 3239 491 7193 2230 7217 989 6206 1086 5178 3912 5204 7507
1216 122 6782 252 4381 6831 4483 6755 3050 4534 3053 361 3261 6962 3227 3258 491 506 1944 1916 1953 7016 7023 3283 4664 4679 5816 5825 694 3317 8177 3352 7165 3392 2033 2373 2215 5049 958 4778 4775 2487 3814 2111 1124 5125 8499 6215 1086 6235 2579 2563 7507 6422 2632 2671 2256 4001 5341
1225 3030 1562 252 211 2957 138 5632 1775 3168 6884 5772 8002 4542 1544 6831 6782 506 182 7981 5809 1592 1768 2940 4483 7839 3050 1916 491 3317 3349 1742 3365 1973 8110 3392 5868 7153 7054 8184 8168 4730 5985 3236 801 3276 835 8322 2373 8368 5934 1048 7041 3729 5087 5144 6265 3847 7447 1086 2521 3820 6331 8463 4867 3911 2091 7507 6337 3666 1213 8576 4785
1229 148 4283 6688 2959 2947 2969 7813 4328 4275 4281 6682 1587 4317 116 2963 2979 6718 1629 7802 1647 4381 6796 4309 5636 1618 6793 1583 215 6813 4442 6819 3065 211 2949 103 4311 252 4448 7917 1610 5607 5713 3092 1562 106 4430 7926 288 138 7801 6784 119 316 3090 5734 5634 134 1778 6868 6861 7790 380 3058 3173 6909 7982 1836 1827 1742 4520 4537 1850 4526 1846 197 3202 4351 4529 3206 3050 3052 4483 4484 333 5804 5799 417 6878 5790 7983 4556 3234 5818 6937 3238 5805 8025 5649 5758 3239 3258 4535 8031 5837 5521 1911 4584 4534 6939 6962 5839 430 3232 3257 7812 1646 2993 3053 4274 255 2976 4542 8026 1923 5576 1544 4373 506 6782 5851 7955 527 531 5831 500 6771 461 491 453 1892 6975 1886 1964 1972 7023 530 3315 575 4633 4629 343 1933 4637 3353 3361 6831 566 1971 2020 1887 2029 5902 604 465 1784 595 4531 245 3371 414 1916 7058 7034 2013 4664 5769 4699 3376 4673 3390 2018 5933 5737 472 6907 4740 3318 3347 7088 4666 4743 8090 563 5896 5721 632 1987 2109 425 5986 5974 6929 2136 646 7127 5936 469 3425 573 440 5843 1988 2137 2133 6001 8017 582 3062 3427 7055 8149 4528 3317 699 2077 2131 707 4792 2157 4794 7122 616 5848 3477 1857 4768 637 2175 931 8084 3511 2002 8136 3524 2373 6235 7356 7188 8226 4945 7449 1086 8475 8335 2534 7430 3888 1146 3899 3885 2572 6399 7507 7572 8590 4061 7350 7885
1237 170 5613 1689 4399 236 210 5572 1670 4291 6782 252 1748 4448 197 213 7933 6757 1796 5557 7801 6909 5772 6934 6884 3150 3090 4534 6831 1837 4484 8002 4537 4520 3069 7785 7999 3254 1857 483 103 2949 5848 6995 506 4531 3317 484 3252 5521 1742 1906 4549 4545 7976 1971 491 8073 3365 563 8084 3228 3328 2029 454 8110 623 8107 7032 7058 635 2133 8136 7074 666 2052 6006 7153 2136 2077 5798 4792 3321 2036 2104 7101 756 7193 3511 6072 7116 6963 5900 2139 2137 746 2131 2281 7230 7172 8295 4878 6168 3487 7279 2168 2066 6206 5769 7212 5024 2215 6964 4943 5895 3570 2364 2381 7084 5804 5956 6082 632 4622 2373 3401 3631 2035 5083 696 2015 5961 8412 3811 1072 6328 5103 3548 2111 1086 3827 8463 4945 8314 3862 8335 5170 2486 7092 8466 1135 6294 5155 6367 1141 3597 2562 5169 8221 7490 2572 3901 3916 6235 8506 7094 2579 2624 2649 8515 4001 7576 2674 1300 2750 2687 1218 4610 6961 5634
1239 1646 5557 5634 6790 252 197 6782 7955 3168 3176 387 3226 1778 265 4471 3198 6974 3256 502 8002 417 2967 3065 107 4399 7976 1742 5868 4330 1916 5870 5804 5853 6831 4537 1784 5649 5896 635 3261 644 4535 7101 616 2131 2137 7153 6006 3529 3595 425 6166 4528 2015 7217 7328 3430 7259 3626 6235 6209 7356 1003 6206 3295 3423 1086 8466 3839 3827 5961 8335 5161 5178 5125 5181 2489 3904 1184 5199 7507 1213 2649 2624 8590 2750 5534 613 7801 122
1240 6716 6711 134 170 7839 1646 122 4317 6784 211 168 6744 1558 3098 252 5557 7926 5713 324 7936 6831 4483 4430 5549 6793 1738 7903 7976 1742 3050 120 6920 210 5759 1843 2944 7782 3202 417 1547 3030 269 1830 351 1867 5790 3198 6682 3211 5737 5799 7999 5809 5834 1878 1911 1900 3255 6968 3232 4592 491 469 5839 489 8017 5853 1910 4609 1932 3290 1933 1916 523 3252 4537 3286 3220 4520 5879 1886 505 430 3281 4637 5881 440 1971 3317 4653 1990 197 566 2001 7042 4666 1803 600 3371 3359 5890 4652 5914 5901 2947 4399 7813 8065 5868 8107 1670 1953 1965 2957 2036 5766 618 7803 602 3392 631 5944 7074 5804 2018 3348 3426 8136 4743 6909 659 8145 2109 3365 4673 4484 3440 5982 663 2133 7127 6006 145 2139 707 7122 5956 3439 8155 8130 610 6010 2137 4763 650 5964 6055 8048 7181 8226 3393 6012 8179 2192 8005 7212 770 4622 5989 3391 4534 3524 8236 6101 4878 4845 8111 8223 2199 700 8245 8174 3443 4948 841 4865 6171 2131 5981 2215 873 7300 2136 4910 3379 7176 931 6206 718 7342 5020 3631 3709 2364 981 2373 4943 485 7328 5087 7151 3684 4829 6209 2414 6954 5990 6210 3321 7430 2489 1857 632 3597 7449 3827 7220 3833 6315 5103 8474 3837 2513 6054 2168 8200 3548 2521 3820 8466 2238 680 6347 5155 3853 5170 5173 5178 5169 2548 3858 3879 705 2135 1172 7491 2568 8503 5204 2580 3916 1169 1184 1196 3646 5007 2573 2584 1201 3933 3928 8515 6422 4945 1218 3966 7497 3893 8576 7149 2624 4001 7572 1300 2341 8458 8645 2750 5356 7490 8002 1562 4556 454 4610 4275 421 1784 2979 1146 7850
1241 6782 6831 3187 6920 4483 4534 8002 4338 6962 1916 489 5557 252 122 7017 1742 3317 6990 5843 4758 491 662 650 595 7193 3392 2150 2262 8363 5125 8335 1151 6367 1086 2572 1181 3916 6235 8515 3930 7507 8576 1301 4104
1243 1612 5557 6782 200 252 2969 4300 122 3053 4483 332 5742 7800 6861 1742 417 1846 6831 3150 5803 4552 451 3231 3069 6962 1911 386 5762 506 484 188 5855 4399 1959 6964 518 1784 491 469 1916 471 5888 3315 8084 1999 1947 8036 3295 8003 3190 7041 3392 8106 7029 8135 4537 6979 2029 4764 7064 4763 4535 697 1923 4792 2136 2178 3487 2055 2030 3448 6072 7184 5705 4829 2139 636 595 5970 3548 4781 7233 8221 8295 4948 2373 3666 8266 7242 2198 6206 4992 5020 797 1057 6066 4956 8436 2445 3259 5125 2195 3857 3862 1105 1130 6334 7188 8335 6359 3896 4845 1169 2572 5935 7507 1038 5141 3915 1258 4001 7594 2428 3425 2943 4721
1257 4328 148 170 1562 7785 1545 145 138 5613 5557 5634 5607 5636 236 6796 4398 6813 252 1748 6831 6790 3071 7908 3053 3065 4463 6711 3098 4476 3150 324 4483 122 4447 7982 1830 4484 3198 1812 7907 6914 7991 1846 5534 421 197 4526 1840 442 103 7782 6703 4311 2949 3069 7812 7945 3206 4338 5527 5526 2970 1858 6688 4558 3261 5769 7822 7995 5834 6964 4330 458 6907 5839 492 3246 6962 4607 1900 6995 1943 5869 7999 1906 491 7009 5807 8084 1960 5870 4623 3303 465 4399 7023 1971 480 4677 4667 5890 8107 635 4719 3404 3317 5896 585 3401 3414 4726 2066 7059 1873 3383 5970 7033 3440 2035 2061 660 2096 7084 2015 2137 6001 699 4799 4792 4811 759 3524 3541 3514 3445 3549 770 760 2136 7230 8083 6166 2121 8320 4825 5007 5867 662 7283 2170 7212 5884 661 3461 3377 7365 7029 1031 3818 6310 4606 974 841 4867 4955 2154 7420 2293 6311 2192 2424 5843 5063 987 2499 2271 3807 5083 898 3808 3833 1104 5144 1105 3826 1126 6345 2362 8475 5161 7471 2548 6344 1151 1160 1987 3899 6367 664 4654 4865 5183 4712 3896 1170 8502 5086 8473 7483 7490 7444 6294 3665 5192 8500 3911 5199 1169 3910 5189 6382 8492 1186 5923 1141 5205 5213 7507 5255 1191 2262 8576 956 4001 3843 2337 4104 2504 7543 4013 1094 7890 2260 1203 5961 4637 511 6991 455 5956 8335 6954 4655 3073 1086 4603 2086 3052 8091 2018 3686 1571 410 6080 6936 1851 5087 4715
1258 122 6711 6782 252 3053 7955 1689 3050 324 1778 1742 6907 3213 5557 8029 506 491 7785 1916 4399 6962 3317 6831 4661 4605 5896 6909 417 5848 2066 7976 602 8084 4483 581 2136 8127 2035 717 7153 3348 3398 2111 7212 680 3594 6166 3636 8329 7174 931 7188 785 2364 3355 6235 2373 3787 3524 5125 1072 3851 5961 1086 1096 5170 3444 7475 5181 5173 1160 3880 6369 1172 5161 3873 5183 3900 3810 5204 2572 3888 8511 2590 6374 8515 6399 7507 4955 6402 1176 6422 8335 6539 1273 3969 3893 5232 1213
1259 1629 4399 1735 1784 7998 3126 7993 4534 4592 4407 252 7801 3053 1918 122 3223 3322 2076 8084 7140 491 1742 3392 3524 6101 8002 7283 2373 3317 5125 7450 3487 2537 7478 3904 1086 2572 3839 1184 8249 7504 6235 7507 7543 4001 7572 1697 207
1262 5557 6782 252 6831 122 7782 1742 3317 3524 4873 8335 6235 5001 1086 3862 3488 3811 5125 1201 7507 8576
1265 148 120 5626 5607 3062 5649 1689 7955 4500 1670 6909 1843 4311 417 1887 3069 2947 6962 3255 5837 4322 480 3138 4483 4399 4610 6782 5839 493 1916 520 7017 3050 1803 491 3313 486 5799 7936 565 7991 7058 2029 3392 197 3040 635 1953 2089 8136 3401 4677 1830 3425 7101 5989 8221 1742 6006 7188 604 2168 659 3448 6166 8275 2238 2215 2373 956 2341 3748 7203 662 7356 3321 1086 5901 4845 5125 2562 3911 5204 6235 1221 7572 1836
1266 5557 6813 346 6962 6066 3548 8245 3595 6206 6235 2373 5125 8466 8335 6359 3888 1086 5199 7507 7572 4945 8590 7490 4061 2750 2754 5746 7121 2562 956
1267 5626 8002 5848 6782 493 6703 5795 506 3053 252 7801 122 6962 5557 491 2976 5713 5721 3206 5804 5769 5634 197 3317 3295 1742 3392 4708 649 6831 5989 2133 2137 1784 5772 3524 4829 8084 8226 700 4534 3069 7153 2265 7188 8221 2275 4945 5024 7328 6206 7151 1045 2373 3811 1082 2358 1105 3862 5125 2047 5169 673 5063 8466 1146 8335 4725 4712 7489 2562 1086 2572 3911 1187 7507 1213 6235 2649 7572 2495 2750 1171 6515 2754 2588 1951 4483
1271 252 6782 6831 4466 5707 5557 122 4534 5804 8003 1541 6962 5835 5832 4574 491 1916 8084 565 3392 673 3317 4771 2137 4811 733 2373 2202 3519 1086 3875 8502 6402 7572
1273 6711 6782 3033 6818 211 7850 1724 4286 1742 6968 6964 483 3232 5834 8016 506 499 4534 4399 1895 3317 1916 8084 4792 2139 5125 3856 1086 5178 7507
1275 103 4341 4311 1592 1614 4327 3021 1558 6784 5570 6813 5557 6771 1748 1562 1738 292 7926 265 6881 7955 1830 4534 5795 7936 4537 4526 381 460 4483 1879 3071 8031 4448 120 409 5798 1618 1911 5839 332 7782 483 6942 6964 506 3271 1892 1916 2949 7785 168 4296 4328 3050 252 236 8003 527 534 5831 6790 4609 8005 4549 3252 493 7017 8048 5626 7023 571 197 6961 7801 3254 1850 6730 3340 2015 122 3353 3359 4484 4535 1923 1971 1742 8094 454 3349 430 1944 5526 3204 1972 3007 8107 491 8002 2036 8084 2054 5890 605 4714 623 2077 635 7020 2066 8136 4699 533 7097 2052 414 7999 1943 5896 5848 4652 563 2109 3305 4771 2014 2137 5895 458 7059 6945 5985 4829 4821 8174 3426 3529 770 3392 6907 7176 4845 4878 2033 2175 841 4910 7140 3276 3321 2002 572 6185 7098 3595 931 6206 4775 7328 3646 951 5900 4943 7279 2215 5024 3709 6235 8275 3463 549 7151 3198 3220 8314 3684 2488 6305 7356 2483 6294 718 2424 2414 7447 8474 3837 5178 8466 5173 3879 3839 3295 5125 1146 5170 2553 1160 827 1169 8500 8503 5001 7489 1141 5007 3910 3911 2572 2568 3913 1184 7507 1200 3548 3966 2649 2624 8515 1149 8576 1301 4061 2750 2754 3928 2710 7572 2532 7590 7033 5974 3626 511 4500
1277 3053 6782 6831 4484 4483 1812 5523 2993 6962 252 491 5848 7882 5553 7831 3317 5841 8084 2005 3392 3353 2137 5989 573 8223 7212 3393 827 4811 3487 3448 6206 1105 5125 3839 3871 3911 8501 2572 5199 6235 7507 1213 2649 3966 7572 2672 2754 1086 5341 4945 8645
1280 6782 252 4483 506 3317 3392 5125 3911 3862 7507 1742 8157
1282 6831 197 3071 4328 122 1562 4351 434 5769 6962 5831 1565 1911 4586 5834 3211 252 4476 491 506 1886 4623 1966 5805 3313 568 3317 1973 8089 614 3392 607 4696 5837 4288 7801 1863 5722 3400 5891 6693 7995 8069 2046 5674 2947 623 4705 1873 8107 2078 351 1861 618 8135 7056 7088 4708 8168 2104 6013 6058 5895 2205 7183 8224 2170 2105 2154 7212 8169 3517 3513 4865 7213 3593 3541 6117 762 4821 7207 3654 5993 787 7345 3347 5005 5038 8393 6219 989 2208 3601 2414 850 2400 746 5985 2162 7392 8165 7356 3657 6030 2489 5126 5125 3430 6325 5142 5103 2490 5106 6323 6334 7404 1092 751 3446 6322 3491 6316 4956 6305 6315 1105 5150 5145 3295 3854 3839 3808 6066 5146 1119 5161 7094 1104 6350 6351 1129 1101 2544 3833 6353 2549 3875 5181 1151 5184 8481 616 987 6666 8502 1113 2562 2068 5117 1086 5124 3888 4794 3911 3916 2576 5001 2581 2573 2568 1194 5211 7507 2593 2630 5220 1146 1213 3928 4001 8543 7576 1262 1304 981 7491 1300 1100 2754 8640 7594 3548 2563
1286 5557 252 122 4534 5795 417 8002 3220 472 7801 6962 506 2029 491 8084 4708 8136 7088 1916 3317 3392 6255 2373 5125 7220 3862 4945 3944 1086
1287 6744 6784 1689 168 7903 5607 4534 5549 5713 122 1867 5769 5835 6962 4559 337 491 6711 5809 1916 7999 7882 520 6682 7801 565 3317 581 1972 3392 4328 4652 563 635 3426 2015 7088 425 7074 3435 8101 2133 1742 4829 3430 3352 8221 6013 650 7205 666 7230 3595 7151 659 2364 6117 6315 3820 3487 7188 5165 5124 4794 3888 3560 1157 951 2573 2581 2580 8515 3875 4135
1289 5634 5607 4374 5521 201 6813 7782 5570 1748 3071 7908 3138 7936 4448 3050 7896 1812 7955 5759 7982 6909 252 7981 5572 1750 5769 7991 4534 3213 8002 7999 6831 5534 351 3211 458 4309 3053 168 116 6703 3254 4311 3261 148 5839 453 432 119 1664 7785 5636 138 5853 1886 5834 3300 5890 8015 568 3290 1953 8084 4613 265 1878 522 4483 7097 3440 2066 7101 491 3317 5770 6004 4792 5848 2033 3514 4829 1947 8216 7230 7108 7037 701 4865 2281 760 5900 410 667 3373 6117 4673 7014 7039 2400 2364 3401 572 3529 2018 2373 8329 7356 2521 1072 850 2414 5124 5125 3865 2544 3871 3807 2135 3901 7490 1123 1169 3916 956 2572 1186 2584 1184 7507 1213 3880 1204 6402 8335 5220 1218 6422 3862 3966 8580 6387 1300 2712 1301 2754 6000 3425 3548 4811 4537 485 2580 5895 6101
1290 5521 6831 197 4483 252 1827 8002 122 6962 6782 491 4534 506 2005 503 4666 1873 5870 1916 3317 1953 1964 3392 2070 5125 7507 1086 4945
1292 1748 3053 4469 5706 1775 6755 3122 324 335 6831 6909 5795 1742 8002 5769 432 4558 2947 122 6782 4351 252 4483 1567 5557 491 4399 7042 1916 3317 8107 5901 5626 8111 3383 2133 4771 565 7153 5966 7183 8221 6066 6030 7188 7140 7240 3595 8245 4943 7300 6235 3729 2373 4623 4945 5125 1086 1105 5154 3856 3833 8335 6359 5086 3810 1144 2562 1174 3911 2061 5935 951 7507 1204 8590 2754
1296 252 6831 4476 6782 429 386 3226 5804 491 5848 5811 3317 7033 5790 7038 5867 2035 4708 3392 8116 7094 4581 2151 2157 7162 2223 797 674 3597 4959 4948 2171 3376 3686 8335 3748 7356 3811 1105 4945 5103 4970 1959 5125 2510 2331 7462 8050 2520 2525 2521 1086 3839 2541 5170 3888 1169 1184 7494 1174 6235 7507 2590 6369 3883 4764 5090 1207 5141 1094 1212 1213 6422 2670 2674 7444 4001 7572 8036
1300 6868 4493 4429 409 442 1883 3249 3297 1917 530 3318 523 7871 567 4591 4672 623 625 3317 660 3222 7109 6962 4483 3470 2260 2223 2275 867 8321 3683 760 2205 2373 5087 7420 8472 5148 6337 8441 5150 1086 5125 7500 7507 6235 2649 7188 6422 7572 2708 4104 1378 4135
1303 2996 6782 5634 3050 6831 122 6703 7908 3065 1742 7978 3168 3173 6909 4483 6711 5772 4484 4537 376 4534 6962 1923 1916 5848 4399 1959 1887 3392 3396 7063 8107 4740 8084 3317 2133 2168 4945 3595 6235 3524 6206 3811 8335 3839 5125 5966 2572 1184 3916 1213 8640
1304 7863 7903 7955 3176 7981 417 7999 8002 3213 1843 4534 3198 453 480 491 3261 458 8057 520 1943 3317 1971 7058 2018 3305 4708 2035 3392 581 4652 7088 8111 8145 7108 4771 5989 3348 4829 6000 573 5795 8245 1742 4878 3595 3373 2066 931 6006 7059 5769 2364 7328 5020 4943 2373 3709 2215 3425 3626 6235 7356 760 582 351 7014 7140 4910 2137 3378 4865 6206 8275 5900 2381 6117 7162 987 6210 3811 7094 8314 1072 1107 1105 5106 2521 5961 8345 3837 8466 2111 8481 5161 5178 3839 2489 5170 4945 6359 3529 3888 8200 2562 1169 2002 3911 2572 4912 5199 3916 1184 2581 5205 7188 3933 7507 6402 2649 2624 6422 8576 4001 8590 7572 1213 4061 2754 1301 3862 1086 1146 5634 956 8335 5790 103 717 493
1305 5557 148 5572 5613 7822 4328 4391 5623 3053 3035 6790 228 252 1618 4437 1768 324 7912 4274 3102 4439 1544 85 4279 7785 5743 4483 6921 1837 1839 6914 4442 7982 3205 3050 5523 4504 7998 1778 211 1836 3208 1867 369 168 5632 1770 1883 4338 6954 5790 6962 4548 8009 8031 1901 4575 5816 1796 1903 5823 6942 3239 6932 386 1905 1920 1918 6964 1858 493 6945 381 5806 1923 1928 423 3206 1887 3297 1935 4399 520 1933 4546 1947 4535 1945 3307 3310 8048 1886 1932 8065 5881 1972 4568 4615 1568 94 7026 5541 4651 505 1830 596 5534 1999 3181 3369 5866 454 5873 8110 3328 455 6711 3401 7009 623 4740 2976 7058 4743 576 1742 3440 4678 478 8164 6001 5995 6015 3375 7084 5919 4613 7153 699 6010 1587 1975 1996 2136 4785 4829 7162 8216 6066 440 486 2088 4656 8207 7193 563 2018 6059 5991 4741 2192 8101 8086 7082 2079 3317 6980 3603 7104 4878 604 4610 6007 8314 3636 3529 717 6054 841 4959 2036 4797 3455 3541 6186 7300 827 477 3626 8153 6171 7309 700 3514 6032 4956 6067 3684 965 2154 2033 8368 3430 3703 8396 511 777 7115 4996 7074 7392 4545 632 5063 3486 4865 989 564 645 3418 8156 8249 908 1020 8130 5126 2489 3378 469 2235 5901 5124 5082 6265 8458 1085 3463 8305 8463 4559 2215 3788 4794 5921 2510 572 2524 4704 3853 1106 3862 6331 8466 1101 4715 2483 3855 5125 3859 7479 6130 5172 7092 6359 5179 1135 5183 5895 2202 3488 7402 963 2112 5193 2534 1111 7489 2576 1181 7114 3458 1169 5199 2580 6039 8501 2139 1056 4955 1186 1191 3933 1201 3888 7507 3928 6389 7483 951 2611 3962 2632 2630 2624 8576 1165 1258 2680 5280 1304 981 801 4912 2724 1301 7494 8640 1213 4095 3992 2096 1962 2584 2553 769 3589 7471 736 5163 1114 7094 5081 7016 5956 6012 4629 785 4867
1309 148 5580 6782 5634 210 6711 122 4483 2969 341 5549 360 4534 4440 5810 8008 1887 6962 1889 3234 213 4546 3050 6939 3004 3258 3071 1911 2940 3271 7986 1750 3045 6884 7908 6981 3292 4608 5854 3318 1971 8084 7036 5534 4672 7045 591 4673 8094 4663 1916 4752 2109 7064 4568 2045 3373 5861 3293 3479 3451 5902 663 680 2395 5087 594 2014 1882 4647 7086 8299 5142 4605 6334 3488 5867 7092 5936 3387 3897 8242 5920 6351 2560 3885 7507 3944 7576 1014 1336
1312 2949 1748 1923 4708 7097 7188 7328 5088 8084 2373 6962 1113 8335 1072 7507 2649 6474 6235 1086 4534 3392 2137 3317 491 252 6831 122 8002
1315 2976 1576 4341 5570 170 5551 4413 1710 252 145 4381 7922 5674 1761 1618 4448 3098 4398 1748 1610 6868 4490 7955 5734 335 295 3102 3176 5755 211 1738 5727 7934 402 265 8002 6946 411 3211 1840 4374 417 2979 1867 4543 4430 437 245 1796 3234 5818 432 6953 474 6963 5805 1895 3257 3256 8042 6974 1911 1909 1907 4573 122 7894 6961 4292 134 4551 3202 4275 103 3282 1906 5533 4595 7999 85 5795 116 7813 6930 506 4351 3236 107 7785 7839 3181 3208 6784 5693 1846 7882 5804 493 5855 3050 4281 8048 269 4581 3150 4605 7896 4613 531 4558 1830 4314 3294 1972 3312 1966 3240 3317 3290 5888 5722 1985 567 3327 8012 8090 4691 7048 5790 5900 4681 3303 608 7051 4647 475 478 7034 4637 4666 2035 630 4721 3398 4696 8135 5856 3404 2085 7917 7088 7087 5893 5820 649 2091 7093 5951 8086 4597 3261 2030 618 4741 1742 2077 468 2104 3269 4767 2120 4771 2118 3416 2133 7127 694 3325 2136 1965 6001 3432 2137 2151 4785 3443 2157 4787 4799 6028 3485 2164 5949 8165 3449 5913 2018 4809 639 2113 3482 708 2169 8177 6969 2173 792 677 769 4843 316 2152 3569 7205 2168 3431 7203 4806 798 826 3517 6110 5936 2139 5961 2281 667 454 4592 8313 801 637 2331 4959 3530 7328 7128 3487 5986 5803 2344 3526 5024 7059 3609 3729 469 503 2419 4797 2414 4794 4878 2418 8439 5967 8381 7402 1048 5087 8335 3657 2486 5103 5088 2381 6210 8397 3738 3770 2400 3653 4606 7407 5082 559 5075 8434 7341 8463 5125 564 3601 4945 5815 1087 6191 8472 5144 8160 5960 6311 1056 3295 2521 2510 5859 3752 1113 863 1112 4939 7409 3857 2505 5153 3862 6338 3765 7478 1101 5178 7471 2534 3851 5174 3833 6362 1147 7484 3899 1133 3896 5189 2562 5197 2563 3912 6360 7158 5204 3911 5185 951 5001 1028 2488 1124 5205 7499 1169 5211 1085 1201 6374 2590 3944 6402 6422 2649 1270 3836 5212 1206 2670 4061 2724 1314 2709 1181 4104 5341 2969 4570 623 361 6939 7042 3856 4992 4560 1664 5706 3863 3206
1321 7917 1742 7837 5634 3053 2133 4724 3482 2215 7188 3895 3862 7507 2649 3295 122 6831 252 4483 6962 3317 3392 5557 491 4534
1325 7982 1562 6936 417 4543 8049 3050 3053 1911 7785 4399 6782 4634 7033 7023 5798 3252 265 453 1916 3349 6730 6831 5885 122 4483 4484 8084 3317 8002 6962 523 7058 252 1959 491 5870 2077 7097 8107 3387 3305 2133 616 5989 4535 4799 2002 8205 506 5848 3595 1887 8005 1846 4528 6968 4948 4945 2137 931 900 5967 4534 5721 6240 6206 3425 7341 8110 2489 1072 3729 3839 1105 8335 6359 3888 1169 5197 3911 7507 6235 2712 2754 2768 7904 511 170
1329 1562 5634 6782 5626 6831 5649 5636 4463 4343 7908 303 4476 1742 4483 1775 5557 6907 1843 4484 4351 1846 417 4534 7999 4537 3211 5790 3050 5821 8034 7812 138 103 122 6962 1911 8002 3255 1923 252 5848 1916 5521 5769 7991 1850 1886 7882 8003 3305 491 493 7023 351 522 5772 8084 581 5890 3295 3392 511 7059 8136 3365 486 558 2077 8111 3246 3440 8101 2133 7016 3425 6964 7140 7153 4677 8005 3317 2089 3524 7188 4811 4829 2111 6166 3487 8017 7162 7356 3513 3276 3548 4610 1072 2029 8314 5125 4725 3378 4704 1086 2489 2572 3911 6235 1213
1330 252 213 1738 107 1581 210 239 1710 5674 1567 4442 4407 6831 346 5659 4283 321 1612 215 5755 1701 7907 6784 3058 3052 7936 7839 2976 6927 3190 1850 348 1843 1646 6878 7982 1618 5576 121 3069 5742 168 5632 5758 5678 7922 1830 5769 1775 3213 6779 6782 5714 1786 4534 116 479 5803 1742 7823 491 506 3239 5806 4607 4563 120 455 3392 545 6066 820 4912 6082 6117 3455 4910 5063 8335 6281 8393 1092 3839 1086 3837 8466 2483 3548 5173 7471 8223 3820 987 4943 7058 3487 1169 1184 1186 1201 3915 3933 7507 2585 6387 7525 8515 6402 6374 6422 3966 2649 7552 6054 8576 1300 1301 4061 6539 4135 2572
1333 252 7955 312 8002 122 226 6962 5576 3335 7061 8118 4710 5890 4694 3321 7058 5805 3317 4534 4752 6001 3392 4847 6082 7259 6166 8275 3595 960 8165 6210 2139 458 3429 4622 2414 4873 2243 3811 5125 3507 1086 3777 5184 6130 2534 5186 1141 3609 3367 1064 5897 2562 7507
1339 6782 6831 7955 1562 7991 1846 8002 361 5772 351 122 170 8034 6962 1911 506 491 7014 3317 8084 1918 3371 3391 635 1803 2077 3249 2133 4792 4704 2262 6235 2489 4945 6315 5125 3862 8335 3888 2562 2572 1184 7507 6402 4061
1341 5557 6711 200 4370 6776 188 3044 4309 6793 5649 210 1745 211 4374 2949 7922 337 5704 3071 4500 1843 368 3213 6929 1742 4483 7955 417 3050 5804 5772 6962 1562 122 4291 486 4399 7801 5519 5766 466 3365 3392 8107 602 5896 2077 5798 5848 5914 1768 4677 631 453 5870 4743 8111 2035 7127 5986 6006 666 746 1988 2175 3811 5125 2489
1342 3053 396 3198 4534 1778 5759 1916 252 6782 5870 4610 3317 484 3392 2133 5989 2137 4799 2168 4943 6039 777 931 8345 4992 6171 8335 6210 6090 3684 850 5005 7212 3773 3657 5075 2373 6294 5124 6186 6191 3841 3839 3862 8475 1128 7471 1119 3859 1125 5166 2548 6359 8481 7479 5184 1014 3879 1133 5180 7484 7507 2572 7083 3916 1213 6422 6374 5204 5221 6441 3915 8580 2671 1194 3530 2680 4013 1310 2328 8590 1300 7594 2709 7590 2710 2708 1176 5197 2712 2580 4061 7552 2687 6390 1344 8238 1193 2754 3560 4071 8645 4104 2586 5173 1378 5364 1304 6784 7149 6819 7790 1975 7039 3626 500 1830 5193 8207 5873 5860 1938 3219 8236 1262 6940 8036 6688 3035 3446 4095 5933 3458 8305 3513
1343 4340 252 4309 6831 5557 6703 491 5848 506 6953 6946 5543 8090 5529 5541 1556 1742 7109 2137 872 3176 976 2358 5087 3431 8139 5125 3444 6311 1086 6235 7507 3891
1346 3021 6782 4372 252 6831 1742 4483 1608 6954 4319 6962 3239 1916 8017 539 528 3317 608 2051 3392 1957 3549 5024 958 2104 8320 2373 2489 7449 616 1085 1098 3811 3443 595 5199 6235 7507 8525 8580 2015 3035 3314
1352 5572 6782 6831 5634 1843 122 6962 491 6979 1742 1906 4637 5805 5534 3392 3305 3317 6206 7091 2398 3813 1072 3862 1086 8335 2553 7500 7507
1353 170 6782 2995 1742 369 5721 5772 1541 5830 4528 3238 1916 252 311 491 3295 3317 673 7259 6235 5125 3839 1086 7790 2125 913 421
1357 122 3021 7850 6782 6831 4483 1742 4526 8002 7999 3050 3071 3261 6964 5837 6961 480 502 491 1947 1886 1916 3317 586 601 632 2085 7097 8145 650 3392 1953 2133 5989 7183 5981 7174 4845 756 801 2136 7213 4943 3664 7279 572 939 2373 5993 7016 7356 8412 8314 6209 455 3787 5087 1045 7407 485 2089 718 1064 1067 3609 8458 3818 5125 8463 4945 2490 8466 3862 1086 7480 6235 1201 7507 8335 2611 1218 4001 6448 8515 7494 6387 4542 5894 543 3401 4322 1942
1360 5557 6782 1697 252 5649 6831 228 5626 2976 4448 1784 7955 145 137 380 6909 1594 4484 1850 1771 1778 8002 120 7801 7785 4483 1562 4534 5790 7800 6679 4274 3254 3211 491 5839 1943 4610 3295 1971 7015 1742 3318 106 1576 8077 1610 3317 5870 8107 3392 3373 4708 625 7088 4738 7097 3425 4735 8118 4716 4761 2133 5989 5797 6006 582 2055 2137 8200 2168 8179 760 4811 8106 8355 6235 8439 3524 1072 8091 5994 3836 1105 2061 4704 5125 6000 3862 5170 6367 3811 2562 5199 4865 1213 3837 6422 2649 6387 8590 4533
1361 2996 170 2976 3033 5626 5636 6782 6755 7898 1748 235 3064 6790 2963 4432 5634 6836 252 1784 1771 7945 3154 7978 1804 6884 1843 3198 4484 6831 7976 4483 351 5742 6909 4534 6936 6927 1846 5721 4528 7800 1562 6693 1568 6703 417 3206 5804 7936 1867 5795 1879 5769 5632 418 6956 8009 4548 421 1887 3181 1894 132 1592 5830 122 1911 487 1923 6986 502 506 473 8016 8057 1914 3261 4610 3240 1957 4560 210 519 4570 7980 3320 561 572 3317 8084 1970 1898 4330 4657 568 2006 8107 1999 2029 605 8097 3392 521 4708 5914 3375 8110 2045 632 5699 3347 3314 3331 7093 5956 3425 2109 592 615 3439 425 2017 491 2133 5989 2113 6001 4537 2104 7155 3468 1825 2178 5996 7130 4729 6028 5994 8147 4622 5722 577 4755 4678 3458 7181 7184 3481 8177 7941 2166 8105 6066 4811 2199 3548 2215 7176 4895 7188 2281 2195 2286 4945 2230 8223 2162 6011 4851 958 943 3631 908 900 746 6235 968 2373 983 989 8227 974 4865 3811 5125 3728 6322 6310 3808 3775 3829 2521 6334 3862 5161 3843 5964 6329 8335 5170 6321 6359 5184 1146 7480 1157 3911 7504 7507 6396 1201 5001 1212 2630 2632 2428 2649 7458 7572 4061 2754 5086 2722 6314 1056 5884 1710 543 1177 6374 3891 3916 7313 5221
1364 252 6831 4483 4529 4534 8002 6962 6936 491 1916 1923 506 3392 4708 5989 3593 3637 6235 2162 3373 4777 5125 1086 2539 5178 7490 7507 4001 1586 1742 1300
1366 2943 170 6782 3053 252 7870 6831 3065 6703 5713 1742 4483 333 5772 4535 197 3098 5626 437 7863 6963 1889 6954 3258 1911 1854 5557 1830 6881 506 4534 6980 484 5795 5848 1916 103 4304 6986 4399 3295 297 3251 2001 3308 2013 530 2029 5869 3294 3318 7081 3293 8136 636 5969 7093 5970 650 8130 7113 2028 2133 3392 7121 694 2137 265 7153 7193 4862 4637 8249 2215 667 8204 4768 6180 4793 7115 3468 5020 630 728 5837 2373 4829 2400 6325 7437 7447 2510 3862 3419 4945 3863 8335 1146 3839 1105 2572 3911 1181 1162 3909 7507 7188 1213 4001 7504 2687 4755 6990 5356 2949
1372 148 170 1664 1733 281 5686 1761 6868 4490 5557 7978 4534 8002 252 6945 491 1916 3317 6782 122 3392 581 512 8156 1742 6010 3630 6235 5148 2373 7507 1086 5125 2750 1593
1373 252 4483 6962 3255 6782 1919 3317 3335 2030 3392 548 8112 3455 710 797 2086 8168 7086 616 650 7217 8143 5964 5873 680 958 6996 5854 8130 5943 564 4681 646 2032 8474 7092 6240 6315 3460 2510 2400 876 2050 1086 7507
1379 122 6682 6736 6784 202 211 5557 298 5659 1742 1837 7998 3050 425 3069 3242 6962 1901 518 1953 4641 3181 4613 3389 605 635 4699 1916 3245 5830 3413 2129 663 8163 7184 4761 2168 6006 2117 8238 4904 5155 1055 5172 1196 6399 7507 6374 6387 5221 6422 8580 1300 5298 1086 5125 4622
1383 6782 252 7896 3098 6831 341 1742 4508 122 4534 211 4484 3069 8002 4483 1916 485 491 3317 3392 4625 5800 467 2050 3468 3549 6206 8314 5125 3811 6262 8094 1086 5154 3853 8335 7507 3911 5007 1218 4574
1390 6831 4483 6962 478 491 4735 5125 1053 2522 3862 3880 7507 913 1301 1378
1393 122 6782 252 4483 1907 506 491 3317 8084 2137 3392 6113 7212 6117 6235 6210 2373 4945 2490 5103 2496 5125 3839 3813 1086 7092 2162 8463 8481 1128 3911 8501 8503 7158 2572 3916 5106 7507 1201 2580 8515 5088 2558 5221 2573 6387 6402 2593 3933 1094 1221 2611 2606 5220 7572 8590 4870 2710 1301 2750 4061 2754 8005 7490 2712
1394 122 252 3168 1867 1742 4483 491 6782 6831 4534 2047 633 3392 717 3379 2234 3317 8199 5125 2525 3862 1086 3885 2416 2414 6332 7507 1094 3944 1212
1395 252 7917 4292 259 3092 1710 7803 1724 1568 113 7894 7812 5520 1608 4319 5572 1567 7839 6705 2979 246 1697 2992 6689 321 1647 122 6831 1771 7823 4471 4398 2969 3173 373 5525 5722 5727 4429 5537 3190 5527 6688 3055 4529 1745 6921 3205 1677 1545 341 4526 4483 5805 5795 111 5741 3011 346 1544 5632 137 7978 343 6904 3034 256 5818 3064 5812 5623 1811 4534 5809 3258 1858 333 6967 1618 2993 1873 198 483 5799 5758 6954 3213 6784 5521 6962 8053 6981 1901 491 4592 8038 6964 313 7822 3222 4559 3211 6789 7870 5526 506 1916 5534 3274 6939 1860 1889 3293 519 1910 1558 3058 1646 1578 3264 3286 5746 8077 3290 7934 1973 1958 99 3283 5831 4589 5867 207 1970 1967 3269 4641 81 5523 7986 5806 8076 3169 7863 4574 4655 4401 6755 2005 3276 4659 5904 387 5901 3392 4738 4697 2085 4741 2045 7060 5947 2051 3394 4679 7054 4603 5936 6782 8084 3317 8156 5878 1883 4699 545 499 2970 3037 5762 558 567 3318 2139 5720 4752 8039 717 7108 5994 2215 1984 8165 663 3603 3553 2111 7118 3102 5911 727 7220 7026 3306 5801 418 5678 708 3187 664 611 3337 4797 3432 2281 3517 5934 3315 5973 6878 5926 4585 714 2056 7159 5825 3570 4465 513 410 6987 5891 3414 6058 4583 3631 8168 8061 2217 6168 7283 6171 4933 509 971 6235 3729 2373 3463 696 2414 6315 2317 1072 3839 8434 8450 3295 8345 6347 3859 5161 6349 1100 8503 3901 5205 3916 1184 1141 7507 8515 6402 1213 2750 2754 2687 3966 5356 8048 303 1994
1397 6782 4483 4534 8002 455 6962 1592 491 252 5557 1916 3317 3392 3331 122 8084 5088 1086 8335 7497 2580 1184 2581 6235 5205 7507 1378
1398 148 5549 4327 1586 2992 170 6736 4300 5613 1646 5596 4392 5557 5634 3066 7903 1670 4381 6720 3021 4407 236 5693 4463 4465 7941 7880 1784 4484 335 4490 346 324 1767 1811 1812 3168 5755 3176 1822 387 4500 6921 6934 7934 5576 280 7981 1827 6873 3213 6943 4271 5527 7803 99 6937 4549 1883 5818 3234 4542 3069 5519 1568 6963 7775 7790 1858 3182 1836 4559 6974 4565 1923 5815 4543 506 5848 333 5529 1954 4545 5867 1959 489 531 3223 3310 1918 8054 1854 5797 522 8017 3318 1971 475 7023 3328 4633 7033 2002 8009 5899 3187 561 4647 4691 1967 2977 3290 3371 1545 2032 3381 5903 1898 8112 571 2052 8107 2036 630 1913 7030 8136 3293 7097 5968 3419 4594 5970 4697 3439 650 4752 7109 2111 8156 4771 2115 4686 2124 6001 4729 2133 3477 699 2137 3423 3317 541 3313 3322 6032 5880 7162 4710 6066 7193 6930 643 3468 4826 3549 770 3571 8236 7064 638 8153 8149 7217 759 762 1884 2281 662 1861 4847 3593 4656 5994 3376 313 6180 814 3445 4755 3588 5920 2192 4997 5674 965 8363 3717 7212 5024 7342 5020 6240 971 3709 8360 8168 4943 1003 3738 553 8160 8439 3754 2441 1028 3807 4809 616 3818 3653 4726 8329 7430 7024 727 1082 8211 6171 8468 7112 6262 5136 4910 6323 1902 677 3430 3306 4712 6331 637 8242 827 2096 7341 2150 7404 6265 6337 3845 3841 6314 6305 5150 4806 5881 5114 2521 2524 733 8463 5961 4956 7468 1102 5115 6310 5125 6105 7435 1107 3862 876 6326 2364 2536 955 6347 5172 5178 6028 2286 2424 5161 1123 6341 5173 6167 3877 5181 1154 1146 1144 3899 4693 1072 1172 2572 2576 1014 6382 5117 2583 1196 7207 1067 7507 1126 8478 7525 5220 6402 7494 1258 3962 1213 8580 5298 8590 5164 1206 3836 8412 4061 8645 4104 2768 5180 7174
1405 252 1748 6831 6703 122 4537 3053 5557 1742 5848 491 6962 3317 8084 3392 1923 2133 2168 2373 5125 4945 1086 1105 1135 2562 8503 7507 2649
1411 170 3053 5634 7782 252 6813 6779 211 5649 168 6790 1748 351 7955 380 313 269 5772 1843 7981 3198 1594 4534 5758 4535 7991 8002 198 3069 7903 8009 122 1887 5798 1858 5831 2947 6945 3250 6730 6962 3259 5799 5521 491 1558 485 3228 1916 1923 506 1886 7999 3261 511 4399 4607 520 5869 523 3295 1959 5853 1953 4637 3317 6968 1744 6980 4661 3328 136 3371 2029 3365 1962 1996 3392 8107 4673 613 605 8145 5970 2068 565 5896 7097 7094 5936 666 432 5943 3440 5964 2133 4597 2035 4767 2137 2111 3439 2152 2033 2131 2001 7153 3246 8017 7183 756 8200 2136 827 2281 4878 3570 8245 4948 3529 3391 2319 5900 4653 7328 3340 8005 484 6219 3532 2168 983 3631 2381 549 2408 1003 4811 6113 5020 3752 3430 981 4943 3597 4870 2265 7356 6294 3373 5106 3276 5935 3827 7091 7140 6209 1107 5103 1105 6315 6311 3837 1113 5125 6206 8481 5178 5170 3548 1129 4725 6367 2562 1169 7188 6000 3916 1184 5199 2584 8335 6235 1201 1186 3933 1212 6422 1203 2754 2687 2586
1414 6782 6831 8002 3249 3092 6962 6941 252 483 491 5853 3317 1906 1974 7821 5934 122 8133 8166 4811 5900 2082 3392 7462 8335 5125 1086 2492 7507 2754 4483 549 4534
1417 6881 5527 3102 7978 499 4592 3404 3348 7074 5834 7140 6066 5986 7108 770 4806 7188 2202 605 8245 4865 2015 6166 3631 2136 6169 4703 3657 3595 707 6219 6210 646 4825 7404 8314 5103 6305 3811 1105 3529 1107 5153 8466 8481 1128 5170 5161 7479 3888 4910 6367 1072 8458 2018 2562 8155 1146 573 7094 5007 4943 3897 2035 8501 1169 4912 3911 3916 3907 3862 8165 8335 2580 1184 7500 2581 2568 7504 6387 7507 2373 3933 5199 1213 6082 6390 6422 1273 7572 8590 1301 3839 4061 2712 2572 8221 5205 1086 4945 2754 1201 5125 3885 4715 8084 3317 6703 7084 4610 582 6962 1676 4483 252 1196 3392 8111 6831 2215 5848 1916 6235 4652 5966 491 4351 5804 4534 5752 5557 122 8002 2137 3295 4399
1419 122 252 5634 2944 6831 5636 4483 1742 4469 5713 4500 5721 3205 1778 5790 1744 114 3069 3213 8026 3190 8027 5798 3214 1878 6962 3258 4274 3053 491 506 502 1562 5848 511 3237 5520 4399 1947 1804 4590 7009 1971 4622 485 608 3392 2077 717 6066 4829 801 3703 5024 3684 2400 6262 5964 5088 5125 2487 1086 4704 8335 5007 2553 2558 3885 2576 1169 8580 7491 3513 4001 1262
1421 252 1541 122 4483 4534 6831 6688 6980 491 5758 5541 608 3400 7085 8148 4723 4743 3214 8153 3479 2137 4705 3392 3317 7153 8084 976 5005 6962 2373 1916 5125 1086 3839 8335 6326 5049 4945 1100 1149 2572 2584 1174 6235 7507 6396 4095 3401 2580 8002
1422 3053 5636 6703 5649 210 3050 6831 211 4476 1812 1594 197 6909 5759 7981 1843 3071 4528 1850 6929 265 4535 421 425 8003 122 134 116 4311 3234 2963 120 5834 6968 491 5847 5534 7995 6782 5848 493 7804 6990 5835 8017 4399 1916 4610 4274 3317 4666 5772 252 7823 4609 5870 7058 4708 8136 2077 5966 2033 1973 3373 3261 6006 3378 3348 2015 756 3513 605 8245 7230 4910 4806 7188 3595 760 8101 3658 3626 5136 1072 8466 2572 3916 7507 2580 6387 3944 2611 8576 4001 8580 1258 2750 1186 565 5178 602 5881 2712
1423 6730 1558 4311 1748 197 6744 4483 1587 7839 335 2949 3168 7790 5549 7976 5519 3176 7978 1840 4534 122 3053 3069 1562 1843 6831 6909 5572 5713 6784 4556 3182 4537 1586 418 5706 7936 1879 4586 7801 480 1911 333 8031 1873 5834 6782 5557 252 4330 4535 1923 6716 3224 116 3065 1771 1918 1917 5795 5848 3225 484 5699 500 4430 1908 5659 1886 5869 7983 7896 3290 6946 8016 1947 1906 5831 7001 5853 3286 491 8027 3305 5721 1916 534 8084 1959 8002 5626 5634 5772 5870 565 465 4624 1910 3359 4652 8083 1742 585 518 4678 595 2020 3252 1933 4560 455 3389 2029 511 3392 4697 1866 4531 635 1803 496 6962 2068 2078 8107 5804 4771 7066 2123 2133 1887 7059 8136 4799 8171 6013 2094 697 2112 468 707 5960 5769 2162 5974 8179 4825 7183 2028 708 6054 4755 5994 7153 2057 4862 4829 7078 3587 2265 3595 616 7230 2168 2018 7159 2262 2154 2292 8252 6171 2215 7328 7188 4943 3373 3435 1003 5989 6206 6066 3317 8017 760 4945 1072 3811 4610 3548 1105 3857 8434 1121 6336 8468 2159 3839 3862 1145 5125 8221 3902 5190 5179 2521 7489 8502 2562 2568 1162 1169 7162 5204 2403 3911 1086 1184 8466 3916 2373 5001 7480 3852 1201 6390 2584 7507 3933 7491 8515 2585 5976 3915 1165 1213 2649 1218 2624 3893 3928 6387 8576 4847 1126 2611 1273 4001 8580 7572 1300 8590 2549 2709 6511 4061 2483 1301 2710 6374 3992 2712 8640 1361 2687 8645 2754 5364 1196 1174 5356 1262 5193 6235 2572
1424 170 134 138 4283 2976 7822 7802 2940 7883 3033 3053 6824 7801 7907 6688 1748 6819 4448 1784 4465 7955 341 3050 4483 122 5557 6723 280 6934 374 1592 1770 1846 4537 1677 5769 5795 4549 4529 1830 3234 8034 6779 8027 1768 430 417 3069 3239 1887 1775 1911 1907 506 4584 6782 7983 8045 6962 252 504 4399 6976 5862 3211 483 1778 4330 4560 4508 1900 7014 5850 5632 1850 529 3300 522 3187 1873 1647 1916 5721 1992 3317 568 1970 5797 4666 3271 7045 556 197 1742 4661 7033 7936 1947 602 3353 5906 8110 8093 351 5521 6964 458 4705 1874 5859 2957 475 4677 585 1943 7009 1594 7058 3286 635 6968 6929 3404 5649 1959 5626 4743 8145 7088 5848 6907 7097 2085 2033 1923 4534 3425 617 8149 2066 5766 3279 6945 2119 2118 4771 5870 455 2104 5772 5995 2133 5634 573 8105 4799 3335 7153 5985 708 2136 616 4763 7140 5951 4749 760 3587 491 8245 8217 827 7212 7152 4865 2281 6166 4948 4719 5895 7213 5900 321 2364 7328 3305 8329 2215 3686 3487 753 2398 2489 6210 7162 5125 5083 5106 7094 3847 1105 3839 3378 5961 3373 6000 607 3626 8466 8434 1124 6294 4704 1129 2536 5161 8335 1086 888 5026 1151 1146 5181 3879 2539 3890 1169 5124 8397 8503 1181 3888 1184 2581 8502 956 6235 5211 5206 7507 951 6387 4945 8576 7572 5315 5185 2754 7016 223 4610 5534 829 6703 103 472
1426 1545 170 6748 5580 1629 7802 122 6771 2967 3064 5654 7775 1697 4407 228 1646 255 6824 5613 3092 256 252 7917 113 7926 4463 3033 6782 1767 321 3138 7941 210 7870 138 4322 5519 361 4430 3102 313 1771 7908 343 3052 4373 6755 3062 6925 1843 6922 5632 1587 4480 4476 6753 5720 2995 280 5557 6870 5659 1744 5634 145 5572 1850 7998 4500 7838 7981 312 5521 303 4525 3202 198 4484 1768 360 5759 6884 3058 4483 3173 5769 2947 1867 431 1846 7850 5636 316 5795 417 376 3222 4338 6711 6869 8023 4543 4537 1866 1679 5626 8027 4319 1608 6698 1544 2970 7791 6705 3241 6963 1583 7822 5809 5527 1889 6688 3181 8029 5541 81 5545 5831 7831 6730 1907 4575 3239 5819 5821 5772 1905 167 3220 4281 3182 5525 8054 3269 1923 3069 3254 6703 473 3281 490 7813 502 3289 506 3253 1937 1892 4288 269 461 3255 5543 5834 111 3225 491 5867 4611 1947 530 3279 528 7986 1943 3280 7017 1921 3252 7015 3314 4552 4275 6957 5721 1960 5798 1594 3224 4623 3296 386 4641 5825 523 7014 1966 522 1992 1914 7033 8070 8088 3327 8089 3307 3359 534 5649 197 8090 484 1784 6873 6943 482 4695 4622 614 7022 4563 8073 7058 5868 4693 8083 2020 4659 566 8110 1984 500 7995 546 5935 2026 8008 1964 7060 6961 585 1671 2045 2957 520 4719 7066 8031 594 4581 5805 2036 5938 2030 613 1971 5856 1670 3381 2078 8016 574 3404 635 5952 5951 3426 5891 4703 5722 7056 2003 7074 8106 4643 3219 552 1878 5766 1863 5913 601 5921 1898 8034 4743 4615 3396 6976 7093 5902 4624 1738 1882 6979 7097 6942 4678 5970 8112 7903 1959 8147 8145 650 5820 3442 3440 2109 609 4761 7109 1965 5903 4673 8149 5841 8141 4667 2083 3206 4647 5790 8007 1618 2017 3306 6779 4763 3376 5853 1980 670 2129 3416 2118 1786 3328 4771 369 7108 2104 8107 8168 666 7882 529 7127 524 5989 4735 5985 3353 4592 5837 4767 1962 543 7054 2157 2141 2137 6028 4792 8184 8159 3477 2152 5678 3450 1781 687 439 3491 2033 2002 6013 7023 4565 7098 297 667 7179 1854 3511 7178 759 6072 7936 659 7153 4639 631 6055 4845 3449 7159 1988 2117 634 8084 3391 8233 2070 3556 4780 7059 3476 7181 8226 3571 1970 8236 6012 3587 820 3479 465 8005 2236 1973 8221 708 6856 3588 3513 8224 7259 8199 1677 8204 2281 6117 4723 826 3299 4469 483 458 5973 3517 5982 7140 4528 770 3373 3444 4630 1873 2192 4613 3594 717 8160 661 735 867 4948 6180 3455 8313 2286 4959 572 4910 4559 6185 5993 4777 2138 736 5986 3460 4656 3631 2215 6162 3683 3572 7242 6030 7176 8245 4653 6037 6058 795 6169 3331 8077 4793 8299 2108 8017 7283 2319 7025 3514 963 5020 8048 2364 4895 6171 5024 7342 2358 3709 7345 4963 5038 8393 981 974 983 7279 3684 5005 455 6249 4629 637 751 3392 7030 8237 2416 3393 780 5737 2414 3783 7408 5927 1045 3787 3609 1056 582 5990 1028 5110 7165 2398 1020 3560 616 6305 7063 5103 662 700 7430 2252 7037 1019 3413 2495 6113 3636 7220 7449 3461 2490 6325 3657 1078 2510 7437 6311 3814 7454 3832 8473 1105 2424 3820 5142 6082 3686 3843 3847 1096 1083 3837 7009 5843 6322 1081 2111 3321 7213 1119 3788 3850 6331 556 7298 2532 2486 3853 605 6315 1111 6323 6345 4785 3855 1093 3863 6332 5164 8434 3819 8120 7479 5172 3871 5174 8314 2549 7409 2276 5181 5184 2551 5173 3879 6362 5083 3890 5183 5145 5190 1144 1160 6367 2035 2534 6359 7107 1170 2123 3885 5166 8501 3900 8502 8478 7483 3897 5086 3813 6314 3875 1147 3895 2243 1181 6344 3910 3443 6281 3901 2485 3915 1192 2580 8481 6351 5192 3911 818 1168 4943 1194 5212 1114 3907 6387 5197 2553 2573 5159 7092 7480 3858 7489 2584 3810 2568 6399 7507 5221 6402 8515 5220 3893 2630 2606 7497 6422 3966 5232 8576 2649 8580 7552 4001 1258 6448 1193 8484 3646 1187 5280 7572 8590 3873 1115 4912 3928 7590 1300 2708 1314 6474 7188 7491 2710 6511 1336 1133 2750 8645 4104 2687 1186 1135 4071 1301 5356 5734 8111 4637 2061 5087 2712 3065 7034 453 2709 3388 414 3261 7172 476 3439 7151 4534 4351 2171 829 3658 4535 827 6945 351 6235 8136 2513 8155 5801 8039 8275 6369 2586 6209 2015 8002 3317 2238 561 1676 7983 6101 3379 3448 936 3228 1196 3841 7149 1101 5534 5170 8207 6736 411 2201 549 604 4717 7823 3548 3300 7036 5896 6819
1433 4399 4448 8002 3225 6962 1911 506 3295 458 3317 3392 2137 122 2373 646 2252 1086 3863 3839 5364
1435 5580 3021 170 138 4328 122 5557 134 3030 6730 5607 1562 6782 3098 7908 324 4469 7936 7978 374 6909 7976 5769 1778 4286 1843 4483 6736 5649 4537 1887 4534 5772 1886 6968 1911 6831 6979 3053 506 8002 489 5848 3069 6990 491 4399 4607 520 1947 1923 4610 522 1916 1784 3310 7014 3317 8017 4484 5890 567 197 103 5549 4663 3349 565 4292 4661 503 6693 4652 2026 604 5795 5766 7001 3328 8093 2033 8107 611 5933 2030 2029 3417 4717 618 2077 2066 4725 7097 2089 7056 5894 5626 2015 7108 7086 1988 2133 8163 5914 4768 2137 8120 5996 2131 3450 7059 4622 3487 8147 7140 3511 4811 6054 616 3524 3530 3276 4862 3392 770 3455 3587 8245 4655 6101 6006 8174 4673 6090 6962 4878 4865 7264 3529 8111 6180 931 3597 2061 6206 7151 2364 1003 7312 582 5020 1019 5087 1048 7023 3379 5007 2411 3811 5125 2489 2381 6305 1105 1086 1107 8345 3295 6311 3862 3839 3855 5124 5170 4643 549 1146 6367 1169 8144 3911 2572 1181 1141 2129 1184 3933 5212 2580 3962 7497 7572 6422 8645 2754 1262 956 7016 8466 2002
1437 252 6782 1742 3053 4534 265 6962 4523 122 5557 491 1916 3317 3050 5804 5534 6831 3392 2029 8145 3373 2018 605 3440 2066 7039 5896 5895 4865 8017 3487 931 5125 3811 4610 3862 7507 8335
1441 1576 5553 5570 3011 1612 5613 4391 217 4374 4399 4401 5623 6744 3062 6813 1592 7870 1670 5626 1562 3090 1676 1738 201 3112 4463 6723 321 311 4465 5713 4466 4398 7837 6885 7955 6881 1804 4480 7863 7927 1825 7978 1744 7838 1771 4343 3150 239 6921 1839 7934 4516 6922 7981 5722 6918 1837 409 3088 3213 189 4534 5799 1840 1867 8013 6703 1863 3228 4513 1881 188 456 6945 5831 454 5837 6939 3261 3069 5721 6968 480 6958 4322 3257 5795 1905 5821 1904 1614 4483 4584 6962 497 1886 489 1587 4328 2944 122 502 101 5541 4283 4319 2980 3224 3297 1908 4566 5727 5520 4292 4592 1933 1959 8031 5855 440 527 7812 4597 8070 4611 1946 4525 4633 3317 3313 1966 571 3290 564 5888 6831 4537 591 5906 596 4656 8093 1742 2020 2032 8107 8112 7055 582 7903 2051 3396 4689 7034 565 6988 601 3319 3417 644 4740 8145 7108 8148 297 4767 670 4725 1941 5989 6904 699 759 792 2217 1928 2066 3220 8249 715 2168 6055 3486 8166 7172 5913 2088 4821 649 7188 8091 3636 8320 474 7242 2262 7064 2005 801 8106 631 3683 4970 5956 6157 8345 3481 785 7077 939 5891 2045 7313 7115 5024 787 2341 3455 3748 6007 3410 3684 3379 3588 989 718 4871 3287 7356 5088 5075 558 1086 1087 7459 6337 1085 3460 3340 8169 4704 3852 2545 5178 8491 6345 3858 1151 5186 7420 2559 3895 874 5197 2558 2563 7404 2068 2571 639 3912 615 1184 1196 7507 3933 1165 6399 637 1123 7283 6396 1194 3901 1094 5049 3541 1213 2626 3966 1191 7402 6511 2724 4061 6316 5759
1443 6782 4483 4534 122 6962 1916 3317 3392 1860 4811 2154 2580 7507 1221 4001 4104 1086 5125
1445 5549 5557 121 4311 5521 7823 5570 138 4370 188 4327 6679 1662 1562 228 246 1689 6813 1748 4437 7926 6831 298 3053 324 1796 7955 6755 6711 4483 3050 332 1618 5607 122 3173 7976 5649 7982 5537 103 2949 1558 256 4528 7812 4304 5519 4484 116 1742 1768 421 7807 1846 7801 1697 5540 7996 4537 1784 3226 5807 1843 3198 6945 425 7991 1887 3220 5822 458 3213 8025 5835 4551 477 3269 1781 1890 1911 1906 7908 5844 3222 1905 3069 4596 506 5795 4399 491 1886 1943 6962 1946 453 1947 523 3311 4640 5870 518 529 5721 1972 4330 1803 581 4666 521 1903 8084 586 8074 5906 582 432 610 8110 5901 4708 4689 4714 2045 2013 2017 2030 5933 4720 2080 2077 8129 3348 5951 4735 618 4755 3440 7109 3389 7058 2131 2133 2118 608 4535 5982 374 8093 3435 6004 197 7059 7130 7153 3289 3498 5769 3482 4792 134 2035 7019 5896 4314 4679 7085 4809 3524 8197 616 6072 2157 635 8238 6066 4870 2236 3388 8150 3595 3587 826 8245 2215 756 8097 561 5634 8130 2136 8165 4948 7212 6067 7092 2137 736 8005 7188 6000 2364 2344 2170 965 2373 7345 607 1959 956 7983 6219 7356 552 4867 5083 3813 2489 850 4865 1107 6334 1072 1102 4675 3847 2107 3839 5115 7162 3833 6347 1128 5161 6341 8335 3765 5170 5936 1146 2535 5929 1145 1144 3814 1147 1169 3888 4945 3487 2562 7490 4959 5204 951 3916 7492 1184 3911 5199 6012 1082 7499 7507 1204 3880 2626 5232 6402 2624 5255 6422 3909 8590 6235 2708 4061 7576 2754 1301 2411 4351 4776 8221 4534 3859 780 5904 1916 120 3392
1449 3045 3098 7801 6703 1598 1562 252 8061 1962 3317 8129 5973 5989 798 6831 6166 8179 4992 8275 2373 8345 3811 7091 3839 3788 1101 5125 3463 5155 3837 3863 5161 8335 6315 2443 7188 3880 6353 1019 3858 5103 6362 3888 5176 1086 7490 1157 7491 1169 3911 2576 1186 3913 5001 6235 2584 3916 6206 3930 5213 1165 7507 3933 1196 6359 6402 1221 5221 1213 6387 6422 3893 1094 2649 8543 2624 3966 8576 2568 4001 7572 8590 2672 1300 1206 5212 6374 2687 7590 2708 2750 2712 1262 4104 8645 7822 3890 4870 4534 8136 4652 2581 4610 8005 472 1285 7409 7903 604
1451 120 6741 4291 4322 5607 7823 5634 1646 6779 252 211 4437 321 3138 3090 5636 4483 7908 5519 2957 6885 6884 3168 5759 7785 7970 6831 1830 3187 1840 1843 4529 1850 4484 4351 4447 3071 4528 8002 3069 6939 197 6946 198 4534 425 4537 4526 8023 5795 3252 3254 3250 480 1911 5838 483 3232 1901 491 6968 6929 8031 506 5848 5804 4399 523 1947 5649 7014 122 3317 5534 563 1803 500 7801 8073 7023 3295 5890 3327 8005 5870 5551 4666 6962 581 582 4643 4661 3246 4531 8090 6976 3303 5900 4330 2015 8101 2029 4504 4659 7056 4712 3392 3401 7064 3321 4469 631 5966 8136 650 3388 3393 5970 479 8145 3305 3229 613 1742 8141 2137 1857 638 4811 4792 2136 7162 3448 4829 2205 7059 5943 3514 8221 3524 6066 6856 2168 2230 3276 2155 3430 4865 3529 4878 663 717 637 801 7094 6180 3595 6035 3455 2171 770 727 6011 8087 7024 8345 3487 485 2364 8355 6158 971 4943 4910 3601 2328 7356 2408 7377 3787 2443 6294 3808 6310 5060 3818 1105 3827 8458 1113 3839 8466 2521 5124 1086 5155 8481 5956 616 5170 5125 1160 6367 1072 1157 5161 8501 2572 3916 1181 951 1056 5193 1168 1020 2573 5205 956 1186 6390 8515 3933 7507 7572 1300 1262 6474 1301 1304 4061 2754 5356 6681 1206 433 94 4400 521 2979 5545 229 7734 4440
1452 5580 5713 2944 122 7896 2995 4534 1878 474 7995 3254 486 3289 1892 5860 7016 3317 491 548 4483 440 4647 3269 3392 619 4712 4694 3283 4720 4738 4752 1988 2124 7127 5804 615 725 8111 114 7026 8165 814 3477 4969 965 5967 2317 2418 5125 1086 7478 1141 1145 7497 1149 2555 3461 7442 1050 120 7104
1454 1646 170 5557 6782 215 7801 2949 1748 6703 5769 4484 1887 5634 269 6964 5706 252 506 3190 7983 5848 409 5626 4399 3228 8017 8008 3069 1959 3276 4545 3281 197 566 4651 8084 1742 563 6793 3317 2029 8107 4708 635 3112 8136 6831 2133 7153 4829 3593 5713 3517 6013 6082 848 8221 3595 2281 8245 8174 3513 5951 727 2137 8165 5989 6206 7328 8355 5020 496 4793 8031 3703 7188 6066 2373 3811 5125 8002 1105 3819 5124 5145 8335 3862 3295 1146 3911 3839 1184 7507 3854 8525 2606 2626 1213 4001 7572 2649 2754 1086 6235 2562 5772 4945 4483
1455 5570 281 5519 5525 1558 316 6703 5549 7801 1545 168 6947 5521 4351 122 1742 6967 1916 3300 3317 6782 3392 2070 4767 2175 756 3556 8221 2428 1087 2111 2534 6235 7507 1301 7572 3992 5155 2708 1300
1456 5572 145 4309 1562 6782 5613 5649 3053 252 5626 236 1750 4534 7976 4448 6907 4476 7908 5648 5795 1830 168 4526 8003 425 5831 4274 7785 3213 4528 3050 5790 1748 1784 491 7982 4548 4483 5839 3255 3232 497 4603 3287 420 3256 7790 4583 3235 4314 3162 6910 4286 6974 7804 4556 3223 6992 3069 3280 5848 4399 493 3239 1947 520 475 4637 1971 5721 3305 1959 3295 581 8084 1878 1775 4484 5722 530 138 8090 505 5549 5870 116 8110 7058 3228 2957 2035 2034 1916 605 4351 7088 3261 7097 2077 4677 565 616 1742 6711 523 5804 7101 3440 5989 4771 8163 8155 4559 4792 7059 4811 7181 6072 746 7217 801 3517 7230 3513 696 2281 717 4870 718 558 2111 631 297 931 4943 3626 3560 2215 4775 7283 6185 2373 827 5024 8165 1003 8275 8130 3597 3658 3684 3787 458 7151 5007 7220 582 4652 4945 3820 6313 1107 6305 7213 3862 8335 5155 3811 8474 5170 5178 1146 1086 1141 2562 3885 829 5204 8501 1157 8484 2585 2584 5205 3827 3933 7507 6235 1218 6390 3966 6422 3837 7552 5063 7572 2708 4104 4135 549 316 303 197 2341 3373
1459 4319 4292 148 3021 3033 255 4442 281 311 6736 5607 138 6744 3058 4309 7955 210 116 1562 7812 7863 1629 5693 1748 6831 6909 1768 252 1850 2996 3198 1846 6946 122 3053 417 5634 6943 5809 432 6945 5699 8008 1545 435 3239 8027 6954 4529 1882 4525 5825 409 6962 5837 5821 4565 3231 3252 3258 3261 1911 1901 4559 4552 5721 8002 1670 3255 3232 4592 506 500 6981 5720 335 4311 5795 489 5859 4534 3295 5804 1941 5853 1610 5874 543 2977 1975 3317 1948 6991 3228 3294 3306 3320 8084 313 546 5885 3349 3327 3328 3259 3340 1997 8090 4537 2013 4343 3353 4641 3376 1996 5649 558 4699 7055 3321 496 5913 2001 3373 3396 3404 631 649 5951 3401 5966 6957 4735 7082 4752 8129 5982 4761 616 3224 3451 486 4771 2133 2117 3417 3477 5989 4653 5914 7140 4811 3529 8200 7108 4829 3435 6113 3476 3593 2192 5928 5935 2281 7259 667 7264 574 4959 2215 7953 1959 8355 2373 8136 5063 943 827 3787 5087 8204 5103 6305 6262 1087 8314 6329 524 1105 987 1094 7392 1086 3832 3841 629 2486 7437 3487 5125 5161 1053 8155 8481 3839 1135 4743 8335 1170 2562 1129 7489 2568 8216 8500 3916 6344 5199 7356 6316 7500 2583 1182 6206 2590 6387 7507 8174 3911 3997 4001 7572 1262 4945 7490 1336 5315 2687 4104 5902 269 3524 6101 5527 2337 1544 5727 2202 170
1462 6711 134 6782 1710 7893 201 6682 6831 1784 7955 5769 6703 5534 1830 5521 1742 3219 5795 1863 8002 414 6939 3182 3220 479 188 1887 6962 6964 4559 1930 506 4610 1911 1916 7015 491 5772 3336 5916 511 2029 8107 8110 3392 2035 1679 7059 5927 4537 5848 4708 8136 3426 609 650 3440 3425 7108 4534 3410 2136 4792 2133 8017 699 2137 4829 6066 3524 8147 8112 695 3513 5966 2168 7240 5986 4865 3595 5988 8221 801 2215 848 6206 1750 4943 6235 8223 3198 3286 4535 1038 8372 3631 2491 3811 2488 8458 5060 1072 2486 3775 1107 1105 7409 5154 8335 8466 5125 4945 3839 5170 5161 7140 2154 2489 6359 1146 6347 4712 2538 1169 2562 3911 2573 2135 6344 3916 1184 7507 4912 7188 2572 5220 6402 6422 3966 2649 8576 1213 8590 7572 4061 2750 1086 5989 1846 7107 3819 8207 3287 5945 6922 7490 3548
1464 5570 6716 7803 3033 138 116 7785 2949 6682 6790 6744 4274 4447 85 259 2947 1583 5529 1541 1677 5557 2995 4448 1775 5659 6920 1689 3050 4322 5636 1768 324 7790 168 5699 3150 5649 1856 132 5525 8009 4398 4535 4543 6711 417 4463 4340 5772 5521 6943 4483 3052 5795 7936 351 4373 8003 6869 4417 1889 7927 8026 1911 455 5848 5853 5790 520 197 1887 2029 3392 6730 1923 3317 4708 511 6964 5769 4484 5966 4677 5989 7153 3524 6066 8221 7188 4829 3811 4945 5125 1105 1146 8335 2562 3911 2572 6235 7507 1213 2649 7572 2754 3232
1470 138 3030 3053 3150 4483 7850 5721 5737 4534 7991 1863 6831 3250 491 6782 4591 122 1916 4399 3317 1972 3392 2036 8084 3383 3393 7188 785 7320 3560 5125 1086 3862 8335 5178 2754
1472 6741 5572 2980 5549 113 1567 1614 7838 6744 4341 7823 1629 3021 6736 4328 7863 170 3011 115 138 6703 4327 4362 1576 7852 6767 188 3036 5551 1562 7876 3062 4413 239 1610 7904 236 2976 252 120 5607 6782 6824 4381 4311 1639 1637 201 1724 5689 7880 1761 1733 3138 259 7941 1748 4437 211 6755 288 7898 3122 7893 3098 337 3092 347 341 7955 3102 6868 343 6885 3090 5596 7850 213 108 5741 1586 6884 6789 5557 361 7912 6907 5755 4398 1775 6893 7782 5519 1547 99 1544 5527 7980 2947 4508 1558 3150 1647 348 5626 4525 7791 4500 6934 7981 4504 4529 1771 2959 291 409 6925 3173 6927 5687 6860 1843 5753 7998 410 1545 5706 3213 5504 1830 1571 4351 106 7996 1770 6771 7991 5659 5636 6947 333 1836 437 6909 2995 1754 7790 3214 265 4528 4543 1863 5759 4542 8023 5807 5790 5800 3190 6954 6956 8025 430 455 2993 6869 4373 5795 7785 1878 4552 3220 8009 3250 6964 3204 466 4523 465 6962 402 4544 480 1887 3254 6959 7999 3258 471 472 269 3035 6968 4537 1911 487 6873 4558 3050 5839 3239 5798 4587 381 3235 1900 5810 3069 1919 492 3278 3225 1778 497 3208 4584 8038 368 6979 4577 1882 3245 6981 5848 6929 6945 5853 4610 3281 6995 4589 4566 1892 519 4607 6996 520 1742 6711 3304 461 5861 6977 534 522 5649 3255 8048 1944 4624 4634 554 8069 4330 4637 1906 7019 8073 4568 7023 4564 3314 3286 8062 7008 453 443 508 5847 6969 8053 3300 524 1669 1972 3317 1910 3315 1965 4597 567 4651 3312 6724 5850 5888 6878 571 7036 4581 7033 4319 7803 1710 101 7807 1583 5523 6705 5548 7801 2963 1587 6975 7032 6718 5899 4672 2003 1893 1984 7016 5634 3330 6987 2977 565 4583 8036 561 7048 8061 1955 591 5890 7007 1987 6976 1916 8091 7795 8092 198 4647 608 3309 2039 2016 607 4697 8105 454 1898 4639 7058 2029 8029 614 8112 8094 2045 107 3353 8008 414 594 3365 4695 3294 2014 2056 7064 5801 503 2034 4688 7009 2037 3357 623 7926 3246 4632 280 3417 4630 630 5937 5939 3340 2046 3410 6990 469 3264 8106 1932 1803 3261 5895 3403 5952 5934 4726 3405 2085 3331 3414 2072 7087 4565 6752 1676 7046 3325 8002 5856 650 6961 4657 2089 8145 613 5933 7097 496 5950 5885 5975 4732 670 6993 5953 5902 7086 2109 8083 512 2077 2123 2119 2084 1941 7936 2118 665 3352 4677 8171 8168 3470 5904 639 2070 7108 1784 530 8155 4693 4534 490 699 697 3443 2055 2047 2036 7115 5985 2066 3479 3468 707 8097 8177 3481 2137 4792 3445 7018 616 7077 5770 714 2178 1933 3206 705 3423 516 2108 5766 7082 663 2001 654 6015 4833 5964 3439 2079 3519 6055 2136 8226 4741 759 735 1921 4768 6032 2138 717 4720 1953 6072 7181 673 4725 3440 7081 762 4862 615 2111 4829 6108 2170 3375 2192 7140 3444 7203 659 6037 3373 801 3556 8129 2158 8238 7230 4664 820 7128 2256 2125 4719 8174 3392 7233 4811 5929 4845 1973 4870 7091 8245 6028 3435 8153 8169 3306 605 4712 2281 7240 4715 1880 3588 827 2201 477 718 1951 4948 459 746 2121 873 4878 6153 7174 7300 3595 1928 3560 5769 8305 7030 3683 2337 4956 3626 2344 2262 2361 8322 8313 4873 3507 3430 558 4778 777 8017 8329 965 5020 4961 8368 814 2215 8363 7342 2392 4910 968 3529 956 6180 785 933 3594 5005 3379 4996 7158 6039 3684 5007 7328 4806 1857 7199 447 2414 4780 8223 7153 7213 5049 8393 3449 6189 8266 2328 7365 7320 6210 3376 5900 5960 2159 1020 8200 4794 5834 8275 8160 8345 5988 8412 6264 6262 6191 7408 948 7341 1028 2152 3718 680 7151 8335 888 760 5063 7345 636 2038 8342 5083 1048 5075 3728 3530 5103 645 8452 8397 7404 3813 7392 2286 2424 4867 5032 8457 7104 3818 1057 6294 5115 4843 6315 8451 8383 3823 2408 8170 2171 6171 6215 5130 2427 1082 1083 913 8461 8468 6265 1092 2154 8472 3532 5866 3836 3451 8441 3299 2525 6337 7220 3841 5145 6305 2511 5117 2520 2492 3850 5136 5154 1113 1115 3773 1112 3308 3857 2524 2505 874 8466 6341 3840 5986 6332 525 3863 3862 6162 8464 6281 1111 850 3498 8474 6347 8481 3738 3855 6007 1122 6169 1966 2276 1123 1038 7462 1128 5169 3852 2544 2545 2534 3858 5173 1031 3871 5166 5146 2548 5125 3882 1135 1144 7484 2551 2559 3891 8458 4945 7453 546 3851 6110 6314 3897 8503 1170 1157 2562 3875 6344 8502 2561 5197 4912 2563 5199 3488 1168 3890 5204 1169 3907 8101 2558 6150 8506 7492 6382 5001 8492 3913 1086 3900 7490 1114 7500 1191 2583 1194 5176 5205 963 8469 5206 1175 3909 6374 5212 3930 7497 2573 8515 7491 2585 1201 6399 6396 3928 5141 6359 6369 2606 1218 5220 1204 2630 3962 6422 2342 3955 2624 6441 6360 4001 6387 6202 4013 8590 1310 2710 2708 2709 7594 6474 4061 2724 8498 1378 4135 2535 3912 1904 5923 1598 1141 5193 4288 4343 8088 5632 7922 6049 7179 4959 3513 3055
1476 4288 1562 138 4317 170 7801 6703 7850 134 6782 1646 6790 6813 252 3053 197 5557 3090 7908 122 1784 1748 4483 380 6831 1742 4534 1778 8002 3241 6962 1916 506 491 8050 4399 3282 5869 4634 3317 5772 5896 3392 635 7059 7016 616 6206 955 564 639 2381 5125 5150 8466 5161 3862 3827 1086 8469 2555 5204 3873 3911 6235 6390 7497 1201 8467 7507 8335 6402 4945 2611
1477 122 6782 252 6831 1742 4534 5557 1916 8002 491 3317 6962 6235 5125 7507 1086
1483 3011 6679 5527 4317 1742 245 7955 7785 5769 6990 1857 4304 3162 5993 6399 4483 3317 252 122
1485 170 182 5634 236 6831 3071 298 7955 4322 6909 5772 4484 122 417 8002 5804 5819 4537 491 1916 6964 6990 444 527 5527 5809 3317 8084 531 1923 3349 7048 6927 3365 2001 4622 3392 3261 8129 6006 5986 4542 8221 2136 5993 6072 3293 3486 7188 2015 4865 4743 3587 4878 3664 5892 2168 3595 6294 5125 4943 3548 6347 6210 5158 6101 3862 3897 6344 987 1169 850 5206 1196 1201 1187 7507 2709 6511
1487 6782 5525 252 122 5626 1742 4484 4534 5795 3232 8017 7893 4537 1901 506 3069 6962 1947 486 3317 544 121 402 3305 3392 1916 4738 8133 630 8107 4483 7153 468 7222 8002 491 4945 6206 7328 3561 2373 5125 8088 1105 1155 6387 5158 5141 8520 6235 1177 2562 3468 1098
1491 5557 2977 3021 3053 5634 235 1748 1738 3122 120 7908 6831 324 348 1742 3173 7838 1666 3187 3205 5758 5626 1836 1771 1850 434 313 3058 106 1867 3211 456 265 333 2947 103 1629 108 1558 6703 1608 221 6784 425 6954 6771 3241 6962 4546 3254 5837 6975 6979 4575 5762 8048 6782 6961 5843 5769 1900 4399 4504 2944 5519 119 5719 1959 6945 1965 4624 440 519 7022 581 585 2026 458 595 3347 5903 594 3389 2034 5933 4715 2035 635 609 3373 631 4447 4534 618 8025 7082 3410 2072 2079 3423 8145 2109 3440 616 1964 5534 5851 1781 3348 3340 2126 3450 2133 8101 636 5861 5991 4429 2157 2151 8177 7153 3549 8220 801 7230 4566 6117 727 3597 8169 6035 7279 7312 8305 5020 7356 7283 8345 785 696 2416 2125 2168 677 1912 6013 549 719 4845 6294 2485 2364 2489 565 8463 2400 3765 7407 7446 3837 2521 8466 5161 4704 3820 3295 5169 2373 2549 3859 8481 5166 3882 3890 6363 6314 3451 5184 7489 8152 7490 1175 8503 3911 2483 1186 2581 6235 1155 3928 1201 7507 7188 2611 2649 3955 1221 8576 6474 2709 1301 1300 4061 1213 5364 3913 5212 2342 8474 4945 951
1495 7823 5613 6782 3055 6720 85 4275 6679 7852 7782 3053 5519 3033 6688 1545 5634 5626 3064 236 5654 6831 7908 4463 7941 4483 269 6907 1742 6789 4398 4407 7982 5772 417 7991 7801 122 5557 5804 4537 5769 8027 480 6962 8031 1911 8048 4584 3255 506 5521 491 489 1916 432 8002 5837 6784 4399 4563 3295 496 1943 3317 440 8084 5795 5847 8073 571 3340 3321 3348 4531 3287 3353 455 7896 6990 546 3392 503 2066 5903 7812 3404 2077 8136 1866 7059 5914 636 4732 8039 659 2018 707 4829 2168 3529 4653 3430 7181 2135 2281 2262 3595 7328 7283 3626 6082 5024 2373 6235 8393 4777 5989 8436 8275 1959 2414 6315 4945 5125 3826 3463 7092 3477 3837 7188 2238 1146 3839 1082 2562 5001 7480 1086 5966 3858 5205 5197 5935 7491 7507 7497 1213 2606 6422 2649 8576 6441 7572 7590 1301 2754 1931 981 2341 5734 1786 5356 465 4601 4785 3513
1499 122 6782 252 6831 4483 1742 7978 4534 491 6962 3317 8084 2020 3392 2056 2152 6032 705 7014 2373 5125 2496 1086 8335 6235 7507 5848
1503 5634 292 6861 6909 5557 4528 6782 4534 409 1911 8017 5848 8002 4483 554 3317 1971 8136 1836 1045 8335 5125 3839 2562 3911 6422 5636
1504 170 3053 5626 6782 4534 5772 122 506 1911 3392 4399 7153 2373 3834 1086 5125 1146 3839 6235 7572 2754 717
1508 4317 1562 6711 5607 7877 145 7895 1710 5649 4343 3023 4447 3062 6843 7917 3065 7775 5713 6789 5707 4448 324 6868 4483 6723 4430 137 1647 3045 380 4476 6893 1825 7934 6779 6909 6831 3052 7981 1850 4400 1822 368 1748 1839 4535 3169 8002 6947 372 4528 5632 7991 8023 1547 2957 1887 3092 7785 3240 1771 6962 4558 5795 3150 3254 3258 1830 269 485 3261 3279 3256 491 3066 99 6688 8025 5570 3030 168 5519 3213 1545 4318 6720 1873 211 3248 3287 122 4563 471 5831 2979 7800 6771 8057 482 506 1937 221 4610 3296 3295 1882 8020 547 5879 500 1906 553 1910 1964 3317 5804 572 3300 421 523 4589 1958 4568 522 1866 8084 1990 7033 6693 3299 8061 5866 2002 1932 7025 6936 3319 5888 6961 1973 3371 4525 5855 8076 5772 8094 8110 4654 3363 2055 1975 4641 7015 576 3404 8130 7039 7088 3426 613 7055 4715 605 2089 8077 3375 7059 639 3357 7046 4710 1965 4725 4697 694 5801 2137 1857 4811 659 760 2217 7104 770 5900 3418 2088 4862 650 3278 8220 2155 3446 3526 3507 6055 573 1827 3435 1824 667 7188 727 868 3560 4825 3448 7113 3276 3658 933 4943 7264 960 8322 7087 3666 2104 3556 2341 2135 8266 1003 7014 6167 7312 3529 6209 3682 8223 733 8152 8093 6310 7345 987 7320 983 8434 6325 1092 6323 5138 1102 1045 8171 6337 5953 5060 2111 645 3850 8153 5114 3823 3862 8481 3852 1111 4951 6347 7435 1031 2518 1145 2551 5180 1160 6369 2553 4945 5159 1146 3890 5161 5125 3514 2572 2560 2576 1186 8511 4794 2136 5199 8492 5001 3930 1191 6399 6353 3944 5220 2606 3863 8543 3966 3997 8590 1310 8640 8645 4104 1378 5364 7497 4963 1960 5527 1556
1511 6782 252 6831 4526 4534 4483 6962 5848 5798 122 491 8084 3317 614 3392 8129 6235 5125 1086 1146 7507
1512 4534 8002 6962 6782 485 5878 3317 7017 8133 1742 666 4775 5985 971 3513 7094 5125 858 5933 876 1086 3818 5880 8320 2118 2260 7356 5141 2754 4104
1513 6711 138 5557 170 134 5634 3050 6782 3053 1748 4330 7908 252 7976 5769 4528 3198 1846 5795 1778 5821 3233 6967 1742 5839 491 4399 506 3264 3069 5848 458 1947 5859 1908 4535 5721 556 197 3317 1562 6703 2949 7801 5895 6831 8110 4695 4708 4484 2046 417 1975 3387 635 7094 2133 2136 1923 705 5626 5804 8221 2215 8199 5989 7222 4829 8002 4534 3595 4865 3440 5951 3637 6180 5900 2281 5820 7300 7114 4948 3646 931 6066 2358 2373 767 3709 8393 7213 3548 6909 3839 3295 1072 3811 6206 8452 3862 8466 5161 5170 2029 8335 5125 1146 6359 3888 1169 7188 3911 2572 3916 2562 5199 1184 7507 2649 1213 7162 6235 4001 7572 2750 4061 2754 2632 3037 8060 3891
1514 4399 6813 252 4291 6831 5704 1795 323 7908 3088 6868 5772 1837 8002 3249 122 138 1593 2992 7800 491 506 3213 3317 3308 1947 3392 3383 4740 7978 571 7127 2033 5713 2126 756 2002 8101 4777 3818 2496 4787 1102 1086 5170 6369 1170 3930 1064 3944 2632 2563 696 4135 3252 4726 4755 85 170
1517 6782 1646 6813 5607 6831 252 8002 4534 5557 4526 6962 491 480 1916 8084 4610 565 3392 2045 7078 2373 5005 3658 2424 3832 8466 1086 3487 1115 6332 8335 7479 6235 2624
1518 1608 134 7801 6782 7782 6718 5570 2976 252 7926 7907 119 5687 3050 351 4534 348 1812 1689 269 1670 3219 6962 480 5557 1576 1905 1887 5848 3232 5839 8005 4559 518 7016 4330 3317 7008 8084 566 5626 614 2020 3392 8111 602 3419 2123 2137 7127 2096 4837 3410 3549 6108 7181 762 563 558 8165 6003 4675 6151 5896 3532 6082 699 873 5024 6235 3709 505 7036 3548 4678 7356 5892 5005 3728 3765 3314 1086 1045 3839 5961 3862 8335 5190 3890 2562 2573 951 7507 6422 8543 2649 7552 6387 1144 2547 8002 956 1594 103 4794 3278 3431 2632 265 5529 1778 6314 2033 6961 5520 4537 6054 4448 2131 826 3287
1519 148 5626 4476 198 4483 6907 4535 1778 3234 1750 4537 5769 1840 4528 430 1775 8002 3261 5798 1911 5804 1742 5795 7936 1920 491 3220 5521 6962 7991 480 3297 1558 518 4281 6964 120 3305 489 7812 4311 7782 5878 5870 3317 1916 2020 3040 565 3392 625 635 6711 1857 2080 2085 4738 2029 4534 662 6831 6001 7882 2131 7084 2139 3425 2137 6006 8017 3443 2018 6072 6066 4870 3524 7140 2168 8307 8245 4878 717 8314 7014 4945 5125 1086 3857 3944 6235 2674 7576 411
1523 170 138 252 3050 6711 6831 4483 1742 4534 1784 3254 6703 3069 4430 6946 5839 3255 8002 506 5557 3317 265 8009 3295 122 5868 3440 3425 8136 5834 571 1135 6235 7507 3049
1529 4317 2979 1576 5548 4304 1586 252 1671 7904 3092 114 6831 7936 349 99 5527 7801 5557 6782 323 122 4483 4500 3227 5746 435 6884 4392 4279 1612 1618 4542 4537 8049 491 3240 321 5699 4569 5678 4543 1908 113 5803 3239 313 1811 400 4597 3225 6990 4584 8025 1567 519 5766 8078 6932 5883 5888 3340 631 2077 8136 3327 2133 8101 5801 1898 8050 4799 4697 4710 639 7130 7149 2040 2135 7193 6012 8065 7181 6090 6856 3626 2252 3429 3150 3560 2262 2337 8345 6206 785 5024 746 7165 759 2175 2265 701 2168 6265 1086 3461 3853 3862 1126 2341 2521 1105 5174 7213 5181 2549 1147 829 3820 5190 3901 7490 3911 5205 2584 1165 7507 6387 1213 6374 6422 4001 1300 7572 8590 1301 4135 7039
1531 3053 5649 6703 4288 252 1748 1742 422 2947 5557 8002 5626 6946 8034 3250 6962 5800 3058 4448 7785 6782 4399 1894 1960 3308 8084 3224 8089 122 8107 3375 3392 2077 7113 3451 667 5982 2137 2223 3591 6180 3637 7328 940 5088 3813 8335 3839 1113 2548 6351 3916 2580 1168 2630 1310
1532 1598 5559 1562 5537 148 113 116 7801 5549 4328 167 134 1612 5570 176 202 5626 1671 5613 4362 1646 145 198 5623 1695 6779 6813 6790 3052 4401 4310 1735 4311 3053 7941 311 5707 207 4476 4439 4525 223 1689 7981 5790 4480 6929 1843 1742 335 7908 1594 418 324 1850 4535 269 1812 5769 5759 303 3190 5711 3050 6939 425 3198 5648 4373 6952 3234 4546 454 1887 7999 1677 6869 1770 5795 5634 5762 1866 8026 4578 4486 8054 4432 480 3232 504 502 4583 1917 4549 132 3069 1886 6711 1697 1947 509 541 444 6976 8009 351 4291 1593 1558 4274 7883 5520 5543 6720 5507 7017 99 5504 4281 7795 4314 2959 5525 5722 1873 2949 7785 1957 7782 7812 1971 4615 1966 551 572 556 7983 5870 103 4330 2963 4661 565 2957 7033 4652 8091 574 493 1905 5805 589 3359 430 8074 4537 4681 2032 8107 1962 2036 458 602 1973 7061 7064 7001 1860 3365 5766 609 2030 5925 4689 4484 1984 4708 7046 120 5939 2034 6819 2070 618 360 5952 4738 4717 4740 4735 7059 1943 4700 4308 636 8145 5979 7097 3440 3305 5929 576 4743 650 2096 3425 8136 3373 4725 7058 523 4771 3443 3405 2133 5891 605 6001 8156 592 2969 7108 3423 6004 573 665 3309 5869 4792 3138 3254 2136 7116 6006 3202 421 7178 8179 4829 6066 756 7107 3556 2168 8249 7217 7230 7976 760 717 770 6909 2002 1778 3541 2029 533 6117 8017 5911 2238 4870 4730 2108 5988 4675 868 3487 6166 2087 6944 5896 2215 3432 4865 3561 3393 585 3654 472 2138 5968 4910 661 8159 4948 7112 5772 4812 4969 1784 2018 7328 2207 2344 8245 2171 736 7312 3378 3626 2362 3703 976 8275 3529 5843 835 4970 958 696 5976 8034 7014 8345 1959 6206 3548 3387 2364 4851 5005 6210 987 8439 7408 7341 3348 956 2441 7409 7433 5110 5114 4867 2400 2066 2035 3752 4634 5901 3594 1072 5106 3415 4943 4878 1996 5124 3371 3657 3811 6191 7259 8314 1107 8469 6962 6028 2521 5961 4704 7092 3837 8084 2443 3850 1105 8466 1101 6101 8200 2483 2505 2491 3773 3862 5161 5900 1128 2373 5173 7420 3852 588 2534 3833 5181 1146 1147 6359 7484 5166 3888 1157 3900 5170 2562 8501 3885 3911 3913 8475 6386 2581 6387 1207 6402 2593 6422 6441 5242 2688 4001 5298 2572 1086 4104 8590 4061 2754 5205 1344 4996 4135 5123 2418 3827 3839 5125 5145 2137 1916 8321 7162 491 6235 6831 8002 6703 6363 7153 5914 170
1533 116 2996 4274 7785 7782 1750 213 1837 1742 1547 4480 1846 265 3254 1903 3269 5839 7983 502 3261 6945 5851 509 533 5805 1965 3221 3287 5772 1959 3365 7051 511 607 4715 8086 609 3393 5970 8083 7093 3388 2133 2152 3479 3588 3476 7037 6206 5900 616 7328 1784 4570 965 3818 6306 1078 3832 3560 6322 7442 7453 7437 8451 3636 8466 6338 7471 770 3524 5166 8335 3862 7507 2624 2558 3839 6235 2754 4399 252 122 491 6962 5557 4483 3392
1534 4283 1629 6748 5540 5613 1646 6782 6790 197 252 7882 5686 281 3092 1618 2949 343 373 211 1771 3202 4534 6831 3241 1878 5800 8034 7945 6962 5795 421 7822 3050 1658 4592 506 7983 3297 1921 1947 1910 4610 1931 5869 7008 5534 5878 1916 1980 543 5873 1972 4652 3300 5706 1887 586 460 8054 1948 4708 5942 7818 1558 4738 7085 2085 8111 7097 2072 5945 3390 4743 7088 4732 673 8082 2133 7127 2111 8086 7057 1942 2157 4799 715 674 3439 3529 4829 297 3432 688 8017 4764 631 7205 2158 2105 8065 2070 8127 801 6856 6113 7158 4720 6767 756 8295 814 2243 8174 2252 5990 4675 8245 563 5024 3709 696 5088 5936 3819 3788 3811 5125 6311 8452 5144 8393 3843 1093 3841 1072 3752 5145 6011 6305 5150 8442 971 1111 7435 4809 2511 2538 6359 7475 546 3839 1031 1954 6090 1078 1151 5190 3888 2087 1123 2568 3900 3901 2419 1176 8329 7495 5199 2549 5213 7491 2586 1200 8520 5220 2624 6422 6441 1258 3969 3666 8576 1285 5280 6511 8645 4095 5356 4135 1218 3916 8481 3883 3875 4741 3359 2069 4304 8027 1107 2963 2129 3856 7060
1542 4283 148 7823 7802 5548 5545 3011 5580 167 6776 7871 1671 4370 3021 7839 207 5613 7821 5654 211 6813 6784 1724 7890 1677 4296 4407 2949 6703 5689 4465 321 5674 7941 165 1745 5704 347 3138 312 324 134 5706 4400 337 119 4439 4471 5525 6881 6870 2996 6885 7898 3176 3055 1804 3173 1689 223 1837 7922 6907 6920 5551 396 4493 7896 1843 3205 6927 1863 136 3007 1827 422 1856 6947 3226 101 256 400 8023 410 8026 3225 435 7985 437 1825 5719 5795 5806 4552 471 3058 1907 360 4563 3279 1544 6918 5532 5720 1918 3168 409 1770 6921 1930 3181 3211 8042 6979 4399 3267 414 5576 4577 7812 8009 7983 1910 3280 506 4566 3290 4319 1664 6782 6932 4483 6922 5860 6962 4582 1886 1954 7017 4626 5874 4624 1958 509 527 3239 475 5879 531 4637 5799 333 491 554 7042 3302 6755 1966 5541 2005 4629 3292 1984 3320 1873 6969 5520 8074 4281 574 2013 625 4705 5868 6990 5797 2020 2034 3400 4694 5927 4708 629 4726 1960 4570 7074 7081 5950 2091 2077 4732 649 3357 601 4712 4771 3450 453 4799 2151 4735 7026 8164 8019 7164 7153 3150 2055 7222 6930 650 3517 6039 7172 604 3587 6113 7205 638 8199 3439 820 8245 4777 6937 8065 1965 3495 3526 3451 8184 2195 8220 2275 8264 3593 2150 2170 2168 1666 6067 2192 2162 2154 6162 3198 2198 981 4961 6235 3252 4910 8086 2175 3476 7176 7341 8439 7408 7402 1031 751 5088 6311 948 1101 7435 5145 8473 7063 3832 3839 760 6337 5136 3463 3861 5920 2525 8466 1086 6326 3819 2073 7151 3850 5151 2513 1129 5125 5961 3807 5159 5186 3609 2562 6331 3886 1130 3911 2572 3859 4725 1184 2573 7507 3529 6396 951 8515 1213 7483 3955 2611 7572 2754 1767
1544 3021 1562 5634 4309 5626 6813 6782 1710 6767 4286 3053 6679 5649 5519 1719 3023 1735 4463 7880 2976 6720 3092 4370 5570 303 259 6684 1724 1547 5527 7801 2949 7908 1689 3102 5557 121 324 1784 4343 6777 313 1731 7955 6881 6711 1742 6831 1843 6929 5790 368 7981 1840 1846 1594 6936 1850 3065 136 3187 269 374 3126 5727 6826 5534 4484 3050 411 1770 1863 1778 265 7983 3211 5809 8015 5795 6954 5831 4559 1697 1608 5572 3255 6968 8002 7999 1592 4311 3052 6682 8049 7782 8027 138 6744 5613 1878 3261 3219 7785 3267 3069 5839 4563 480 1567 4582 1918 1911 506 134 1923 4399 520 5869 1886 523 491 6964 458 5804 7014 4634 5870 3290 1967 8065 4330 103 3286 3295 122 7893 3320 4564 1987 1970 3300 516 1974 1887 7023 1962 5850 496 8084 572 5890 5895 425 4666 4476 3349 3317 6962 4652 607 5636 2032 5903 8107 581 4610 548 582 2018 3353 4694 4673 4708 1988 511 635 417 3348 7088 7087 7059 616 2077 3401 4741 3425 5772 3259 3440 8136 672 2126 670 2133 677 5989 4792 3370 8141 2136 6066 3524 7153 8131 7108 7181 6037 4811 4870 6058 7230 760 573 6150 4829 2215 8017 7240 8177 6166 5900 2138 8221 8159 6206 654 4878 7199 2286 717 4777 3748 661 3305 4865 3435 7408 2364 3754 8245 4943 2079 1057 7122 2489 4732 3593 3657 7409 5935 6158 5953 3595 3837 1105 5142 1107 2518 3827 3810 4725 8305 5961 3839 8466 8481 3862 5161 5125 1959 8467 2373 1146 5966 5190 3811 3885 1086 3858 8475 8094 3859 3898 1175 577 3487 2572 5170 5206 3403 951 5988 5977 7500 8492 2208 1191 6386 2584 2581 2492 1184 3901 1186 8515 6235 7507 8335 1213 5001 6422 7552 6448 4001 2672 8590 2710 1314 6474 4061 2712 1301 2754 2750 2782 4537 4483 4556
1546 5613 252 5557 122 3317 5861 6831 3410 4483 801 1206
1552 148 2977 6782 113 5553 3033 1586 3023 6698 4311 3021 5636 6836 6744 3062 7850 4304 1628 7908 292 324 6881 5519 5704 5713 4484 3168 5755 6904 3071 1666 3173 6884 1837 1843 3030 4343 211 7970 7790 1846 3205 1592 411 7863 4541 6931 265 460 348 3249 5824 3248 5822 1861 4571 1894 5839 381 1923 506 1931 132 6961 482 8038 1748 7785 5867 7813 6753 5532 6995 1610 489 2959 1886 5879 519 1980 8069 213 573 7983 197 505 5868 6969 2949 1999 5535 5790 4661 5804 1916 5904 607 7009 361 7057 8110 619 6968 6856 571 3331 5938 5944 630 5521 8106 5929 1803 3404 4531 533 2137 1928 3429 3481 4653 3498 8184 4639 3340 707 8112 8165 3377 8145 6958 4597 616 4768 8048 2066 3261 665 2035 4715 2202 3306 2070 663 5895 5964 797 5900 4849 7104 3440 5988 2154 4568 3448 3603 7082 2207 2003 2088 2262 3593 2158 4945 3618 2198 3347 6039 4943 727 2319 8275 4948 3376 3703 6037 700 3595 2051 7312 594 585 764 2350 4678 475 3631 2052 858 3560 1003 3748 3349 7093 8233 2427 5766 801 503 5815 4865 4992 4622 5947 3787 6105 2364 609 6191 5901 3813 2195 2292 3811 6315 5936 7008 4845 7392 1031 8472 3435 2509 1105 3841 874 1113 1053 5154 1107 2486 876 4703 6345 8475 8434 2532 6347 5164 5125 8458 3833 5075 1086 1146 7174 3530 8498 1135 7055 3911 2562 1147 3916 2492 6389 5212 6390 1201 3944 6387 2611 5220 6422 3969 2495 2624 8576 5159 3636 898 8590 6474 1310 2483 1301 1314 6511 5315 6539 1336 8515 2485 1930 1742 2136 2580 394 5706 1184 485 7113 7087 3305 4716
1555 4311 2979 5626 4391 3073 252 3050 6782 1662 1576 6784 6711 5693 236 4447 3092 1768 4343 119 7936 6873 6884 213 4480 1669 7800 5719 7982 1843 4526 6920 6922 7812 1541 2959 4274 2949 1850 7998 6744 4542 7796 4308 5807 8012 4549 8023 3232 1592 2947 1883 3231 5819 472 5835 8027 6962 1889 5834 485 5758 1827 1778 5795 132 484 1932 3300 4607 1846 500 6957 4546 5648 534 8007 6995 4606 5823 4330 5874 541 5557 122 5883 197 8084 5890 8060 568 4683 607 535 5770 606 1908 505 3353 3319 551 4659 5944 3173 642 4740 7088 6944 4710 1972 4525 7094 670 4771 632 8129 5943 3465 2141 3460 6010 1973 3303 7108 616 4799 3495 2139 5928 7181 8200 2117 8207 5825 2036 2035 756 4727 4862 7162 3556 7205 2013 769 8111 7230 8017 2260 440 2152 3430 3468 663 563 2175 3630 8204 8321 888 2162 7212 5024 958 4793 3703 7342 2125 971 8396 5020 3514 2341 8368 6189 2328 2414 5007 801 2170 7312 8442 7151 5083 5075 2486 3631 3754 4945 1048 2082 1965 4732 5895 3837 7026 5103 6262 6306 2238 3841 664 680 3376 2150 2521 5935 3823 2532 2214 2182 564 6281 6311 2538 6162 5163 7471 3474 1141 5939 6367 5184 3686 5192 2562 1172 3845 2568 7480 585 2491 1184 5174 5213 2584 1201 5026 8335 5205 3944 1221 8580 1186 7576 8590 7599 5364 3309 1583 1988 5772 4878 8451 933
1558 4292 4407 252 1839 4529 3190 409 6940 1869 8034 3258 4399 4547 500 1544 4343 6961 7058 611 3426 3392 4534 7086 5956 4309 4483 3455 4730 8174 2215 2408 6101 2424 1086 4794 5935 5949 6082 4704 3839 2525 8165 2496 3897 7489 2583 5205 5213 6235 2584 7507 2710 8640 4104 524 5557
1563 122 5557 6782 252 1676 6831 1742 8002 4483 4534 491 1916 8084 8148 7097 7109 3317 3392 2373 5125 4945 6337 1086 8335 7507 6441 6235 7576
1564 3053 6831 2947 2977 1742 4483 122 252 3222 458 6782 1916 8074 3317 8084 5899 5722 1910 531 1984 3340 606 608 7055 3392 2065 3376 615 4653 1973 5936 2061 3440 6006 2157 6072 8221 4729 770 4529 2236 7091 8245 627 8174 683 4833 656 4865 5959 733 3487 2364 2361 6153 2373 7026 1943 7036 4943 3560 3750 8436 8335 5063 2362 3439 2104 8275 8329 1107 3788 2381 6347 3851 6166 913 6359 7479 3852 3887 3897 7484 2560 3810 2572 1105 867 7491 1184 2581 7499 2524 7507 2549 6396 3886 5141 3896 6441 2754 8293 1196 1301 7492 7870
1565 1748 6831 4483 1742 1843 5769 197 4534 5795 8002 4484 111 6962 1911 491 122 1562 3050 6782 252 506 1593 4399 518 3317 3295 4641 2133 1959 4708 3392 4945 6206 7328 948 987 5125 5165 8335 1086 2572 6235 7507 1304 7594 2754
1566 5570 167 7801 7877 182 6799 145 252 7863 3066 1695 6824 116 7922 6711 5634 1689 5693 6796 4465 5553 4430 288 4437 303 7936 1768 5704 4398 324 5596 6885 1804 165 1786 5572 6904 120 5727 280 7982 2970 6922 1839 7981 1846 114 3092 3214 8002 6779 442 8023 8012 3190 8026 460 3162 4552 3236 5805 8034 5821 3258 1892 5519 5834 2949 2963 1903 85 4584 1878 2957 1901 1907 4545 5790 5795 3246 1947 541 1882 1894 4560 4626 5810 5879 5534 3317 269 1964 4613 1990 2001 7983 3213 1999 3299 3228 4641 491 5903 3392 2020 7991 4708 8084 5938 3383 1803 3371 7896 635 3414 511 5951 648 7097 5969 2031 2091 6909 649 2068 1962 7101 5950 613 3425 6001 3477 694 2104 2133 8101 3400 3331 2036 5804 7181 4792 610 756 3375 7082 7130 2045 3429 7034 566 8200 6072 1857 3269 762 3548 759 4771 558 3529 2139 4787 1919 333 2013 7205 664 8221 6003 7051 3373 7217 3449 3556 7242 3443 8217 4912 7000 873 4910 3487 7176 2162 3479 2292 7240 7188 564 6153 7283 6166 3450 3357 850 7312 7032 8216 3646 8029 4795 2118 3709 3783 2252 7174 5954 3818 3813 2489 7029 8211 888 4963 8008 898 7151 4945 522 8434 6313 6158 3514 5144 3787 490 8145 2400 1105 1107 7113 3811 572 2373 3837 3827 785 7028 1122 2341 963 3728 1128 1106 2105 4717 1101 5136 2416 5153 1028 5166 764 5981 8314 4867 1984 3833 549 3589 2534 5172 6360 5189 3820 8503 2364 3896 5170 8106 3888 3684 6367 7480 4725 8501 7117 3916 5001 1157 2170 2428 1213 5185 6387 6402 1273 8580 1193 8590 2722 2754 1344 1300 6396 8451 6311 5211 2724 1171 4829 3398 5896 5847 2095 4752
1567 122 170 6782 197 5711 4463 7926 324 4343 1843 5649 4534 4484 1846 442 6831 4528 5826 4330 417 6968 491 4483 138 5848 2949 6703 8057 511 4399 1923 116 523 1916 3317 572 3300 7033 7785 269 5805 5521 5534 4666 4661 4681 3392 6909 607 3404 7059 7094 616 2035 8073 3440 4708 3359 5856 7153 1889 8017 2108 8221 4697 3571 8177 8065 6936 7151 3595 3570 868 2117 6117 8275 4943 850 4777 3425 6249 7345 4592 519 863 8101 3631 8236 6066 2489 6281 3304 7449 5125 2490 1107 1086 8481 3839 3597 6359 1170 8500 1169 2572 1196 2580 3910 1201 7507 1094 2624 2561 2750 4061 2754 1378 4291 933
1569 81 6703 7785 5521 1562 5607 6793 7801 4448 252 4430 4330 6831 288 4476 7945 1775 6909 2970 3198 5772 3205 4484 421 4535 8002 1840 1850 4483 5804 1646 3062 380 8034 5835 3254 7999 5674 1911 3255 6782 4563 5837 484 6962 3252 491 5848 6979 2957 475 8003 5853 4399 5869 5795 1923 1959 1916 5721 4610 3300 4666 4661 581 3187 3359 4622 3313 602 7058 4677 265 2944 7812 6990 2033 3328 8107 3348 432 3373 2036 3404 7088 4725 7093 2089 7101 8163 4741 122 582 2133 7084 2137 4799 7153 4811 2002 8005 2168 4829 3511 3524 5943 8207 609 756 3549 3392 801 3587 8101 4652 717 558 3637 4910 3570 3261 760 6206 7212 7328 4943 8275 7220 3379 3560 3729 3811 5125 2373 1092 7094 3391 1107 2316 3839 5161 1086 5155 5961 8466 1146 6359 2562 6294 3859 7490 2572 6012 5966 1186 1169 7507 5001 6402 7525 2630 3916 3966 6422 2649 7552 8590 2712 4061 6474 2754 1946 549 3055 1213 2979 3818 85 6682
1571 122 7926 7908 4469 120 1742 6964 4587 252 3317 635 3303 3276 7507 5255
1573 1646 145 5634 6790 1670 265 7926 303 4330 7945 1822 4528 5769 1840 4537 5713 1778 5520 7807 3211 421 4483 5831 3261 491 6962 520 4274 4531 4637 3317 7782 3348 3359 585 5534 6990 2029 3404 3314 7188 6206 981 7430 1086 7404 2580 7507 2572 6402 7572 2750 6101 486 7775
1574 1610 137 4362 7863 6767 7822 6744 200 1679 3045 3053 7894 6790 215 239 5659 5649 134 7917 4430 1724 3023 1586 292 2944 81 5519 1676 303 7903 2950 7898 1784 1748 3102 4469 4417 6881 353 7790 4476 1822 3205 1846 5719 4535 1811 4513 3150 3202 1854 6943 5809 6959 5746 5805 5762 5795 4545 455 4546 4516 3227 4575 4583 2993 1908 4577 6964 482 4504 5523 4601 5841 3278 499 6993 3294 493 8008 1886 1945 136 5727 1666 520 1932 5869 5870 3290 486 351 1778 5766 503 1947 4630 7017 542 3318 4633 1824 1980 5855 4291 4288 4296 1898 7802 7813 101 566 4663 6716 4666 565 3229 1971 4659 7036 116 8090 543 2014 558 5801 4304 7060 3389 3383 7026 592 7058 6909 3220 553 7064 545 613 4708 3327 635 5942 2047 2017 7074 2066 4710 5956 5968 5856 6976 8136 5964 2068 472 7976 7127 3463 549 5981 7094 6956 8163 4743 8160 4792 6953 2120 6006 6028 3486 6013 7059 6048 2158 700 3511 2069 6017 4821 3455 5973 3556 7181 2238 3476 7172 2195 2175 6066 3541 735 5985 8217 841 5737 2264 3461 872 4625 1919 3630 8042 7093 863 3591 8313 572 3664 2262 687 2091 6180 6185 8322 826 1731 3588 5892 7242 5990 760 933 7328 8204 4793 6082 5024 8368 2341 6210 6000 8345 5007 1003 3665 7283 983 6215 4867 8458 5126 3736 3783 7057 8452 8436 1083 3655 7449 8451 3548 2424 5144 2489 4794 8084 2061 6962 2520 5960 2495 1113 8474 2492 8153 6332 1082 1101 3862 1111 5124 7444 8481 5161 5181 2551 3843 6363 5967 1160 3899 2373 1112 3896 2562 1172 1170 8503 8502 7063 8500 3524 5204 5001 1181 2576 3886 1193 7500 1144 8515 6387 3718 7483 2561 1218 5220 8543 3893 2504 1258 6441 8580 8576 4001 2709 2708 4996 5315 8478 6515 4061 6235 3928 2750 5364 6539 8199 827 3392 5125 5174 491 7084 6101 5848 7438 7926 8129 4351 3439 8091 6344 7153 4399 5110 6942 4534 8120 4483 122 6723 3448 3317 762 1285 2137 1168 8221 2077 252 6831 7590 6347
1575 6782 2993 252 6831 4483 8002 5557 122 1742 491 6962 506 4534 1948 1916 3317 3392 4708 2373 5125 1086 6347 8335 3890 6235 7507 2580
1576 5534 148 116 269 198 122 170 1562 3052 4469 3053 1812 7908 3069 7991 197 4534 1742 2976 8002 3213 6831 6782 7981 4343 7785 1878 5649 134 8003 1840 5831 3211 3261 5834 6954 430 1900 3253 5798 8016 5759 1778 417 6964 4526 5799 7999 3232 5848 528 491 4274 1830 1923 4643 1784 4546 7983 3305 3392 7020 5901 8110 3317 4715 635 5895 582 5634 613 6962 2077 4743 4483 3348 252 486 2029 3451 7181 2168 7217 7140 8168 6180 2281 4610 6235 4945 5125 1086 8466 2572 7507 7087
1580 122 6782 252 1742 5557 8002 6962 491 1916 506 5848 3317 3392 8245 7345 6235 2373 2029 8335 4945 2562 1086 7500 3895 7507
1582 116 5626 7885 3138 346 7955 324 5693 134 402 5772 6967 480 1916 4549 6779 1646 1851 252 4399 453 527 3251 7014 4634 491 573 3296 458 430 544 1948 582 6976 3356 7976 1943 601 1959 619 2051 8107 1886 5870 1890 635 476 3373 2077 7088 7094 2029 4771 7059 2111 2066 7981 7058 7153 2136 7033 5848 4792 1742 4476 2139 4708 4829 2018 5989 7999 3529 7193 2215 760 717 2168 511 6066 3198 7217 6117 4865 4878 770 581 2281 4528 3371 8005 3626 2002 7328 1784 2364 7188 7356 6929 960 2373 8448 7057 2499 6101 2193 3653 2498 3820 1072 1105 8481 5101 5170 5178 5161 8314 3487 5961 1084 6206 1146 6359 2416 3888 5125 3911 4661 5199 1169 6369 1184 1174 607 3930 7490 7507 3933 8335 4912 2674 6515 2750 4061 1107
1585 122 6782 252 6831 7978 4534 506 3317 3392 4708 6235 8335 3839 3858 7188 2572
1592 4288 6716 1646 6730 132 7903 7917 252 1671 6831 4476 7933 3050 5527 5649 1812 3107 324 7982 7837 1843 6929 7801 1850 5721 4534 5541 1771 5803 5795 5819 4526 5607 458 213 7999 4523 3234 3225 4545 5824 6962 6779 3248 3254 122 4328 4448 168 4520 3214 4275 7907 1900 4563 5790 8009 485 6703 5769 3240 3287 3036 506 511 1784 1887 2976 5853 8002 5719 520 523 3322 8084 5521 4651 5890 581 2002 4609 1971 8090 1778 1836 608 4582 7058 4708 1959 3392 4715 417 1857 3328 573 8101 3426 4743 5832 1697 8129 4735 7059 550 645 2072 5911 8005 1987 3317 8107 1953 3376 4719 7094 7127 2133 5929 4535 4622 6006 2139 3477 2015 2035 662 4732 2136 5966 3511 4862 770 4821 8165 2111 7205 7140 4948 3595 595 629 848 2265 931 3513 3683 7242 965 8111 2350 4943 8199 4871 762 2215 3474 2364 7402 6066 7356 1028 4945 5896 5125 6331 6337 6305 7458 2486 5961 7409 3851 3321 616 960 6271 3839 5083 700 1133 6367 7345 4910 7392 1087 2088 2562 1169 987 1086 8502 3684 3911 6210 8216 1145 5205 8478 2580 6235 2581 8500 8511 1186 8515 7507 3933 5185 1213 2649 4001 8590 1300 4061 2750 8645 2712 5356 6966 4537 561 6793 3252 5170
1593 5557 6782 4351 252 6831 1804 122 4534 1742 506 6962 1954 1916 3317 608 5024 1135 1144 6049 5186 3912 3930 8576 1361
1597 6831 4483 1742 4534 5557 6962 6782 3317 8084 252 122 2201 7507 2127
1600 122 7885 5634 6782 5557 5636 6904 6907 335 7982 6929 4484 421 5772 4534 1830 1907 1911 491 1923 5848 4483 4549 4537 453 3069 4399 3050 506 1784 3300 5795 1971 3294 197 565 5870 4637 4652 3353 6831 586 7033 252 581 8107 563 477 3392 8106 4708 3305 5769 2035 2133 2029 7153 572 7193 756 4768 3595 8221 3664 8005 785 1003 981 8017 2364 4943 2373 3843 3295 4945 3853 3839 8335 1086 6359 1160 2572 3916 7507 1213 2606 8576 2754
1602 1608 148 5570 2979 116 4296 5545 4362 5613 122 2969 6730 5649 1677 1637 3073 3092 3098 85 1761 5689 6790 182 252 6824 6782 215 7801 198 303 106 324 5707 1812 6868 211 1786 5504 7970 7980 5755 3173 381 4520 3205 6856 6918 6869 4526 1846 7991 5722 411 8003 6878 5812 432 1628 5810 1676 4398 1883 3211 418 1670 5806 2943 7998 4552 8031 6953 3206 5825 1892 6962 2940 454 460 6927 5837 4583 3238 4582 3255 4591 1921 3271 8029 491 1931 1923 1843 3239 3297 3282 5572 5831 7001 5867 4625 5866 542 6995 5830 486 3232 6957 3267 490 6968 5534 1975 4637 520 5878 8027 5809 1824 1932 3304 4651 3317 3326 6693 5899 5532 3356 7804 8090 4675 485 3353 420 3369 1990 607 2029 1567 566 8073 2003 8107 4308 3312 221 3357 5952 2970 8124 635 5895 4697 644 2084 2083 7097 8112 3427 8145 2072 4725 1836 4653 6907 7109 4764 4763 8149 2112 4304 3240 2091 4729 5848 5766 1910 3367 1996 694 2133 7127 7033 7903 6001 6939 2131 8101 8164 646 8184 7153 8136 659 4829 7162 7086 2078 8111 2117 7183 8179 3524 7181 6072 6004 4809 5737 6972 756 1986 8106 1988 8226 3377 2202 7149 5884 2152 3549 7205 2256 3429 6944 558 3513 4633 4821 7098 3445 2139 3435 8252 3514 8159 6032 3587 3572 2262 5976 1994 820 8094 1934 3329 3219 555 667 780 4933 3630 4569 8199 8224 5971 5994 1837 3595 6168 3593 1880 3631 8313 6166 6157 850 6090 8144 7188 827 2201 5856 6067 503 522 430 727 4939 4997 7328 4793 5900 764 6992 1928 3348 5024 3686 724 6185 3379 2096 6158 8396 6240 3684 989 2344 876 7356 7199 7024 3432 2414 2238 5038 4943 2416 2428 8439 3787 2419 3754 8441 7151 3770 5083 8450 7404 7063 3657 7026 3601 7029 2362 8397 4970 5106 8275 5082 2495 3347 1083 2496 6249 5861 458 1078 6039 3626 8077 6314 2035 5060 5990 1057 6262 1093 1019 2487 4654 8162 3811 7409 2525 2526 3378 3463 3841 3851 3823 7094 2521 5155 6332 7435 8475 5161 8083 6347 3448 2505 5170 1101 3852 5179 1149 5159 1145 2551 8500 7298 6161 8503 2558 2562 5184 3897 8130 5032 1181 3888 2579 2583 3909 1184 3859 8515 3548 1086 6117 7494 6396 1207 8525 5220 2611 3962 7525 3975 1187 1285 2670 1262 4001 4912 3992 4013 7444 3928 3916 1213 2710 8484 1336 2750 5205 5341 1072 4095 6474 5364 5001 5173 2373 425 2069 7013 3401 7458 3609 5110 8505 7233 5527 6976 2553 5632 5125 939 4338 818 2073 2949 1960 1767 3107 3818 6013
1603 1616 5557 6782 197 6831 122 1670 6975 1911 7882 120 1916 506 500 1853 1851 520 5851 1610 6703 505 458 1986 5521 7991 8002 134 8107 8089 4611 5896 491 3317 8084 8145 5881 5943 2129 7108 7162 480 4319 121 1587 4483 8221 3392 3468 3587 3524 3305 8245 6968 6206 6066 4943 5020 6235 6101 3626 3498 7094 8275 2428 3787 6294 5125 3811 1107 2108 1086 7430 8451 3295 2492 4704 1082 3862 3387 3852 6338 8466 1146 5106 2485 5966 1184 7507 6387 4001 2649 2754 7490 421 1778 7801 6711 6907
1604 7883 4283 1578 4309 6813 5636 239 1738 303 4330 323 119 4338 1804 1812 4483 6907 5576 1748 5659 4466 6920 1843 1840 1778 1742 4534 6943 3238 455 3224 1894 3208 3065 3254 466 4278 4291 1658 3251 480 485 4565 269 211 316 502 1930 3289 511 8009 3283 7008 5804 1967 482 5805 7022 1973 464 486 574 6878 2947 2970 7013 1629 1942 3294 592 4513 5843 7001 2020 2032 1887 3392 8107 4654 5856 3404 361 568 8106 635 3376 2072 634 2036 4734 7087 649 2018 4639 5959 2133 7127 2116 6010 2136 8171 7153 5769 7162 2164 7140 7193 770 5964 3470 631 8174 3514 7217 7230 3588 4821 4878 2281 708 637 2198 6117 8165 3626 4943 3560 6249 7092 3787 5087 5929 2489 5103 5870 7365 6210 2428 989 6334 2513 3836 2084 5125 798 5153 3820 7437 3862 7454 2532 7242 3597 3863 1135 1082 5166 2483 2559 6367 1168 2568 2562 3900 1169 3888 2572 5204 1184 5199 7500 6386 2276 8492 8515 3966 6422 2504 8576 2238 8436 1301 5298 6474 1344 4104 5117 1378 6539 2979 8464 4945
1610 3053 4534 5809 6962 5523 1583 3317 503 6990 444 3392 4725 7183 7205 2017 3787 6305 8442 1105 3811 5125 2572 8501 2562 1169 1184 8335 1086 8475 6235 8515 7507 2649 2754 780
1611 167 252 3098 1647 4328 3226 1608 1770 5521 165 1889 6962 136 2976 4308 4283 466 430 4545 1916 1742 1910 573 1985 5576 1957 7986 3342 4666 3348 4661 607 3353 2018 5746 7081 5943 7088 122 5970 5927 4565 5989 1860 4726 4792 1962 5956 8163 4622 2033 2139 3401 4826 7140 6055 2154 7086 3460 7205 4845 7188 3430 7233 8199 2281 3319 511 826 4992 3560 7283 4779 6206 3311 638 3513 2443 5103 3657 7264 1105 2168 2496 3843 7438 1053 1072 5139 5125 6337 3295 5145 8466 3443 3837 8474 2483 5155 5968 2520 6058 6191 3850 4681 2513 3862 8481 5178 6311 5170 1101 2381 3589 591 4945 3811 5173 3899 2558 6367 769 2562 5001 1086 1135 5124 7480 829 6382 2576 5199 2580 8463 2243 4912 1221 2649 4001 1300 1310 7594 5298 3955 2750 4061 2712 4104 8645 1378
1612 4317 5613 3053 4448 1742 4534 122 4528 3198 3050 5795 6831 114 3211 1775 5837 5834 1911 1947 1916 3257 5869 1933 3317 5883 3322 3281 5890 3392 3400 2034 3427 8156 572 8077 2133 4647 8020 4792 1887 7130 707 6013 3401 3511 3498 7181 699 6072 2205 4829 746 2171 4811 1953 552 8101 465 8314 2373 5960 8363 3541 3560 2414 3820 7430 1086 5138 582 6035 876 3826 3337 8466 3839 6347 1128 1129 6350 1078 8478 8329 2509 3357 8335 1157 3853 6332 5166 3451 2569 3911 5199 3886 2576 3588 7507 2630 2712 4061 4071 4104 6539 4605 4933 7525 7011 1273 5812
1613 6782 4399 3053 252 6831 1837 5557 8002 7801 6703 6962 3240 1911 1916 8077 8084 122 3317 5804 1742 3299 491 4629 4536 3392 3400 5848 4534 4483 2133 2137 8199 4590 7279 2373 4809 8177 506 4945 5106 6325 8162 7153 5154 3839 3862 5125 1086 8335 7016 5179 8500 2572 3966 2754
1615 6782 4483 1742 4534 122 170 6962 252 506 5869 3317 2133 4787 4513 2129 2158 7034 246 7130 492 6011 2260 8335 5125 3839 2562 3911 7507 8576 2754
1618 5632 5526 6813 3073 1742 7910 568 2054 7193 7831 1072 6262 1105 3888 6390 2572 3839 6235 2754 8645 5356 5139 1086 3317 1916 6962 5848 7084 170 8084 6703 103 8221 4399 3392 582 5519 4483 3295 252 7162 2137 4945 4534
1621 5557 6782 252 292 6831 1610 4534 8002 6693 6974 1921 491 8053 6953 1916 3317 5859 1742 197 4597 3035 3392 5772 5825 4652 3445 5110 2489 3832 5125
1622 122 252 2949 7863 4439 3198 4322 1562 4534 417 8002 3069 1778 5804 3050 1887 8023 6836 4484 3276 1916 1923 1742 4610 3295 3283 4483 5879 7022 1964 8090 5766 8089 1697 8042 404 7011 8107 6711 635 3417 2029 8136 7153 2137 5956 5966 3430 7184 8221 7217 3587 3513 4895 863 3637 3259 7098 2065 931 3609 5026 8363 971 5024 8393 8355 7345 787 8396 1003 7164 7402 5083 719 3807 4945 2496 5126 798 3808 6326 7057 4672 6323 5161 5125 8335 7188 1146 2562 1171 3900 3886 2572 5204 3916 6235 1213 7552 3969 7572 1301 2708 6387 2586
1623 1562 6782 3049 7903 197 6831 6868 4484 7976 1742 1837 3204 1853 8002 3050 417 5806 5769 5818 1887 6962 176 491 506 3069 6703 7908 200 5557 511 252 122 7801 4603 111 541 5891 4615 5873 2029 134 2035 6978 4708 3392 8091 635 2080 3422 8136 4534 4771 5989 8017 6028 2137 718 8221 2234 6967 872 8321 8320 6206 2337 7328 2373 5125 1105 1086 3839 5161 5966 5178 6359 2560 2562 3888 3911 5204 2576 2579 1213 6441 1124 7572 2708 6511 4061 8645 4104 4135 5172 5110
1624 5580 148 7801 8002 1850 4484 122 7978 6782 4534 1675 1923 1959 8107 491 3317 635 2133 8017 3392 2178 2373 1916 5125 8335 5950 1086 6235 7507 4483
1626 148 7813 3090 4430 2949 5704 211 5772 6813 5613 6962 8039 491 1858 1878 269 1916 506 7014 3317 3305 8016 522 496 3320 3400 524 660 3308 4727 8036 4945 873 2082 2358 3748 7298 5935 8478 1072 1201
1629 148 145 5572 120 5557 5613 1646 4317 5626 1637 1697 236 6813 1689 3052 292 7908 7917 1735 7926 6790 6730 1778 1562 1744 1768 1670 3138 4330 324 2963 4274 7782 1541 4476 6868 3053 103 3168 6909 2957 380 7981 7796 3205 4526 3198 2959 4500 7936 4528 434 7999 1840 1850 425 1887 4552 1863 1883 1861 4351 3102 5632 5831 5821 7801 5798 1775 3254 5834 1911 6968 6979 3232 2949 485 3090 417 3255 502 4592 5848 1905 1669 4430 511 421 1943 475 1947 132 7813 5607 4448 4607 5869 351 252 5799 6782 491 4535 7882 3213 7991 7014 2976 6964 4546 520 7812 7785 1886 5853 116 5790 4643 5521 1830 573 122 3050 4536 585 4589 1803 493 1951 5543 422 2002 3349 581 7983 3224 3359 6831 3294 4661 197 8107 2033 4652 4679 5868 3392 4708 4673 3404 2005 2056 613 602 8110 5870 8101 4484 8136 7088 3401 7978 5966 8145 2111 3206 6962 2077 6001 1959 2137 522 3228 4343 1742 4743 6976 7016 4742 735 432 5839 8016 8200 6884 1857 2131 6779 7193 7183 8157 7108 7181 7205 5649 8221 3431 2202 1836 3348 5896 5804 2152 2170 4610 3595 5881 1771 4785 8245 2089 6166 7212 559 5960 8174 8165 8039 2136 666 3340 484 5721 931 939 8355 2215 2252 6209 965 981 3626 1003 5989 876 4943 5075 2238 8442 3754 3684 2328 2373 8211 3529 2319 956 8037 8448 4597 7392 450 2035 6066 4945 989 8017 8469 5125 3853 3839 1086 5124 5161 6315 717 3879 1053 6206 5114 8084 1145 8466 3888 1162 5174 2558 8502 2553 3901 3875 8501 2562 4725 2572 1014 5206 1186 3916 7497 1191 2581 1184 6235 7507 1213 6422 2649 1304 4013 4001 7572 2754 6711 2712
1631 140 4332 6741 1598 134 6730 2967 5570 170 4328 1558 7877 1664 6776 5623 4311 1689 1547 1616 7894 6813 221 3066 5654 1697 3090 5674 1586 4343 215 4442 292 259 5659 6723 5711 321 4460 303 3098 7933 347 3044 6881 6870 7882 6861 312 1811 6893 3168 380 6907 7970 3112 351 4534 7999 3213 1840 3211 443 3065 1770 5759 2940 4275 1578 1863 1545 5818 6682 7796 3234 451 5821 3254 4567 6967 4541 1628 5713 3258 4556 3252 1866 6969 4483 4575 3228 6957 1907 4586 487 3261 5797 1873 6752 1892 3238 502 5769 8008 8027 504 8002 506 1937 6993 4589 7896 376 511 6930 5869 4625 1948 1959 3299 1967 5879 8078 3318 8076 1975 1562 5721 5883 5870 553 4615 6962 5758 523 444 1985 4649 4568 572 7036 3300 3336 1999 4663 8089 4691 600 4661 505 4630 522 556 5772 2029 1986 6693 3357 3383 6703 2034 414 3417 5942 2078 8124 7097 7056 2089 8148 3423 4764 3440 5974 627 2017 5947 8156 4767 2118 694 2133 6001 3470 3302 2003 610 103 7034 595 5834 2131 2111 3315 3330 6976 1941 4673 469 4715 4693 508 711 674 7155 7116 3487 3443 618 8179 2109 2068 5934 6066 2083 3390 767 4809 2205 7193 409 3571 7222 7205 7217 801 4795 3405 636 1658 3495 3526 7230 643 2135 4678 3410 6166 7032 7082 567 2096 8217 1916 2238 4939 2070 4623 5991 8093 6006 733 4963 931 298 677 4961 629 5900 968 956 3370 727 3686 6209 8396 7051 6240 2328 4752 4943 2344 7259 4770 3626 2441 4639 5843 7402 1045 3787 3684 8457 4995 1072 7404 794 5126 4821 8146 8275 5106 4695 3693 5063 6266 2496 2171 1087 6171 7455 3328 8474 1094 7453 3845 6339 5151 2168 5881 1111 2526 7468 1112 3820 1124 1104 1086 3872 5178 5169 7478 5179 6362 6353 3843 5153 1145 1153 1101 2559 6367 3891 1081 3728 3376 3852 1171 2562 2271 8116 2568 2553 2035 5901 5161 3897 7496 3888 3911 7392 1184 2485 1191 2584 1129 5213 5007 874 2606 5185 7543 2624 3966 3962 2573 3969 1270 8580 2672 4013 3928 7458 3599 2708 2709 2754 5155 1378 5364 2782 3858 664 2214 6314 680 7064 631
1633 5572 4319 7821 6790 4399 2990 3053 6782 182 6813 3098 5686 7917 4381 311 119 1738 236 7955 4483 6907 6910 7980 7982 7880 6682 4528 1830 3205 4534 6873 3069 7991 435 6947 1618 211 2947 3234 1867 6954 5798 3065 3241 3182 1886 5758 4586 335 484 5848 502 3245 103 122 1887 7882 520 1933 5535 4292 4611 528 4607 1906 3280 8057 554 5558 7813 316 5519 5815 3281 7802 3036 3228 3317 572 5894 5880 4559 581 8060 2956 7011 7036 5634 333 6939 600 3310 5850 3313 614 111 486 4689 4664 585 635 576 2013 605 3319 5576 2085 7088 7033 4725 2029 3432 7074 3293 478 1742 618 670 7082 5956 3394 3367 1771 2036 2130 563 4771 2066 3377 2137 2131 8120 4785 6015 3443 4374 7155 632 4768 7193 6072 6017 7203 2152 5900 8087 4870 8199 8217 2158 6035 2238 8153 2073 3630 2201 6049 4895 3636 4959 4825 3665 931 549 940 8345 4659 566 8211 3684 8393 4996 1003 2344 6210 8275 4992 3729 2236 4597 5892 2400 680 5083 8412 7408 3787 992 8112 573 5126 5130 5114 5990 719 5843 2038 3340 629 3811 1107 1085 7447 1098 5148 2362 6323 3820 8434 6262 1928 5088 2521 3827 5075 1111 5154 705 2286 2510 5145 6059 5063 5170 7479 1135 6310 7458 8130 1082 5169 5173 5174 888 7365 1151 7290 3871 8451 6167 1162 4904 2558 5967 1172 780 8503 3808 1174 4995 3912 5204 1176 1192 6235 8511 2583 3910 1129 7158 3907 7497 1200 3928 5141 1212 3944 7525 2632 7491 1273 8576 2672 7572 4013 8590 5280 7590 8501 2709 6346 8613 5232 3843 2754 4104 8645 5356 4135 1628 546 6314 1171 5178 6399 2424
1637 122 5713 1742 3050 5557 4534 6681 6962 1916 8002 3317 491 252 4483 6831 6782 5956 3392 5125 1086 6235 7507
1644 5557 3052 4483 122 1916 269 4469 1742 5969 3549 6235 3410 4867 1086 2030 8500 7507 2750 6515 6954 103 756
1649 252 6831 1825 3212 4483 1742 4574 8084 3317 3392 5891 6969 8145 2036 4767 3336 4904 1003 2170 2168 8335 7212 2056 2293 7404 2164 3777 8054 5848 660 4665 4573 6993 6952 4956 4681 3325 7341 3394 649 6141 2328 4583 4589 4566 1016 2292 1087 2040 5125 1107 3378 3820 2534 7014 2551 987 6363 1085 3414 2562 7507
1650 5557 1664 211 1662 7801 6831 6885 4398 3187 7981 1771 1850 411 369 4534 1786 434 7999 1867 8026 7813 3053 1677 6736 3050 7945 6962 8034 4484 5837 491 506 5844 4399 8057 3317 1803 6752 549 3330 4531 8084 561 509 3359 4661 4652 6718 5841 585 3392 563 1946 3261 7017 4564 4609 3376 1928 6991 8155 699 8120 4735 801 7176 2201 3444 2175 348 4575 7063 4851 6981 4715 4992 3355 6017 6030 1959 8160 1086 6000 2443 5173 1020 4945 7572 5315
1652 5557 148 3053 6782 252 3062 1748 4330 7926 4463 5626 303 4448 4476 3138 6831 3071 6907 7976 380 1843 5659 1846 1742 351 1887 7991 5634 6962 5831 170 2959 1562 4328 4317 1907 491 5848 506 1878 8016 132 122 3264 4399 3295 528 523 1916 4637 3317 6730 7838 4546 7033 585 4652 8002 3313 8101 7058 3392 635 2035 5769 4534 1959 1670 3365 582 2133 7059 8111 3401 2137 7153 4622 666 6006 565 3246 7222 616 760 7230 770 4630 5994 8205 848 5895 458 3487 931 2215 5024 8295 2373 956 3431 3684 3430 4865 2182 2489 7140 1105 1072 3833 1086 2521 2492 3862 5155 5161 8481 5178 6367 3888 2030 1166 2560 7487 3902 3911 2572 5204 7188 8335 6235 7507 1213 2649 8580 4001 1300 7572 2712 1155 2750 2754 4061
1653 134 122 1583 4317 3053 148 6813 252 6730 197 4483 6831 4534 1586 189 8031 351 6962 3254 5839 475 506 7801 8084 3317 3300 3294 581 1742 4652 3365 7058 571 6990 511 455 3392 6909 8110 602 3404 8111 4677 3440 4740 7097 2137 2089 4792 5870 3306 2077 6048 2139 5649 8237 3587 7205 8245 3595 3321 8238 595 4528 6082 8275 8005 1003 4910 7212 7356 2373 3787 5820 2381 7091 3811 5964 1988 3837 4865 6265 1045 8451 4761 2108 6209 5125 3378 8466 4704 3853 1122 5155 5961 2549 5181 5124 8474 1144 7092 2562 829 3888 8501 987 2553 3646 2580 951 956 6374 3529 6235 8505 8458 3911 1186 2136 5935 5205 5103 8515 8144 7507 6000 6387 1174 1213 5221 5088 4945 3992 4001
1655 4309 4291 138 170 2976 1646 5613 6782 4351 5634 5632 3062 6813 6779 213 252 1689 5713 4463 4430 303 4343 4330 324 1771 3168 6831 1697 4500 1742 5759 5769 4534 7936 1768 1836 5790 5821 3234 417 4549 8002 122 1916 491 4483 6703 7908 4581 3069 5557 3317 6962 4569 8084 1966 3248 635 2108 7153 8031 848 3570 2381 5125 1086 2572 3916 1184 1169 5001 2584 7507 696 6235 3355
1656 252 7926 4463 6782 3098 1646 1744 6784 1586 5636 1676 3065 1738 5720 4483 1742 4534 491 4399 7813 210 99 2976 122 3317 6831 3392 2178 3854 3861 7507 8640 4095 6962
1660 134 5557 170 1583 116 207 1646 3007 252 1670 6771 5626 3053 6782 6831 4448 4483 6755 346 324 1840 5772 213 1778 5721 3069 145 1850 1742 316 303 351 442 5795 4543 6929 3198 5634 5809 4534 8031 4542 480 5834 1911 5812 491 4531 506 489 5848 5534 4399 3295 486 8017 3300 122 7782 6703 3211 4274 5881 4637 3317 543 4609 1916 421 3314 6730 2957 2002 3313 458 7011 581 1886 3328 3371 7896 8110 4677 4708 8074 3327 3392 5900 5942 8111 3348 4673 4469 2076 649 1971 3426 197 3353 1959 4582 3427 4758 2104 7074 5896 2077 2120 7807 6001 6006 636 2137 6010 677 8177 3439 3463 4792 2157 646 368 6959 2033 3257 565 522 7164 4829 3524 7162 8207 8221 2138 7082 3549 8233 7205 2111 3479 7230 8238 680 4878 4865 8217 3446 3541 867 4945 8245 7279 4943 4959 4559 7283 3599 727 6013 2020 965 989 7025 6189 974 7312 8363 5087 493 7404 7104 6249 718 4704 1092 6315 4997 6329 8242 2509 2488 8434 5145 2496 1072 5125 6219 3839 8335 1128 5169 3857 1145 7480 6367 2562 2558 5199 1181 2576 3916 6382 7497 7507 1213 2606 7525 2626 2624 1206 2649 4001 7590 1301 1304 5280 2687 4104 3872 3049 7895 2674 3282 4327 4408 3123 1567 220 7775 6724 4625 8144 4400 591 3296 2156 3167 349 1767 3355 459 4578 1881 1851 6996 100 7350 7543 4429 1594 6679
1661 1675 5613 189 2969 239 4413 4374 5632 7823 5803 122 4534 431 7996 7839 1646 373 4546 5834 6703 4563 6782 1558 3282 491 506 3257 4611 4623 548 523 5879 3317 7936 5801 3340 582 5802 3381 3321 2033 3416 607 4738 3426 4752 3292 2070 4732 3498 8155 3430 4806 8199 2118 2135 3506 3325 5996 5892 2271 4724 4910 872 3637 6166 8174 6189 6082 8275 873 3560 2428 2400 6210 1045 6322 1093 688 6305 5976 5953 3837 5125 2111 5150 7033 3487 6347 3524 2341 5169 6013 6367 2553 5185 5174 3460 1086 1174 1184 1194 7504 4996 7507 3933 1207 6402 8580 6374 2671 7594 3909 4945 4549 3911
1663 3021 5557 1771 1742 7978 5706 4476 421 3211 1840 5649 6831 252 4534 122 6782 491 1886 506 5839 4549 6976 3300 5869 523 1916 1943 8002 1971 3317 5870 5895 522 458 3353 602 585 3365 8107 4673 3404 2066 8084 7097 7088 8145 2133 3425 7058 7108 4771 4708 7101 5804 4622 616 6006 4792 417 3440 7084 2077 2136 7217 7212 3373 6082 7059 2281 4948 8017 8245 3587 2168 4811 2215 2033 6166 4943 770 931 760 7328 958 5853 5890 2364 4666 455 2137 5024 4910 573 5820 4743 8111 7976 4878 511 3626 4865 8275 3348 6210 6206 1003 2002 717 3305 987 8005 5900 6294 7356 5083 3811 8314 3597 4829 7404 5106 2029 2035 1072 5989 581 7094 565 5896 4704 8458 2015 1107 3837 1105 8345 6013 3862 5155 6066 3853 8481 5170 6000 5178 8110 5124 6367 8501 2521 4725 2562 3684 8503 3487 3839 2572 5199 4870 2581 1184 7140 8227 7490 1201 7507 6422 8576 4001 6909 1086 4483
1667 6741 134 1586 2979 114 1576 7801 5557 1562 6782 6790 3045 252 6771 3064 5607 7898 1724 255 3098 6757 6784 259 6777 5576 7837 5634 4400 311 5707 323 1768 6868 7955 4483 6893 1647 3169 4508 7838 4500 213 1786 1843 6920 4532 6934 3011 5759 4520 1770 411 422 420 3050 1669 437 1541 5519 189 3234 8026 1887 451 5648 7933 435 3258 1866 3254 3255 492 491 3252 5844 1917 506 417 1931 5848 4399 7991 351 3283 4607 432 4476 8016 7014 3317 3211 524 1972 5534 515 1966 197 8084 3281 4560 430 582 1946 1986 7048 4651 1943 7999 3348 4653 7008 2020 6962 8107 4708 1775 1959 3417 4702 611 6956 6968 4696 2089 618 1771 7812 5545 8145 2074 2137 3443 5982 3303 3361 4767 627 5900 4686 2070 2164 7896 699 5975 3373 3448 8221 3391 4829 3401 2135 425 638 7140 8236 6108 2104 770 3465 5769 8245 8169 2162 872 4945 3637 3664 3595 2123 8216 7300 3665 2235 7328 8355 8293 3601 2252 6067 8238 2373 3807 4943 3811 6271 4995 1067 2498 7407 3693 2416 3813 5125 3837 6305 7430 2526 5106 1107 5161 4661 8335 3840 3855 6353 5178 3859 2549 1144 1146 7016 987 8316 2572 8502 7444 3901 1169 3916 3907 1056 7497 4912 6235 2593 7507 3896 6402 3969 3893 7590 3909 8299 3865 4535 8207 7803 645 615 7903
1668 4309 5521 1629 1616 3021 170 6744 2995 138 5549 5613 202 217 5634 5596 1701 6790 1702 4392 120 5572 235 6730 122 239 236 6813 197 6711 7907 6824 7850 6782 210 5711 7908 189 7936 1771 4465 324 1784 5626 313 213 1670 6819 7882 1610 5659 1689 351 4476 1830 7976 3045 3086 1837 1850 132 1851 4526 3053 3205 8002 5799 4534 3206 1846 8031 1883 3234 432 3069 6789 6968 5834 469 506 491 502 5795 6954 1901 2970 6961 3255 5854 6953 4399 520 5869 5879 4560 8078 3309 4615 4568 524 4637 430 7896 1947 4673 5906 1872 7019 3308 551 2052 3317 7812 1558 4308 4717 3314 2005 3328 5705 627 2056 5902 4291 5914 7034 211 7055 3404 5969 8107 7088 2014 582 8136 4715 2018 7058 4607 7094 602 8084 5989 2123 2111 3440 486 1997 4763 3442 2133 7127 7074 7101 694 7020 6001 699 8184 4825 2137 3491 5766 3363 7155 687 715 3416 8163 3294 3427 6006 4811 2136 3450 5903 1804 4575 6939 8200 500 3303 649 547 535 6945 2104 5790 2976 707 7082 4629 2169 5954 3071 6066 1953 4659 5804 7165 2139 7153 3529 7159 8147 2131 7009 618 1742 666 7108 8179 6072 2175 769 4732 610 5699 1778 8216 545 8116 3419 4829 4837 4866 770 1676 8094 3556 7205 5893 5943 638 5900 444 3202 4672 4767 3392 2168 512 522 484 5648 7176 8174 458 2135 616 5870 4809 7983 7140 8017 5830 5895 2235 4821 6964 7059 5985 801 8245 6752 4779 667 4677 1858 4878 2271 2275 760 3595 7026 3391 5993 7259 8177 4624 4545 680 6989 863 6067 6166 5981 4945 2073 3631 7279 572 908 718 7300 3387 8149 6180 421 5843 3487 3514 2373 6235 3282 3718 1996 2427 5848 3684 4484 7392 8412 3729 8236 888 733 7051 3430 7213 5083 6262 3443 1087 5142 5144 6322 7454 3832 3327 3229 1105 987 2495 5103 5124 7091 2414 4633 2443 6281 2496 5974 6310 6329 8165 3281 1959 2486 7404 3560 3826 1107 7437 818 3278 1083 1988 5884 3853 2487 7093 2513 1096 6294 1081 7458 4870 5947 1082 3862 2065 8466 5161 5125 609 3524 5178 5169 1119 4794 7188 8397 6359 1146 8335 2559 1144 6367 3888 3530 1124 8500 7092 2562 3885 6171 1086 1174 5172 3911 6082 1135 3915 1191 2403 951 8511 1196 1186 7507 1128 3944 1221 696 3893 7525 7480 5211 6387 6402 8576 6422 2611 1262 7572 3966 1300 4061 6511 8640 2754 8645 1201 2593 5356 8501 103 3035 7164 1141 2015 1594 5734 2154 4556 2969 4531 7803 5820 8207 1583 1270
1669 122 148 6730 138 145 6790 4343 7782 220 6779 4399 5649 6782 7801 252 7908 6831 120 1784 4484 1742 256 7936 3050 4520 5790 1830 3198 4534 2976 6907 5549 7812 1846 4483 3233 5805 4537 1887 3241 6967 8034 1889 3254 3269 487 3255 6968 3232 5837 5835 3252 6962 1923 506 6979 504 5848 491 472 475 458 103 6992 5870 1948 4610 4535 3295 1586 3317 3281 5804 572 1974 566 4653 464 7033 3319 3325 561 5769 4625 4666 1873 8069 6930 8107 8090 8110 3392 3353 2029 2033 3391 571 635 2078 7088 2077 8144 3440 649 581 2096 2133 4771 8168 6001 3460 2131 2083 7084 8166 8101 4622 573 666 5991 642 2164 714 432 724 5960 705 2136 746 6066 759 6055 2168 756 6026 6006 634 8174 5900 3587 7140 8221 4806 3435 2192 3430 848 2281 8165 7264 717 931 3321 696 8005 4775 607 5901 7328 3487 2373 956 3646 4943 7356 2238 3684 1020 7420 8314 5106 2328 6281 2414 680 1105 3839 1086 7462 1107 6334 5124 3833 3570 7094 7213 8466 3862 2521 5178 987 5103 5895 2416 4865 7404 8501 2572 3916 3901 5205 8484 1200 7507 3933 2649 6402 951 1213 2611 8515 6235 3966 2580 1218 5199 8576 2754 4061 1201
1671 4322 6793 252 168 211 6831 1748 4463 4351 2949 2963 2959 5626 1784 1768 3071 4483 5693 1742 335 4311 6682 3150 3052 6909 5721 7982 5769 5772 1843 1836 265 1778 1850 4534 417 3202 4526 269 1840 4343 3213 7999 8002 5799 5790 432 1867 1863 1857 4549 5804 170 1583 4309 5649 7785 1878 8009 6956 351 1887 6953 6962 5831 8034 4330 5835 3255 8008 3261 3239 1676 6782 3228 1923 1916 491 6957 511 3287 4399 1886 520 1943 4610 1947 5853 3294 1803 4566 3305 3246 505 3317 546 4633 565 1992 7033 4652 2002 519 8088 585 2005 3365 8101 3321 455 8077 607 4565 3392 3391 2036 8107 3313 7058 8116 3404 2034 635 613 8106 518 2014 8130 3299 4743 7088 649 634 5945 8145 8111 2118 2070 2131 5943 3328 8129 2047 7153 3487 8105 8177 3482 6066 2168 756 8207 3549 7983 2192 6101 1893 3595 6006 3587 5985 3378 7230 4870 8005 717 4845 6171 667 3570 4948 8275 7213 3594 6185 3529 2033 7279 2201 8238 2215 829 965 2373 956 2381 6235 8396 666 3524 5989 3276 2414 2398 3684 8436 2364 6294 2154 5130 8458 2061 3811 5136 1072 8468 1107 1113 6305 2521 4878 5155 3820 3839 5161 6347 5125 3852 6206 5170 3859 3833 3832 6310 2486 5106 5169 1146 7430 3888 4673 3788 1169 8505 3886 1141 2572 1186 6390 2585 3933 7507 6402 1213 3955 7149 2649 7572 2687 3513 4912 8645 2768 2111 5935 5087
1672 2969 7839 4341 1618 1629 1576 1562 1612 6748 4328 6771 1671 1664 200 3052 7877 7885 4391 108 3053 4413 1662 7890 6796 3064 1675 1695 3073 6813 255 1670 5634 165 1724 4442 7882 6755 4309 211 1748 5678 3138 6818 119 4373 7936 1793 6868 5576 201 4490 7838 7870 4493 6679 5753 387 7978 6910 6920 5727 5741 6921 409 4513 5797 411 7785 1840 6873 380 3220 5804 435 3225 5800 369 5805 8026 1860 459 5819 3234 6884 6964 6967 3249 3257 5799 5824 5831 1886 5825 454 5834 3258 8045 3255 475 7990 3256 483 6953 485 4578 3271 381 5699 3279 6962 4531 8025 1919 480 6974 4558 4592 1923 484 4603 504 499 3287 6979 4417 8042 493 491 6753 1937 6996 509 6990 6991 3290 4605 4597 265 4545 6998 5870 7008 3307 4623 1914 5851 1594 7014 5879 8069 1966 554 555 3276 8079 7001 458 3150 3314 3315 1972 4615 4577 5632 116 4308 107 1985 103 4279 1992 5891 7804 4275 3092 2947 4651 566 1610 1999 2003 4274 7802 4516 1979 1945 3326 3356 5868 8088 5904 6941 600 4686 3336 1990 2040 606 4703 7061 2055 545 2020 4688 8124 5881 630 5939 2080 2017 3410 3419 642 4725 3426 657 5902 3335 7097 8145 3365 8148 5974 629 618 5772 4764 8153 2112 6711 8107 5927 2118 2126 2131 673 8168 4534 7122 5999 3460 5914 699 2151 711 4792 8132 8127 6004 2117 7164 2029 2178 2137 2096 3037 4809 6013 2162 4732 4729 5973 5911 7178 635 6054 7174 8220 6072 3511 7181 4795 3517 5926 8136 770 4447 453 3259 3548 8236 3549 7222 801 6113 7162 2047 313 8129 2275 7203 8017 708 1970 7259 5892 4797 3319 6909 4948 3637 3448 6180 8321 4726 3418 3597 3377 835 7300 8299 8313 8084 4943 4970 7320 7313 5994 7242 558 8355 7328 4969 4995 960 3337 1744 8363 4895 7345 4833 787 955 6219 4535 455 8146 3709 2214 2082 2170 6907 7029 2400 3693 8441 7408 6067 7279 3601 4776 1057 661 5126 5903 2076 7454 8468 5141 3293 3836 3837 873 8216 1092 4633 6329 5142 6323 5989 8314 1107 8062 2136 733 2474 2520 3845 5150 3826 1101 3430 2521 3819 6332 2511 4752 1078 4785 3857 6032 8238 2286 7213 3376 3829 7447 1080 7437 564 6349 6350 3728 7011 4865 3827 2539 5170 7151 3328 3306 6351 1135 3871 561 6359 6322 5993 4677 4699 7092 4945 5183 634 1132 1145 1055 5146 6363 2509 6336 688 3890 1155 8500 2018 2548 2373 2489 5180 2562 3904 3901 1171 8503 3875 8502 2416 3886 605 2487 8155 3858 1100 6374 2569 7490 3912 5204 2571 1157 7492 6369 2428 1184 2127 5124 2052 6389 2581 5193 7499 6387 3930 6344 2590 3933 1186 841 1204 874 2593 3916 6399 3944 1218 1182 2611 951 2630 2632 3962 5145 2649 1258 8543 6441 2504 5184 3997 3873 6331 3820 7590 1176 2709 6474 2724 8478 2712 4061 6511 1336 6515 8505 5341 4095 6539 5364 2782 1165 4135 7480 6976 4322 8130 4469 2001 4845 5986 2135 3198 2070 223 7023 3107 5758 134 5848 1285 636 465 611
1682 122 138 215 3052 3062 3053 6782 4308 252 6799 6831 6868 1742 4483 5772 6907 380 4534 8002 4311 2979 8023 4500 5809 3249 8017 4569 491 1889 8049 1916 5848 4399 3297 3317 3246 3392 8136 4574 8155 2137 8221 7222 2373 8448 2441 459 1074 5125 913 7000 5088 1086 3862 4945 6117 1146 1170 1172 7507
1683 6962 491 506 1886 4534 4633 4743 4910 8217 3329 787 545 1086
1685 122 5626 6813 1748 6831 4483 1742 6703 5687 417 5804 4528 7999 1911 252 6962 148 6782 506 5848 511 1916 4534 7017 3317 8084 7008 3336 4738 7109 2133 2137 3587 760 6206 7328 3524 4945 5125 5154 8335 1086 3930 3933 1153 7507
1686 6782 252 239 6818 256 6831 2947 6962 5834 1911 8039 5804 122 3317 529 5900 6976 1908 1854 6720 4665 3329 3392 3254 2077 6995 2056 5549 7109 673 2130 2139 3485 6039 868 8174 2364 3657 5144 6326 5142 5150 1113 4652 8484 7061 2562 8502 5213 7507 8576 1300 3975 1378 8042 5861 751
1691 103 6782 5634 198 6831 120 303 324 335 1796 1742 4322 380 170 5549 6744 4291 6730 122 7812 4308 5557 4534 4439 8002 1689 8031 8034 6962 5804 5834 1911 491 492 5839 493 502 6711 1916 5848 252 3053 4483 6703 7908 4526 7882 5853 1943 1886 486 3305 563 572 8005 582 585 351 8107 519 1878 4719 5769 2030 1988 5891 2029 4725 7983 522 197 6964 265 3050 6954 3365 7093 5903 1748 4710 7108 4771 2133 3443 6001 3435 8163 3391 604 4785 7162 2168 8221 6067 7188 770 760 6113 827 8252 4878 7264 558 4865 3388 900 3370 818 3609 7212 3588 6185 2215 4825 3664 2252 6206 7309 6209 3487 2373 7151 7279 5007 6235 8155 850 7356 3211 2136 2381 5125 6311 3597 4945 5088 1105 3839 8434 1086 829 6305 3463 3862 5106 8481 5124 1101 5170 2089 5178 6359 8335 3888 2562 3858 5197 5001 5204 5174 3916 1184 2584 6390 7507 5221 8503 2649 7552 8576 1304 2754 5173 2712 2208 3446 4912
1695 122 3053 6782 5634 1742 6831 4534 8017 6962 3254 5792 491 4564 5805 198 1911 3283 1887 4610 4399 3317 6703 197 8002 3278 521 1614 417 3295 4484 3392 2137 6066 506 2166 5895 2089 7188 4945 7149 2373 5103 1086 5148 8466 3839 1105 3862 5125 2553 6235 1184 3944 2750 1206 8640 4095 2671 2342 4574 3064
1696 4311 5521 6711 170 5557 6703 5634 6782 6784 197 2993 7904 252 6790 1676 6741 229 5607 1748 5713 7908 324 134 6793 6831 4317 316 2944 7782 6907 380 4500 2957 5772 1850 7976 1804 8002 6947 5526 1545 2947 4274 4543 6959 1742 4552 4559 7991 4534 8034 1911 5804 6979 7785 1923 5848 6964 453 511 6961 7999 6962 5790 1954 528 475 506 1959 3317 8042 122 1610 168 5890 3349 581 3371 221 611 8107 1803 4652 3404 3383 543 5870 5626 8083 4322 582 5896 8136 3426 3401 7088 3052 5943 565 605 6995 3425 3440 2070 4771 5995 7127 694 1778 8163 4792 8003 4799 2137 3328 7153 1988 2178 5982 7084 7183 7162 7181 7193 3548 8221 7174 2175 4870 2168 7222 6101 631 4545 8245 2281 2066 5989 5769 3570 6166 717 3637 4945 4943 3487 8005 6006 4845 931 7328 971 981 3560 7058 573 3787 7404 2373 3378 3430 3811 5125 2238 8450 1072 8463 3526 1983 3852 5169 3850 6359 1146 5186 3890 2562 2572 5961 1074 6235 3916 6390 5212 6387 3933 1201 7507 6402 7552 3966 2624 8576 4001 8590 7576 7572 1301 2687 2750 6539 2581 3004 5507 7945 5504 635
1699 3176 8016 3317 122 5125 252 491 4483
1703 145 2976 5572 4309 170 6782 168 6813 239 4407 7917 7802 6796 220 1710 7823 1658 5689 4463 7908 2977 5693 5711 321 1670 288 5557 4398 3036 2969 256 4469 7896 323 1647 165 5659 3037 5713 1610 1666 1676 4314 346 6748 7936 1804 3150 1701 324 3071 7978 3176 4480 5719 3168 1778 1830 3190 1846 3213 5759 5521 3202 6907 281 3226 3211 1867 430 8008 7927 5699 1879 5798 3234 8002 4534 4483 466 3252 7991 5831 3228 8034 5835 4549 5837 252 4560 4600 5804 520 491 4399 3294 4563 5805 6964 351 1959 1886 1784 6962 3317 4666 4311 134 3392 2133 4945 1086 7572 2712 2754 4652 3398
1705 4322 1586 2977 5580 170 4340 1612 7852 3030 4338 6755 6779 3037 7910 4286 210 7804 1628 303 3138 119 3065 4469 4370 1775 3122 4484 7955 1804 6881 1748 6904 256 7978 380 7982 1839 1843 4330 4520 6925 1830 7998 1853 417 3092 411 8026 443 4549 7999 7995 1609 5825 5634 361 3069 3261 4542 4552 1894 6962 1897 409 7801 5541 1568 1587 4319 6736 6969 4311 1738 6959 1857 4574 4578 475 1907 3271 1771 1916 8042 5772 469 4545 1908 8048 491 6942 6991 489 453 3212 6995 511 3292 5841 1742 1874 3251 235 4616 4589 8064 5862 5867 1959 534 3290 1892 1778 1960 5874 7986 7782 531 3300 3310 7016 539 3229 4609 3208 1964 8078 8073 3317 5884 5859 4643 3329 4570 1955 1985 1990 3305 535 1803 486 414 5815 1941 529 4624 608 2020 7058 8107 582 464 565 7063 546 2045 4641 1567 3389 4659 7055 627 2046 2035 5896 4721 5945 1858 5952 576 4743 3394 649 2068 2109 7113 4771 3390 613 4716 5995 639 2066 4677 631 663 3325 3444 4531 3373 2083 7084 3388 7118 3468 699 715 4792 2138 5964 711 8179 659 2104 7184 3255 7188 4635 7121 797 4675 3435 2154 3517 626 7149 4560 2256 740 829 7112 2201 8221 3252 4895 3259 1974 868 4776 4865 2238 2182 8313 4622 2262 818 7328 3588 948 3709 8396 787 3597 939 3327 987 976 6011 7408 6054 8164 595 5075 2479 6271 7407 3788 1057 5809 6311 4781 6325 6322 8372 6191 1077 5136 7458 6329 8472 5141 7392 6265 6334 2482 3820 564 1115 4704 3684 2521 3845 3295 3463 3850 8466 1126 5164 874 8475 974 1053 1135 3858 4757 5148 5124 6367 3895 3899 1168 5936 2562 3819 2568 1072 3888 6351 8478 7489 3911 8153 7497 7479 5985 3843 8499 8506 3930 5001 3907 2611 8543 3901 5221 3962 1273 7576 7207 1213 2688 3928 2724 6511 8590 3955 867 6539 1301 1153 2671 8144 3282 1020 4399 2976 4610 3400 421 4963 103
1706 5557 5527 1676 6831 4483 1742 5526 8002 6962 1923 1916 7955 5851 500 3318 1883 3317 4626 1928 7058 3392 8139 2018 2017 6185 1086 3752 5161 1129 3859 5166 6359 8335 2572 1182 6235 7507 6399 3962 1213 4001 7572 2754 4095 1014 3355 423 6255 8316 2127 2782 8266 639 1997
1708 6718 1646 3052 6771 5649 252 6831 1742 7850 4534 1836 8002 5795 3169 2944 5557 6945 5798 7981 4483 7976 7983 7999 1878 4559 5819 1916 511 1947 4609 486 1933 4585 1886 7016 491 3317 7036 585 3353 5913 4663 2018 2035 607 550 1914 3331 3392 3383 5921 7048 4622 2015 5952 3404 6937 2072 7088 122 5938 4536 4715 7042 3391 4708 5970 574 2070 1992 7101 2119 4763 8166 4785 2104 2066 8163 636 8174 2130 2175 8199 7183 8226 2168 8204 4878 8224 2238 632 6082 8245 2281 2111 3595 7140 4910 8313 3589 4939 673 7283 1970 3440 943 4806 6037 5020 3646 718 753 8252 7213 780 6207 4961 7341 1003 8111 7312 3593 2414 3729 3657 3427 7408 3560 3754 5973 5935 3477 2489 7091 6202 5125 4821 2487 3773 4757 7259 3857 3856 3862 8466 3861 8478 1126 1129 6322 814 3446 5161 3448 5169 4945 7480 8335 3833 2411 5181 8207 3890 5166 2521 8502 2560 7444 2068 1168 7492 5138 4725 2511 2403 5001 2579 1196 1184 4912 5212 7507 5221 3966 2105 8492 7122 1273 2561 1285 6511 8645 3654 3601 635 5911 8162 2026 3278 490 8171 94
1709 170 4408 4407 5634 1628 5557 2949 4534 122 417 5795 4483 7801 3254 5772 1914 6909 3058 4548 1923 288 511 4399 1916 6936 531 7850 2029 635 2028 5804 649 2109 1946 5896 2155 3477 4537 7230 3587 3487 931 2205 3524 4829 965 5024 5989 2373 6066 8439 3811 5125 1105 3839 4847 3862 1122 6329 2562 1086 2572 3861 1203 2584 5220 1213 8576 2649 4001 2504 7572 8300
1714 2950 3004 400 5791 239 7998 5570 99 1547 1689 4274 291 7807 1629 138 170 7821 4340 7782 3236 7880 1676 1748 2949 6947 6703 8026 3069 3052 4448 5557 7908 4399 4476 5809 5795 3053 182 486 1583 7801 475 5847 3280 491 1836 4520 506 1867 4537 4569 6995 6782 5632 3300 1959 1901 7955 1863 5835 430 417 7882 500 1742 5634 252 1916 197 5626 1887 1972 7023 7028 4653 2005 6831 8002 333 122 8107 5804 7058 6962 1697 511 2036 4484 4708 5942 5834 5921 5772 3376 2033 8120 2029 1923 5848 509 8145 3410 650 7082 7074 5769 7055 2133 5982 662 4767 700 4829 8221 5989 3392 7217 3595 5613 4556 8017 4483 7328 6151 6206 8335 3684 5110 8466 2168 1105 3811 2373 3839 3862 1146 5075 2562 5125 2547 7507 2649 7572 1086 4001 6396 6235 2754 4945 7870 3295
1717 148 2990 2969 137 5553 1616 170 138 1562 1576 2947 6744 5613 182 2977 7870 7890 1677 6782 3035 6813 6790 3058 1695 3098 6793 5634 7917 4430 7863 3112 4286 204 6831 6868 346 343 1812 3150 1742 1610 5755 243 348 1784 7976 279 3173 1830 4484 211 4529 3004 1850 1846 3187 1839 1724 7800 4526 6679 1647 4283 7785 417 3205 7807 4274 1851 115 409 6947 6836 4543 435 220 8012 3221 373 8015 1856 8026 8031 6752 5818 6860 6945 8009 460 100 7893 3050 3258 480 3069 4570 1911 8008 1873 1894 4558 255 8020 1863 5841 3280 6964 485 491 5848 4447 458 6995 1935 4399 5851 269 7983 1957 8003 7017 3310 531 7822 1947 1900 4637 5879 4559 554 8076 4622 3322 3320 1558 7801 1578 4651 4643 3315 5896 7022 7023 4663 1983 572 1803 5809 586 6946 5534 3340 486 1593 5906 1898 3359 600 1666 4661 581 7013 3327 3309 4647 197 585 4666 4652 523 1886 5699 3281 3313 2028 3383 4715 2034 5868 2045 2035 3290 3274 265 2065 7066 7063 5952 5942 4734 4738 6979 5911 8130 649 7097 3304 4740 8148 558 635 2018 3328 613 7033 618 3373 4716 5974 7109 2126 665 4763 571 7113 8147 7101 3432 5968 8156 313 2096 505 3361 5903 8129 8164 1857 5799 4767 2077 4699 3465 7108 5991 8159 5900 8163 4799 715 6010 6013 4811 1778 6927 3379 5880 7059 8097 8184 8179 4581 8017 3287 551 7193 769 7181 6055 2205 6072 4837 6015 2168 3486 5994 4866 4727 4862 7205 2230 7178 3541 6856 5959 565 6101 2066 4673 1996 2199 7151 4776 756 3482 7981 8224 3593 3603 841 454 797 2265 5988 1928 4948 708 3517 3572 4568 873 7207 8150 5947 7077 2160 657 718 8002 8221 4544 8199 6166 4826 4878 4629 2006 7300 931 3560 4825 5825 760 2138 5920 2337 8345 7118 3370 4779 4969 3686 2105 3626 787 5024 818 550 7240 7188 6209 6235 5960 509 2002 3609 4757 4535 666 3729 2381 2373 6929 3548 5083 2427 5063 3655 2414 4865 3770 753 6306 2398 7094 6161 5088 3376 7404 2154 2489 8452 5115 4945 6082 7220 2061 8434 5125 5144 5026 2416 1072 1085 7046 8329 719 680 1093 2392 7459 7409 468 6305 3854 705 2483 5145 6338 3840 1126 2513 6341 2547 5178 6349 3833 1119 3879 2539 1146 1145 5161 3871 3839 1105 1100 5146 2070 6315 3888 3597 6362 5190 1160 3896 3899 3810 1014 3885 8500 1086 3900 8502 1133 5192 3902 5199 8506 1184 2579 3915 2581 6374 7497 1169 8314 8511 2583 2586 2555 8335 2593 5001 6396 3773 7525 6402 2626 8543 7491 3886 1212 3966 3975 2611 6422 2649 1258 5124 8525 8580 1206 4001 8576 6448 2573 1262 8590 2712 7365 1301 2495 2750 1344 5341 2754 5364 4311 3282 1556 455 5548 5545 5173 4288 1174 4400 1545 4603 3049 1745
1719 3011 252 5557 8002 6831 1887 122 6782 6962 506 1742 491 4483 542 3317 8084 545 8136 3392 8355 2373 5125 8335 7478 4945 3839 1086 6235 7507 2547 7490 8005 635 2562
1724 6782 1733 252 122 5607 4483 7982 1742 4534 6831 8002 138 3234 493 4399 1916 3317 491 571 8097 6180 1971 673 3357 5087 6325 5913 5125 5936 1082 2168 7507 6399 3915 8543 1301 6058 7803
1725 116 6744 4275 5519 6730 3071 6790 7907 6793 168 4483 7882 1629 6716 7800 6703 480 4584 381 4398 122 4569 491 5557 8002 506 1742 6962 3317 6831 4611 545 6990 6927 635 3513 4534 8335 5125 6141 6210 3684 6367 7572 4001 6474
1726 1562 7903 7926 4471 6789 3050 4483 7936 1786 3187 6939 386 351 489 4590 4657 6918 3309 7042 7023 8084 3392 2002 2996 4717 361 3416 5919 5801 2139 661 3570 7264 777 717 2068 3811 7438 3814 5087 7392 1992 4761 3847 1086 7435 6305 3775 762 2585 3530 1157 7483 7507 5220 3541
1729 4308 6718 138 6782 2995 1689 215 5557 6784 252 4401 211 6813 239 6831 7863 3050 1748 7896 7926 7908 6779 7945 313 4476 1796 7782 4328 189 6682 1676 4463 1742 7785 3112 7955 4483 6789 1744 351 6907 5759 5769 380 3205 1846 4526 4534 4343 5772 3069 8002 8003 430 5790 4549 4528 3238 6962 5821 5834 480 265 1911 5839 4563 4535 483 469 5803 6979 502 8048 489 1901 3280 458 7995 485 3246 4399 520 511 4607 5848 5851 4311 4448 2949 7801 2976 1771 6703 491 1908 122 5545 4317 3300 512 1679 7812 5854 3313 1916 3306 197 1992 1962 1972 4653 5855 1985 484 4637 2005 4666 563 5868 1910 5901 3340 3335 7045 1803 5903 5626 564 3321 600 582 592 7807 7033 1587 5895 8110 3353 4677 8084 2036 1959 581 3392 3348 3373 3398 2077 649 7088 8129 4741 5966 5952 3425 3440 3450 8039 2133 8163 3443 2111 6013 7153 6909 8116 5951 7184 2168 2108 3448 8174 3426 760 7205 8245 8111 3479 7213 2131 680 2281 4910 6117 3595 8295 2236 3630 6171 3637 848 717 2286 4865 8005 4775 8345 7328 2362 933 8211 2038 3530 3631 5960 3684 3748 3752 2154 5005 2208 6210 6956 785 6186 2398 3626 3811 2035 1072 5106 1092 2510 3837 1105 1107 3833 1101 1113 6323 3862 3856 8466 3295 5961 4675 5161 1129 5178 1086 2549 5173 5172 1119 3880 8341 5125 3879 1160 2562 8501 7490 3911 2559 2572 5204 3524 8503 7480 8207 5199 3916 6235 2576 2584 6387 6390 1184 2585 7507 5220 2606 2624 2136 7599 6399 5144 8590 2688 3883 2724 7433 7576 7470 1074 6515 2722 2750 4061 1301 6793
1735 5557 1646 6771 6782 4399 6831 122 7801 7976 7936 1742 7982 5795 168 3234 7782 120 7812 4534 458 6962 491 506 5839 1886 1916 3317 5772 7983 8084 5870 8110 3392 4708 8136 573 2137 8200 4829 3511 6072 1959 8005 7128 5966 4948 3595 5900 8221 7356 3839 3862 1086 5161 5125 6117 5155 8466 3911 2572 2581 1184 3933 1174 1301 2754 2768 1213 421 6235 3261
1737 122 6711 6782 6831 5572 4483 1578 4529 7998 1770 1594 3256 252 4399 7813 6953 5721 3317 543 7042 2002 4607 491 3392 635 8002 602 4710 4763 8144 7193 7212 3524 5848 3626 2373 8314 3820 5125 2276 5193 7507 2709 4061 2710 1086 152 3069 2510
1738 122 170 6782 252 5557 6831 5804 6703 3317 4483 3392 7153 491 5125 1086 2572 7507
1742 252 6782 4483 380 4534 6962 3276 3317 3392 8168 491 7479 7507 8576 1213 1086 6387 6831
1748 4399 7926 6831 1778 4351 4534 4483 122 3066 252 6782 491 3317 1610 3392 3425 8005 5007 5125 829 1086 1186 7489 8335 4135
1751 5649 103 2949 4483 5759 7785 120 1778 4534 8002 5706 3213 1887 1911 138 491 5557 3053 252 4274 1959 1742 4560 3317 458 3392 4708 2133 2077 6831 8084 4792 6962 3839 8335 1086 7507 3893 1273 2754 7433 7107
1755 6782 4399 252 197 3053 6831 5769 3198 7801 4534 5557 3069 1911 491 1916 506 1923 8084 635 4708 7059 1742 8136 6703 5848 4537 7153 1846 5734 8017 4945 7328 6235 5024 2373 1072 3295 5125 1086 5161 8335 1105 3888 4001 4061 2754
1756 4319 5557 138 6782 122 1689 4465 4275 3138 4476 4483 7801 6831 348 5626 7976 4322 5636 106 1748 269 6884 7981 1778 4531 7991 5634 3202 3071 3213 6936 4484 417 197 6929 1812 421 437 351 5795 5809 6711 1731 4535 4520 1889 6962 134 5721 6968 5607 6703 1558 7883 5541 1900 6779 6741 4317 484 6730 7812 506 6979 252 5804 432 511 1947 6995 1878 4399 1948 1873 430 7014 523 4652 5881 3319 3317 2002 8007 6976 520 607 7033 8110 7058 3365 3340 3392 4708 609 1959 3391 2035 8107 8111 7088 5896 8145 649 5870 7059 618 7108 673 613 7074 3425 670 4761 7094 8163 6001 7084 5900 6013 4732 3487 8144 2175 3511 2068 7181 7162 4811 610 8216 6006 2168 3439 4673 6072 5990 571 636 8236 6037 2073 3388 7230 8245 760 2281 7300 5960 873 4943 7328 3626 7279 4910 6206 7212 7404 3570 7356 829 2414 3684 7430 1057 6117 5895 3295 3321 3378 3813 1107 2486 8466 1086 2381 1101 8481 1129 5125 7471 987 3851 6367 7480 2562 1141 2243 5197 1157 3911 6329 951 2563 3871 1181 7409 5199 1184 2580 6386 5205 2238 2584 7507 6402 7525 3966 6422 2649 3992 2504 3969 2672 4001 1300 1301 2708 6511 4135
1761 6741 111 114 5537 167 6689 5523 5525 7871 6716 6771 6796 3064 1628 6736 5686 4407 7910 1677 1738 3092 4442 7822 4311 7775 7785 2949 3090 170 3122 1689 6868 5674 138 3066 4283 2996 6730 7804 103 7790 348 1629 7922 239 4463 1676 1742 5704 5557 7941 6920 4398 321 6813 6870 5722 1836 1843 361 422 6881 1840 420 4439 347 202 168 3053 152 2980 7955 1767 1612 8003 324 3208 7801 343 3234 7807 1618 409 3182 213 201 81 456 3231 3138 5803 8015 346 430 3258 5809 8013 6959 1830 3202 4528 8045 3250 1748 4543 5819 3050 333 492 5851 4566 3271 3280 4634 3311 4288 1598 8069 5541 1578 5576 8042 7823 8007 100 4581 5879 3313 8077 551 7803 3318 3264 3098 5737 4304 3348 3037 4771 662 6006 7205 2276 2136 7217 2238 4910 7283 6206 4943 6311 1105 2111 7094 4725 4661 3897 7188 8501 3911 5966 6000 1181 3916 2580 4912 3401 2584 2585 1213 1126 8576 2624 2572 6235 5125 1086 3827 5170 3440 4483 8111 4351 8084 8002 6962 5914 2089 4399 3317 5804 132 3392 4534 4500 2137 2215 252 1916 7153 491 8221 122
1766 1608 1629 138 170 5557 7871 5607 210 239 3064 4283 252 5632 4463 122 4448 1616 4351 335 7955 1562 3053 5755 6723 2949 217 373 1748 3071 6782 1742 5521 4526 136 3150 1856 8026 4534 4569 6962 3254 5831 1911 483 1901 491 6753 1910 3287 4399 520 1886 4483 4666 8090 7048 3331 563 4637 3281 458 3365 4652 7850 546 8107 3371 4673 484 4484 8110 2029 2033 3387 116 3138 6703 99 5848 5956 3317 707 5996 2157 2094 715 4792 5999 638 2136 6006 7162 8216 3392 3479 5970 7176 3587 2281 6171 4825 7242 4811 8101 850 3176 5020 3686 2125 6206 718 5088 2483 5125 3888 7507 1165 4061 2750 3814 4135 2373
1768 134 252 6796 5541 6831 4279 5557 8002 4537 8013 122 5795 1869 6962 491 525 517 4589 1933 8048 3317 1939 8093 6974 4665 6720 3381 635 3403 5825 619 3449 8177 2133 6930 2137 2168 6066 5993 3392 4829 3569 8017 7212 7059 5966 4943 511 1959 7408 8466 2505 2513 6310 5125 5170 1146 3888 2562 3911 2750
1771 5570 138 2995 170 1616 5557 134 4392 6782 3062 7882 5634 210 1558 215 4309 3065 6813 252 6744 4448 1796 7936 7955 4463 1583 3138 5769 7908 6779 1647 348 4536 421 168 5758 5713 213 3190 5759 8003 1742 1778 5795 1863 1887 3053 2944 2949 7785 5541 5527 8026 4528 85 7801 6703 2947 6790 1878 430 1547 5819 4552 6954 1858 3261 3206 480 469 5834 6968 1911 3211 5830 1892 6771 491 7812 5839 4545 6961 5851 475 3069 1901 5848 1916 489 8017 506 511 4399 1923 6979 3295 3305 5804 486 503 496 5837 3257 1959 5869 7014 7016 1910 4624 1784 509 4330 7008 3300 3317 1971 8084 4633 4651 6730 6962 5772 8005 5706 571 182 8089 6716 581 585 1933 3359 602 5901 3371 3353 2020 8107 5895 2002 1988 7055 7058 3393 4708 2036 2029 197 649 7074 7097 5970 635 5960 7078 3331 3281 7093 4732 5982 8149 4535 2133 2117 6006 2136 2168 576 7222 616 8245 7153 662 3587 4777 3560 848 8221 3430 3524 3392 4865 760 3595 8174 3637 827 931 7084 1965 801 4775 2331 6206 3530 3626 8101 965 5024 7342 5020 2364 6157 7328 3264 7300 673 4542 8236 8136 2373 5083 5087 3684 7213 1074 3813 2175 3349 3811 2215 1072 518 4945 1105 987 5106 7094 2486 2521 1101 7220 7122 6082 7242 3246 5161 8466 3862 3853 6332 5170 3852 2485 2089 2534 5169 6359 3879 3818 6367 8335 3897 7480 3839 3859 2562 1169 8484 3858 3888 4912 3887 2572 3911 3916 3901 1184 6235 956 2580 3488 3915 3930 1213 7525 3966 3893 2649 1285 1146 2238 7572 4001 2754 2262 1086 4308 122 785 189 3589 5125
1780 252 6831 4484 1742 2949 5634 491 506 5772 5848 4399 1916 3295 3317 8084 3392 2133 2137 7188 8221 7328 7153 2373 3811 5125 4945 1086 3839 3862 8335 2572 2562 7507 1213 7483
1782 252 7863 4534 4483 491 6782 3392 4615 645 933 4939 8396 1086 1194 5280
1783 1608 5557 6736 4283 7871 6782 165 4401 252 5704 3102 4439 2995 1742 346 7941 369 7790 6861 6870 1830 6878 1578 3226 3212 7981 1863 4534 5821 3231 4483 6962 491 506 1916 3053 5839 473 1931 4565 529 518 8002 3317 1894 8084 1890 575 122 1903 4651 6946 3269 4641 509 7032 531 3349 586 7016 574 3264 8089 465 6981 558 3287 2013 4678 581 1697 7995 4623 608 4679 1997 6831 2030 1750 3392 565 7063 3426 6980 2029 8145 7113 5943 440 5954 2137 1975 2157 3451 1866 735 5945 2026 7082 4809 759 4829 616 3476 3595 639 764 4821 8313 3541 3560 561 3460 4601 5866 931 8329 7283 3379 1048 6105 5114 1086 2414 4704 2483 1987 3856 8275 1984 3858 6161 5981 5172 2548 8110 5178 3891 7507 4013 7590 6474
1796 7812 5541 5634 1647 3035 138 4328 1629 1583 5649 5626 5572 168 3052 6682 4317 335 348 6884 134 265 6718 6790 269 380 1837 120 197 4463 1558 5613 1771 4398 421 6946 7999 432 1742 1867 5527 8025 7982 1812 1778 7955 3234 454 5759 2969 5798 3239 5809 5805 469 5834 6961 3232 484 1878 2959 3213 5636 3053 1923 5851 3065 1908 1933 6964 4610 3300 425 1959 3069 483 5632 8034 1887 4607 4651 1971 7033 1965 2002 2005 4675 4673 3357 4708 7063 4715 1992 5951 7983 585 613 7093 573 8107 5966 3327 4725 7023 7101 3393 666 2033 2035 3306 3305 2111 4771 4768 5989 7127 694 6976 3404 3313 581 565 1676 3331 7058 635 1966 8106 211 5996 4546 3463 1941 604 3425 7059 2029 616 6013 680 3529 6055 4845 8017 3549 2168 7205 4878 7181 3587 2087 6101 3595 2281 5986 8174 8184 6117 543 3388 4785 5900 2238 8345 7328 8200 6209 956 4910 717 4948 3637 3626 785 760 981 3646 4867 6066 7230 4775 5088 7404 6294 6325 5804 3811 1105 2373 3820 5007 1113 829 6329 1101 1072 6206 6323 5155 8084 2534 5161 6000 5083 1146 7091 5001 2521 2562 8500 2573 6390 8502 2568 3858 7490 6387 3933 8515 5221 1165 5199 3915 3916 2580 8466 2581 2584 6422 3893 2649 8580 5205 4061 3839 8590 4945 2750 5125 5173 1086 2572 6235 3966 5848 8111 3317 3259 7926 3392 122 2137 5557 6831 1916 8129 4483 6703 252
1797 5570 1629 5557 85 6813 210 6796 1545 7863 1689 122 6831 316 120 6962 3317 6782 460 453 1857 346 7903 4596 3381 1646 2113 4767 8155 3321 3375 3392 5936 8221 8300 3595 8320 3570 6158 574 3787 5114 3811 6265 1092 1057 4829 6329 6337 3843 7153 1086 1105 3684 6066 3839 4697 3524 5106 1122 5125 2548 1146 2539 5170 5124 3885 2562 1147 5205 8469 3915 2573 1192 6235 2580 1114 5212 3431 6374 1213 8543 1285 4001 1193 2750 2754 8645 8136
1809 134 5553 170 7801 122 7822 5572 6744 5607 6790 6813 1689 6730 5557 7863 3098 4448 269 4463 259 5713 4338 5659 3071 1843 1812 5521 1836 1742 351 1846 409 3069 1778 4556 5759 335 8031 1558 6945 1770 3053 1867 3250 1879 3206 3258 1911 6782 5795 5848 5798 502 506 5634 1646 8002 1916 3281 3310 2005 4665 6969 3319 5804 3392 5541 1562 447 8107 103 605 4657 5929 2133 8136 4708 1992 2137 3524 4829 2168 7153 6206 5989 3811 5125 7188 1146 2562 5197 3900 1114 2572 1184 3911 7507 1213 7572 4001 2649 6235 1086 4945 3997 2710 1262 1344 5356
1811 7818 2979 7823 4319 122 2980 5553 5557 2943 132 1629 134 5572 4328 3030 1646 7822 7883 4351 3036 5607 3052 200 1671 215 6782 7782 5632 1689 221 4274 235 210 5649 4362 7837 220 6813 7880 252 7852 197 6790 239 6736 3065 4322 1738 3098 3092 5686 211 3053 6831 6836 1745 4271 5678 5689 7908 5521 1761 121 1748 5693 7917 6755 246 136 1593 103 2949 7801 6716 4291 7955 6881 3055 3138 4471 213 1744 1811 4283 1610 7803 5525 1804 3168 1812 6907 380 5704 348 387 280 1594 6711 7980 1837 1830 6920 5759 1775 7907 111 5769 3205 5532 1770 1846 1578 7790 3187 8003 6947 8002 3213 420 386 435 5699 3225 351 343 5798 1879 3234 418 3182 6945 417 8012 444 4429 451 4558 5803 441 5818 168 6819 425 1878 414 4516 7953 5835 3239 8008 5805 5706 6954 1880 1911 3245 3240 3255 1781 6869 4523 6975 2995 4534 487 3260 473 3162 3069 476 4548 6969 5822 6981 4526 5534 453 7985 6939 5832 7983 1840 4582 1916 6964 1887 491 1886 5848 1913 5844 8057 511 6976 6989 443 4607 478 5837 1914 4399 1908 7896 4483 4573 5804 4590 1851 5869 1958 3238 4615 1742 381 269 1943 1562 7785 6962 5850 528 6682 1948 8078 4640 5847 7014 3317 1967 8073 520 3305 3311 479 7010 3222 1964 4606 3126 7015 539 552 4653 7999 3219 1972 3315 482 7022 1985 527 1975 5880 1919 4672 7023 1784 4666 5855 7945 522 3328 3283 1999 512 4667 8084 530 3229 586 547 7033 4679 602 3304 7028 1803 3310 8107 496 3392 455 5902 3400 4673 2029 3321 581 635 4637 8106 4537 8136 4743 2066 7097 3198 4624 7812 3348 4549 7986 4559 3202 4564 662 1679 7098 6001 2133 5964 4799 8017 4792 6006 2137 7059 4794 8221 2215 5986 3595 7203 2018 7212 717 4845 3530 6117 4910 680 4622 3393 616 6210 4943 7404 4829 7091 1107 1101 1072 3862 1105 989 1115 2496 5124 3833 987 1146 4870 4725 5125 3839 8481 3888 632 2584 3487 6166 1086 7507 2611 3966
1812 134 170 6782 3052 5626 5557 5649 3053 1724 1748 4448 252 5713 7908 7955 5769 6831 6907 7876 7982 3205 4500 4534 1775 7976 4483 4537 8009 4546 432 8002 4535 1742 1887 6703 7801 2949 138 3254 1911 4291 1889 5821 6967 3261 4484 479 506 1916 132 5848 6976 3257 511 1943 4399 1908 523 475 458 561 563 1910 1987 8084 4652 5890 3348 4661 1803 3327 7945 1942 8110 2957 2033 4656 4708 2035 5942 3401 2070 8136 565 2077 8107 4771 7097 5982 7058 5989 7101 4792 2136 700 1886 2202 3511 8197 7162 760 2018 3392 3317 8221 3431 8111 746 7217 3425 5973 4912 770 2168 4910 7093 616 3588 3595 4878 7149 6962 6117 5966 4948 3524 2243 4945 520 6101 6235 6209 989 607 2381 3548 3569 7140 4712 637 7153 7404 8458 6262 2489 6323 3827 5125 1086 1105 2505 3862 6347 8466 5169 8481 7188 5170 1169 8502 5199 5151 1196 5083 7507 2584 1201 6422 2649 3966 6387 1300 1301 8590 2712 8645 491 3069 5956
1817 7782 6682 6736 167 4328 2969 210 4308 6813 252 5636 269 3053 211 3071 5526 6831 7917 5607 3138 4463 3150 6730 335 1796 324 138 1742 1594 3176 380 5632 7982 5521 6925 4398 6907 4476 6929 409 1837 316 1670 5790 4534 4528 4526 1863 5804 3206 4447 7991 7983 5769 7936 351 1676 1803 3211 5805 3234 8026 103 6718 8031 2949 6870 2947 458 5649 7801 5772 1882 475 3254 1911 3228 5839 483 3255 5834 6964 3232 485 4291 1784 506 491 5853 3202 3286 4535 1923 4430 5848 515 520 4399 134 1959 3069 5837 1886 3225 4552 5869 1679 5870 3300 6976 7850 8017 4592 5881 5699 4630 333 1827 2979 465 3317 509 4531 8073 5851 7823 6968 1971 1990 197 5884 4633 7033 1987 5819 7016 3246 106 3305 4643 1544 5900 2957 8007 7048 3359 2005 6753 2018 4677 8084 3353 5626 7058 614 602 8039 4708 7064 189 5895 2052 2066 3388 3404 3393 7088 649 6861 3426 2077 8107 8111 3348 215 582 3281 5956 2086 3430 662 3443 573 8009 7084 3391 563 2137 6010 8155 4792 7153 4322 5976 8177 8200 5994 4825 7181 4829 3331 5896 3321 2002 7055 4694 2202 770 7159 3435 6003 3556 5989 4777 3549 3276 3220 6039 4811 3448 7217 8130 3595 6101 2108 4568 4948 2168 827 687 6166 7242 5986 3306 7328 3517 5024 981 3729 2381 1003 727 3658 2398 6082 7404 5110 4675 3818 2262 6210 543 6030 2015 6325 7094 4757 1086 3837 3811 3560 3820 6311 8236 7078 6206 5155 3863 3852 5170 5981 5161 8458 6359 6209 1133 7092 2551 6000 6362 6367 4725 8466 1157 2562 1072 2568 7188 7489 1169 5125 3810 7140 3890 3446 951 2576 5199 5103 1196 2585 8335 1186 1165 2593 7507 7525 5221 6402 2611 1213 2649 956 4775 7552 7300 8580 1300 3992 2710 2750 2754 5525 5766 3381 303 4785 6329 8207 5087 4556 5507 5961
1828 252 197 6831 6782 311 7982 239 4484 4528 8002 122 6956 6962 506 3392 3317 673 4945 614 1003 3393 5106 7507 2624
1829 5557 5523 6682 3011 4328 7850 3040 7877 1671 1647 4309 2977 236 6813 252 6824 3065 5707 1750 1768 311 5572 3168 353 99 4500 7978 6920 4529 2949 1843 1742 3222 4552 455 4534 5809 8027 506 5848 5674 3034 6767 211 1901 475 5689 4566 5654 530 5853 5798 1906 3317 3314 1610 556 7022 5795 1918 1803 566 4330 509 565 4601 5880 608 3353 582 7033 558 3035 602 8107 5903 4673 8110 4667 618 3348 2078 3392 594 7058 3347 7064 4743 642 3404 4724 2082 670 571 2162 7130 4862 8220 2223 4792 666 769 3571 3593 4904 3630 3486 3430 6157 7152 8236 2215 873 2182 4795 8313 7213 7328 4943 2373 4996 1003 3379 6249 696 489 8199 6262 2131 2137 4581 6003 4710 2490 5060 6281 2492 2428 5130 5106 3854 6324 8436 1106 2521 8475 2525 6353 2441 2424 6316 7446 2548 3885 6362 1154 8500 1151 5179 3847 2535 1146 632 5124 3859 8502 2563 1175 2562 8484 3912 4794 2572 5206 1168 7494 1165 1186 5001 6390 5211 5232 3962 1212 3896 1300 4001 1310 7590 8590 6474 2754 4104 4135 2750 2576 1301 5364 1193 7066 576 3865 7023 6329 3228 6101 3440 2712 5087 5356 3900
1839 138 5570 170 7790 6771 6782 6790 5626 211 6813 197 7926 6831 103 4317 148 5613 1587 3071 7850 4463 5693 1784 3138 7955 335 7982 1846 417 1778 1812 369 5769 6943 7945 2947 1878 3206 5634 2949 5821 1748 454 6945 1843 6718 5839 455 3276 2979 4568 6947 1562 5759 1775 5795 1857 1840 6981 351 1923 506 493 3280 5699 7999 6979 1583 3295 1742 520 1943 453 5870 4448 1670 5636 8031 1947 1886 1953 3300 522 581 1987 8090 3319 3371 3376 3373 1916 635 8116 3404 1990 5896 1972 3426 2077 616 3305 631 8129 7058 4743 3317 3392 3419 607 5970 5943 8144 3440 7074 4708 1803 585 8084 4771 673 5989 3435 613 3259 5914 8089 2014 7108 4715 8110 6006 4678 4785 5936 6001 8174 3391 3463 3413 4792 4811 5986 7181 3549 511 6012 3587 7159 7205 801 5966 565 6180 4945 717 8221 3529 718 6117 931 6206 7023 8335 7101 7151 2364 3626 4948 8238 3593 4865 1003 7279 6066 5001 8412 4943 2414 6101 760 2047 4829 2117 3811 1072 6209 1105 3837 6113 3425 3379 5125 2513 1113 8466 1115 3862 2202 5124 2521 5161 5106 8481 1119 2534 1096 5181 1146 3548 7480 1101 7404 3890 3853 1126 8503 7490 5199 5205 2580 951 2581 2573 1165 7507 6390 3933 1213 8502 1169 3916 2553 1157 7489 6402 2754 7552 4061 3646 2624 6796 7983
1840 6718 4291 7818 4328 182 6771 3033 4351 228 236 6796 5632 3052 5551 4271 2976 220 4330 5540 1689 1748 1745 3138 6777 303 3122 3053 1784 312 4466 4448 3150 1576 7955 6884 6885 1768 7882 360 198 5755 353 1744 3176 7982 6921 1827 3071 7907 1738 1675 6922 1836 1850 4508 1556 223 5557 7981 6943 3211 5706 6869 6878 1867 106 1770 5769 1851 6909 213 411 189 5727 4534 4442 7908 4430 243 4525 380 7903 437 1812 4528 6936 245 8012 3198 3222 168 459 3234 3241 456 8025 6711 386 3254 7985 1858 466 6966 1666 5809 381 3219 3255 8034 1911 483 5837 4584 5803 7991 8002 1923 4483 3233 1879 252 489 1742 3282 1892 122 5520 3066 1568 2940 5549 7812 4399 1957 4581 8019 520 3299 1912 1610 541 2949 529 7017 1937 1943 1886 5529 7014 5830 546 554 1971 7008 3317 1964 572 3329 509 4651 6956 5848 1972 4549 3240 425 4484 5890 1916 1997 197 5534 5843 4663 4672 4317 1970 5772 472 4637 518 7983 3348 586 600 544 608 3325 1946 8090 5804 2029 3359 4559 3393 1775 4693 1898 1908 591 601 8107 3383 2045 3300 7011 625 613 649 3426 5952 581 8097 5914 5923 615 5933 635 592 605 3427 7097 3355 8101 1959 8111 8145 2036 3030 3377 2014 646 3419 2035 609 5929 2086 8129 3465 5991 3449 2131 4767 8155 1944 3451 5870 7066 7082 7084 5999 3391 5881 1965 4688 639 3260 491 503 4780 6032 7183 3482 714 7155 657 759 3432 576 6055 663 5607 4837 7164 7149 5839 8226 6058 3446 7205 2162 4776 7172 3305 3429 7176 801 7217 8224 8200 6113 769 666 8249 8221 3319 2234 3276 8146 3435 705 2275 6007 8252 2276 4795 7165 3560 3595 3514 6150 3476 867 8223 2281 680 6989 4939 3593 6961 6166 2154 3370 7059 3541 3572 873 458 8211 8321 4673 876 931 7300 8165 8305 3665 5986 7242 7320 900 8322 943 7212 1988 3626 4825 2328 971 8360 5022 3729 3379 968 4943 5038 5891 699 7408 3787 983 6067 5075 7039 2137 3818 5126 7037 2070 7455 2424 3238 1053 661 5060 1087 3811 6954 7438 2215 1082 5901 2496 2489 3524 2373 6329 5103 7402 2486 5138 7447 4997 5145 3833 3814 2445 4945 3837 6334 5996 6265 5148 2520 7437 2509 3295 3378 2483 3841 3321 2517 6066 2521 2513 1111 2398 3728 1112 1115 5146 8381 8335 7018 3862 8481 5159 6336 5161 2088 3589 8466 4867 4704 3819 3684 6341 2544 5178 5173 1146 5179 5180 6359 3879 6367 5190 963 2559 3890 2562 3896 3902 1170 5183 2553 8498 8500 2555 2125 1132 3887 688 3487 8501 8506 2572 3912 4725 7490 2341 1072 7107 1181 1129 3901 5169 8236 6360 3910 1184 3915 5189 3911 3839 6382 5124 1165 8227 6281 951 5192 2579 2581 2580 2583 1174 5961 1194 1186 3930 7491 1086 2606 2611 3966 2649 1221 1258 1218 981 8478 8580 5007 6511 7599 2750 5315 2724 1301 1344 1300 8645 1262 1273 2674 4135 5356 1155 3850 493 5970 431 829 4556 3483 4622 6082 2441 2238 5759 3035 2996 3045 2066 6703
1844 1608 2980 3052 4278 1702 3053 5649 4291 6779 197 252 7782 303 4463 6730 6723 1562 7926 7838 1670 324 3138 213 103 120 236 4476 1689 1775 4448 1594 7955 132 134 5632 1768 6831 4500 1784 1742 1778 6907 380 5759 7976 6909 1744 7945 122 7982 6929 3198 265 3205 4528 1846 1836 7999 5805 4535 5704 3202 5821 6682 3234 1887 4351 5819 198 1771 7983 3253 6703 2959 138 4311 5572 5613 425 3062 145 6884 3252 458 6790 7812 5831 170 1878 376 1830 5557 1812 3254 8031 3251 5834 5837 480 2957 483 1909 8016 5545 1900 4573 2992 220 1901 101 4563 3255 5762 121 5798 8049 269 6720 280 3232 5839 6968 4531 4592 6979 475 506 485 3228 8036 1923 5848 1886 1943 520 351 6964 3300 528 1959 3257 4611 1947 1919 453 486 432 5820 5879 7801 7023 5790 493 4622 4651 3237 8002 5890 7033 5881 4666 1999 1803 4536 1898 571 4661 6716 3349 3071 581 4330 4647 7045 4571 3353 558 3359 5902 3328 3303 3365 1916 1837 3213 4526 2029 417 3391 4708 2033 1545 8107 602 613 3340 7850 3404 2077 3317 2066 454 7097 5968 2070 4677 4696 450 2014 7101 5956 4771 5985 3465 455 4534 8136 2136 635 5699 6001 7084 2117 715 3498 8163 5989 4811 2175 7181 2089 6066 7193 2202 6072 7176 7217 3431 7205 484 2111 4845 3595 4912 6101 2281 6082 8017 7016 4948 6180 6161 3392 3446 3572 3401 3646 8101 848 931 4878 4910 4775 7328 3709 7188 7356 8439 717 7374 8341 5087 6306 2489 4945 6962 5125 1086 5895 3853 8458 5178 8466 2373 5179 1146 4870 2569 2572 3916 6235 7507 1213 2624 8576 4001 1301 1344 8645 2754 8640 1166 3966 4483 6711
1845 3053 252 6831 3168 122 4534 5557 8002 1916 511 491 1547 6962 1742 4589 423 503 5869 4610 527 1914 3296 7033 5804 417 8116 3392 609 5942 8136 4535 3313 3317 541 7009 1937 5890 5982 8139 4771 3348 3439 2136 5986 3448 6013 5989 2173 8179 3410 746 2236 5892 3479 3553 3543 835 6117 873 3561 2215 3595 4992 616 7188 5007 2441 5083 2373 3818 5125 1086 7458 2538 4778 8335 6315 2496 8484 1160 8105 6360 1301 2504 2712 5315 8640
1852 7852 1662 5626 7870 6831 7882 4466 6869 4528 1778 1742 8002 6946 369 425 3234 3214 1879 6943 3053 252 432 7800 6718 3254 7818 168 6752 7813 6962 4546 490 1892 5720 506 3280 4563 3287 5798 491 511 8048 1873 235 4610 7871 7017 1916 7023 5805 5884 523 8073 8077 2005 1965 8060 2099 650 2136 7084 3405 6010 2028 3498 8144 3378 636 4768 635 7093 6072 5936 6004 3392 8245 4959 2158 3609 5960 6235 3686 873 4851 939 2381 7094 3833 3862 6347 989 6306 5169 7037 6359 1160 1072 3597 8501 3911 696 2573 8515 7497 2154 2585 5221 8576 3966 5142 8580 7572 7468 2708 1301 4061 8645 7409
1859 138 6748 2995 1612 7863 3033 3062 6782 3036 6824 5686 152 3112 2977 288 7839 4463 4476 6703 7785 5519 1547 1544 1811 4484 6907 5741 7882 4351 7976 7980 3065 387 134 7982 3122 4439 7981 4525 368 7936 1754 6936 211 4520 246 4533 5541 5706 2969 3190 3214 4542 114 316 3220 1830 1867 5769 443 5812 6954 5831 4543 3182 351 5795 269 5819 3255 3254 5803 4571 386 4559 4319 1558 7883 1647 1863 3264 3053 8009 255 1907 4563 3232 7995 5798 6945 6930 3259 4592 5674 3287 1937 6942 1670 4595 7908 484 6989 476 6995 460 541 1583 5869 1902 1957 111 4304 527 3240 1942 4556 458 3290 7017 8076 4637 5721 5766 6932 4624 7022 556 1967 7024 3313 5865 479 4633 4666 4661 581 4632 8060 6856 6831 2013 7048 4587 5839 582 500 4629 189 522 3371 3331 7058 608 2035 5913 611 5885 8085 4667 3357 2029 4703 8112 7032 4490 3400 602 3306 5942 4695 625 2065 4723 8083 5944 2077 5952 605 3401 5959 7087 3387 2076 3416 649 2089 3327 4710 4755 8039 4641 4741 623 3426 3440 4767 7020 670 7074 7838 7097 5982 4771 3465 3405 610 7122 4689 5804 8171 2117 2131 4725 576 5832 2137 5989 8086 2111 6028 4736 3350 486 8106 3451 8200 5699 2118 4715 558 7181 7193 770 5901 4653 756 2070 3549 5770 4727 4673 797 7205 8221 8130 7217 3587 8169 2136 7107 5996 4912 6007 4779 7172 566 4948 3391 594 7093 662 4797 3609 5986 2033 900 6206 8233 335 3530 933 3686 5705 4956 1910 8360 5024 5981 785 3321 8223 983 946 4943 814 3495 6066 7212 2152 7162 663 7312 8442 6030 3253 2001 5911 3773 6003 5994 2154 6191 4757 3378 724 6313 8160 2236 1067 5081 6334 3847 3775 5088 4794 8434 2483 3820 3819 4704 705 2492 2052 3837 3811 2518 1082 2364 3843 8466 5964 5153 6347 5936 2536 6349 5166 5178 7471 7447 2491 4867 2066 2551 4845 6367 8499 1129 2553 3891 3897 1160 8500 1133 3597 2135 1166 5197 3646 1174 3888 5199 8506 6374 3901 2558 1177 1186 1105 1154 3856 3913 2584 5213 2586 1169 8501 6399 5144 6390 1204 5185 1218 5220 7525 1221 7543 3966 5255 6441 4001 1300 6448 8492 6474 1304 8314 1314 3853 4825 5221 7599 2722 6511 4061 1344 2754 1361 4095 4104 2782 5125 1050 3295 5720 1822 198 7094 3873 2482 626 4622 4279 3483 2424 8481 4677 2563 7128 297 3052 6716 7790 3461 7082
1863 7818 5557 4483 4534 7782 8002 6782 491 6989 4399 252 122 1742 6831 7193 5125 1086 7507
1864 6831 4463 1738 7813 7978 7976 380 7981 4508 3213 7999 6943 4549 1863 4569 6962 483 4407 6711 1916 506 6782 4607 7882 1873 6736 4609 4643 1959 573 4615 2944 504 520 7785 4663 5523 8019 528 5921 6976 8107 607 5835 4708 7058 369 6990 4653 4743 3404 4568 1771 2164 2137 297 3529 3206 2052 6006 6101 3549 4862 3378 7217 2104 7328 7356 6166 3595 3246 968 8245 5834 475 2175 1892 6048 2170 645 2364 3811 1886 5087 7032 5060 8463 1092 7437 7392 8466 2521 4652 2033 2066 680 8335 3827 1101 1146 6117 8503 8502 8481 3888 1169 2580 2584 6387 1191 634 7507 1218 2573 5124 753 6402 1258 3893 2624 2649 4001 7572 8590 2750 4061 2754 8645 8345 565 6799 503 8009 480 2002 4545 458
1868 6782 6881 6831 170 4546 1742 8084 3278 7059 3317 3392 4569 7212 4483 2236 252 2441 5114 6210 1086 7507 956 122 491
1869 1608 134 148 2979 4283 1571 4281 7823 1629 6755 2957 5626 5613 7870 4309 7837 6813 3064 5654 3052 6790 6730 120 5607 6779 2976 6782 6744 235 1695 6824 1738 1748 239 4437 198 324 7908 3044 5576 4466 4465 6868 6884 4483 5742 7955 3154 259 5557 4430 4322 5743 6907 4448 2970 138 4439 1786 7838 1689 1830 7980 1837 3030 1850 3202 1846 1771 3182 4526 423 1778 437 265 3208 5759 432 4351 3221 1614 8016 5809 3050 4548 3237 4546 3069 5693 4484 4536 3220 435 4528 6929 3249 373 414 8025 303 3211 5795 4544 5799 5649 6711 1911 455 1907 3231 1917 1676 5634 4587 8009 5769 1923 489 502 5572 1901 472 7986 3292 4399 6922 3296 511 8057 1873 6879 465 5851 333 5869 1886 420 4622 6964 493 547 1803 5534 6693 3317 409 3073 4597 7023 7019 4609 1997 8064 6946 500 490 5543 581 3336 6937 4585 5797 6831 316 6981 5820 4661 5805 5879 8090 5906 8073 4643 505 3330 404 5753 1658 4606 524 564 7020 8078 1742 1827 7055 2020 2035 5868 1943 4708 7048 3318 3325 6793 3417 5939 2065 605 2078 3404 4693 7088 6956 7097 607 5969 4758 7999 1933 5974 602 4741 2018 4771 1898 5956 491 5991 649 6001 3429 7812 7127 2137 7813 6968 7108 8120 122 252 2157 665 4637 4799 4743 699 503 8017 5721 6048 3425 1593 4829 4809 3491 7193 3514 5893 563 1904 3549 8005 6032 5989 6003 2234 2113 6013 5995 801 6869 7162 7230 4768 464 2265 8236 4639 4560 2005 3418 1869 2262 558 5901 8177 3259 7172 3410 2166 3460 5993 4945 8165 4825 4677 618 6166 5900 4712 670 3387 8130 3588 2331 4716 6171 1825 6206 2175 8199 3561 4545 2208 7025 2238 787 7029 8355 7328 4793 7264 4664 965 2066 3709 3449 7078 8266 3293 626 6240 4963 7030 7365 8221 4623 3752 3548 6262 2158 7345 3783 3777 3754 7091 2358 2474 7356 5087 5114 1028 6185 1074 5821 2117 1010 2373 6310 6315 5848 7454 5854 568 1092 6325 643 5088 6049 1086 1987 3820 3432 2362 7093 4867 3448 3435 6316 3839 3276 3832 2510 3443 705 8106 6294 1083 3862 5954 5145 2505 1130 3589 8299 1020 5161 3865 3819 5170 6332 5125 780 1053 3853 5086 4725 6359 2061 1144 6117 2551 1135 8474 5186 8458 1119 6367 3899 3875 3888 3895 3896 2562 5192 7158 8501 2521 1067 6369 3901 1169 1115 2572 5204 7453 714 867 5001 2580 1192 1184 7494 6235 1196 1186 1182 2584 5211 7497 8492 7507 963 3933 6402 1213 2626 2649 2624 2671 1262 5298 6511 8640 8645 4071 4095 5364 2782 4135 7036 2959 7785 3530 7803 7801 421 1558 7807 2950 6680 4610 1567 1544 3035 1910 2940 450
1870 6730 4288 134 2947 1583 5557 122 145 252 6711 3098 5649 3052 7782 1738 4447 1748 4430 1676 5659 1812 6793 7976 3176 7908 7982 6921 4448 1771 7936 3205 409 3198 3088 6884 6878 1850 6718 3213 6929 8002 7991 4529 1863 8027 1867 4546 458 4560 430 351 3246 5790 5803 7801 506 4399 1646 6679 3053 5848 6782 5837 1913 4605 425 3294 520 5851 3228 542 7882 489 1878 7014 5853 5523 7934 3211 5869 4600 5766 523 6979 7983 6962 496 486 4483 476 3300 4622 8084 491 7023 1911 571 509 563 5870 475 5899 2002 7033 4666 1901 6831 3340 1974 585 3348 3353 602 483 3381 549 7058 4607 3361 3365 605 2066 7074 7097 3416 1932 8136 3328 3425 582 6957 2109 2077 8145 535 6939 3376 4534 3481 4799 8177 7086 649 4792 4829 1768 7184 659 3511 3444 4797 4673 5895 4708 6001 8005 756 2175 770 8233 3549 7140 7205 4545 5834 3440 3392 8207 3595 7217 3543 4811 455 7164 727 4878 3587 7240 873 965 5024 931 5020 5900 7328 4948 3646 421 3373 7213 1003 7094 6206 7290 4743 3626 5989 987 8275 3305 485 3597 4777 829 4549 3560 2414 6305 3378 680 2489 8146 7151 7153 2419 8458 4770 2373 5106 1943 1072 3524 5142 1105 3529 8474 3820 5125 3839 2521 1081 1125 3833 5161 6066 5170 3589 7437 2572 7507 6235 951 3888 6402 4912 5204 3916 3966 1218 6387 7572 1300 2611 8590 2553 3915 2624 6474 2568 6374 3859 3933 4870 2750 4061 2754 5173 3858 3885 4135 2243 1778 8144 581 1141 4652
1872 7800 6688 170 6679 4271 7883 2944 7821 114 5527 4275 1568 7894 4292 2959 5519 246 2949 239 1675 2940 6682 1541 2963 4311 6796 1629 6790 3045 1583 138 85 3064 4318 6819 182 6836 3090 116 4370 2979 4317 7785 4430 1586 3065 6784 321 252 7908 2947 6703 6736 6718 3092 6831 122 347 1562 1812 7955 4448 3154 134 324 5791 3205 5557 417 5634 1775 1744 1742 4537 421 1867 4534 4483 5798 6962 5769 4535 5848 3253 1916 4399 8002 1771 491 3292 3317 1830 4560 7036 551 5859 8084 4661 7054 4673 610 3416 5966 6716 1646 6782 5626 8236 3664 874 933 936 8314 2252 2373 6207 8335 6323 5150 3843 6329 1112 3862 1114 2549 1146 5169 6344 1086 2572 3875 6235 7507 2573 1212 1094 1181 5141 1213 2649 8576 8580 2539 7572 6474 7489 4945 2562 5125
1877 6782 6813 1748 6831 1745 122 4534 4537 5772 8049 491 252 506 4483 1784 4399 5879 1916 3317 1866 3348 3392 2109 2137 4767 8017 5869 5770 7328 2364 3787 2490 1086 5125 2572 6235 7507 2649 2672 7572 3992
1885 6718 170 4328 5519 7782 1637 6771 6784 6776 1616 3045 138 3023 6793 6819 312 324 6831 1771 1812 5713 4286 1568 1578 2963 7813 2990 116 145 1610 7818 2957 6907 213 4504 4480 351 7976 1594 120 7970 4508 3050 7980 7982 3053 1836 6909 134 1837 5541 4529 7804 1679 7917 4520 1742 7896 4526 7934 5799 1748 113 1851 425 4542 5795 5804 6711 1867 3206 6929 8026 1887 1878 8029 5649 1890 6958 6968 4589 1768 473 1866 5839 483 3271 6980 5841 8042 459 3241 168 3052 5607 2947 4351 5636 7785 5634 1923 3062 453 348 4274 3071 5809 6790 491 2993 1545 3098 506 343 5526 417 4549 207 1886 466 1677 1671 1612 4469 8003 8002 5853 3293 5626 4399 534 245 469 530 1932 7017 3033 5862 7014 523 3311 5869 8077 3317 7019 1916 6964 3228 1959 4641 5888 197 4649 574 1985 7995 5534 5884 7036 3327 1938 8053 5843 4640 5895 6818 4666 522 8073 1960 581 7033 3359 3290 558 2020 3348 4697 4610 605 3342 8031 3392 3387 5938 7058 3350 2070 4677 638 636 7059 7082 7088 2018 4738 3378 5832 5956 4700 3390 8145 5970 666 4624 5900 3425 2073 8111 3305 3319 607 8116 2104 4771 5964 2119 6003 576 2139 2137 595 8166 2096 2136 5993 8017 6013 3498 6962 455 705 1646 4837 6066 8179 7217 2154 7128 7233 2275 5966 2017 3603 8217 6113 7230 4910 2169 4866 827 4959 3637 2260 2292 4865 6162 4735 5024 4943 7174 3560 3601 3666 3729 7404 5087 8450 2117 8458 2483 1048 6294 5103 6305 1087 6265 1092 1083 2487 6210 3820 8451 1107 3461 616 5124 3487 3853 7449 1128 3862 1130 1126 3839 6338 2521 2513 2238 7479 3548 7471 4997 7478 5169 6206 7290 6359 780 6362 6314 2168 3888 5185 2207 2443 7162 8500 4725 8501 3810 3875 7057 7480 5197 1169 5935 7061 8299 2243 8503 3863 1177 5199 1184 3916 6235 7499 7500 5205 1114 1186 2573 7497 1201 7507 1196 7091 6422 3893 6387 3966 8576 1213 3524 1193 4001 5221 7572 4953 1300 7491 5232 1301 2724 8640 6374 1086 6539 1904 7877 1881 7092 1146 4533
1889 148 5557 5613 5551 6782 3053 252 3098 1771 1784 7955 4483 6907 5727 7998 8002 431 1742 6831 1889 3258 6681 5504 1890 500 5822 1923 1943 1916 4484 572 586 4683 585 2051 625 2057 7088 3426 4771 8017 3296 3549 933 4945 5125 3839 1086 8335 6359 5181 2560 6235 7507 2590 2630 4135 5880
1892 6711 5557 170 138 134 4370 228 5613 6782 6790 239 3053 3062 4309 5607 6813 211 221 252 197 1748 210 3112 6779 4448 255 3138 1610 132 7936 1768 1744 7976 4500 1745 6909 6724 4480 7982 1670 6937 1850 6921 418 3213 4542 1846 4483 8002 442 3092 1863 4534 5818 2949 1629 4328 2979 1583 6680 7802 8043 6703 1911 4559 2963 5837 7782 5831 2980 6688 3271 2944 5848 461 509 511 4399 6990 1912 4319 5839 4558 5541 552 5888 4639 8077 4633 1898 8053 8089 3276 465 4685 1916 6954 6976 571 3286 3378 1849 3329 2039 3365 3255 3304 433 4715 333 1830 3376 4624 3422 4710 7999 5920 421 3425 5758 8149 8141 7986 3388 3449 3443 8163 3446 5914 3340 7084 3485 2094 714 700 2117 3325 3451 430 7183 3416 2126 2133 6930 756 6015 735 4724 566 6752 6006 7028 3514 4322 5996 602 2202 2077 3321 3440 7203 6055 2223 3460 4673 2199 699 5943 8197 6058 6113 4829 3392 2256 1910 2236 476 7176 2136 5870 677 5804 3513 2018 5769 6013 4778 6082 746 616 4675 8245 8221 6067 5993 7217 1836 8084 2139 7153 6166 3524 2298 1742 4712 841 2292 3259 3391 7140 7059 8223 7212 6185 873 6831 572 6117 4959 874 7242 3430 2192 5990 6012 8017 4895 2038 522 5843 7122 6929 5803 5867 7174 8236 631 2193 4652 4943 8355 8199 2364 5024 7300 3709 7279 5032 5007 989 8412 4955 1959 6262 3728 3765 5935 6210 1048 3787 3684 2489 5115 3811 913 6315 1988 632 5088 2496 718 7450 6322 5103 3597 6323 5964 7094 1053 8463 1082 5106 3837 2474 3832 6281 8153 1105 2485 1101 3820 2509 3463 3827 6306 3839 6329 7442 8474 5154 2424 1111 6311 2243 3850 6332 5125 5155 5081 8481 3862 3847 6345 2486 3367 8436 8434 974 4725 3859 5170 2534 8335 5169 5166 5173 2541 2151 6359 7026 7478 3858 5181 1146 5961 7468 3879 1100 1151 1154 7484 1155 1129 6363 5183 4704 3491 6367 1147 8500 2562 7188 3885 4912 3911 6374 1181 7480 5197 3913 3915 3901 1169 2576 5199 2581 3916 1057 8314 7497 1184 1182 6390 1196 7460 5206 6271 4794 5001 5205 5212 8515 5211 1186 1201 3933 2586 2573 2580 7091 1094 5220 1221 2606 2611 1213 3962 3955 3966 1218 6422 1270 6441 7552 2504 2649 1273 2490 3818 8580 4001 7572 4013 2670 1193 5298 1301 3992 1310 1262 2709 4061 6511 2750 2712 2754 2687 8640 5356 7599 4135 5087 1594 6961 2445 4330 2015 5110 8381 7342 8492 1951 6101 7149 85 1562 3479 1545 4775 6337 659 2947
1894 138 6736 1646 6790 4401 5649 7852 6813 5636 3050 252 3053 4448 4330 4476 4490 1768 324 1812 7908 1742 7982 6920 7981 1850 5769 145 6831 7991 1778 3205 411 421 8002 1846 1830 5790 8023 7812 1562 170 2949 7801 6703 3254 134 6964 1911 1748 5795 491 8020 4399 3069 1886 1887 5848 506 1943 511 4623 5804 476 490 7014 197 523 417 1916 572 1971 6961 522 1959 3198 2002 4661 6968 4528 4535 582 6962 4484 3305 4708 8110 1933 607 3401 3373 635 3391 4702 8136 1784 3392 4534 4792 2168 708 5973 6006 4811 7059 756 616 3370 8217 2139 7140 455 3377 4865 8084 8245 717 2137 3595 2281 8221 5900 4743 3348 2364 7328 5772 4943 3684 3524 8275 5989 841 6206 6210 760 8017 7153 3818 6101 1072 4704 3487 2111 3295 2416 2035 3837 8466 8481 5161 3862 8335 3872 1106 3594 2015 1151 2562 7490 7188 6158 2572 3913 7492 1186 4829 3911 5199 1184 1201 6396 1218 2626 3893 8478 2649 6422 1213 956 7572 4001 1086 2710 1336 4061 2754 2670 5896 4537 6909
1900 3021 170 5572 5557 4311 3092 6831 1748 2995 4460 7908 6881 337 7955 4483 6907 7976 1812 1843 8002 3069 421 3050 6946 4534 5790 5541 94 2949 6703 7785 1889 5812 5819 5844 3257 7983 511 506 3296 4399 5851 491 1916 3246 8017 551 4651 568 4672 3267 586 5543 5534 8107 5902 422 1996 5936 2029 4738 7097 3440 1919 5927 455 4771 5923 2111 2122 724 6003 3519 7184 7193 2168 6066 3392 7230 3591 4594 663 4943 5966 3317 931 5737 496 8355 6206 4997 965 7279 4870 6255 1003 8439 2373 7059 7430 2499 733 5895 3862 2089 5161 2535 6359 3425 5115 1145 2562 1154 8466 3861 3916 1177 7499 6386 1191 3930 7525 2626 2649 6422 7107 1273 8580 4001 7572 1262 6511 4061 8640 8645 4071 2768 3295 2419
1902 4317 1587 4283 6744 170 137 167 3030 6767 6776 3033 200 4401 5654 1671 3045 1669 6796 4407 7904 4442 7870 252 6831 5713 4463 288 3064 2980 324 4439 6755 215 152 3088 7936 188 6868 3150 346 343 353 6784 7945 4400 4373 7837 316 1735 213 1744 5755 3168 3123 373 1618 6893 5727 3187 5623 7980 6920 1664 5704 1770 1689 3062 228 4529 7922 4534 5806 1547 7852 5519 7785 2979 1562 85 8049 479 1586 2947 6932 1860 4328 491 5551 8054 7981 6698 5553 1900 7831 4288 5527 503 4560 2995 269 313 1873 4543 3271 1856 8020 6918 4607 4546 6995 1918 1906 7927 3225 4594 1742 4637 3317 5866 5799 1962 5937 2066 618 7017 1886 1916 2123 515 1944 7001 7159 8174 7140 8155 4708 4806 3658 1045 4870 827 2238 6305 5125 5106 8463 4945 6209 1057 6037 2292 3813 4939 5145 3862 2373 8335 2483 3839 1129 3897 3859 8503 1169 2576 5199 2581 6235 5007 1186 5001 7491 2573 3933 7507 1213 3966 3837 2649 4001 8590 4912 2750 4061 2754 8645 5356 2624 4500 1544
1903 4483 252 4534 8002 6831 122 506 1930 1916 1742 3392 6962 491 3317 6072 8223 4945 8321 2373 5125 2513 8335 1086 6235 7507 2754 3154
1910 5557 6782 6784 252 4483 6920 7807 4317 5713 6947 6705 6878 6826 5678 1858 7831 3187 316 168 1670 444 4275 122 8064 3317 1742 197 8084 522 7033 3392 635 2123 2133 7222 3365 965 827 981 2373 1881 2358 8321 1086 5125 6235
1913 2992 134 113 7801 2969 6730 1586 1562 6748 3009 170 7782 138 4318 200 4362 7775 5613 176 3036 4374 1628 3033 4391 7852 114 3064 7894 6790 6782 198 1658 2967 4407 252 6799 281 6711 4373 5741 6893 5755 1647 4500 6907 211 7934 332 3154 1825 1578 7982 4528 4447 6771 5706 4534 3069 8002 442 4483 4343 4351 107 5570 85 8008 2976 2949 3250 1897 439 7818 5798 1887 5809 6716 243 1587 1911 1558 1598 7791 7796 8043 1547 3271 491 6962 3317 1974 567 5861 8093 552 7033 531 3219 545 2051 607 2087 760 785 6235 5110 1038 5125 4945 8335 7484 2750
1916 1562 1576 167 5580 3011 6703 114 5557 4311 7823 6753 6784 3034 5570 1697 1676 1710 6782 4398 6793 4463 4442 5649 1738 3053 6789 3071 7908 5693 335 1804 236 3168 3173 6922 2970 122 4508 213 4504 7936 8002 252 1827 3211 5769 1840 3050 5790 430 3234 198 4558 5799 5795 444 4569 4559 1629 7801 1608 5525 85 148 170 5519 1612 1558 1586 6682 2979 2949 4319 4291 4309 116 7785 134 4275 477 4274 1901 480 4296 5824 4568 6979 484 2959 7813 6976 5859 5805 4609 3299 5869 3294 5851 1937 3290 555 6959 3317 509 4563 8065 2035 3269 8136 3524 5989 730 4963 3686 2373 1105 3862 1086 3839 8466 5125 3911 1218 2626 2709 2710 2606 4135 8590 1310 1213 3928 1301 1850 6511 769 3238 3287 2963 7803 1594
1920 7970 369 4534 1869 4463 1894 7976 6945 5851 3392 5942 2079 505 8106 8163 8177 3264 3587 3259 6856 4895 5986 736 3683 3748 8329 1031 814 3783 3529 5873 1092 5125 3405 1086 5082 5989 8502 6511 6158 4592
1921 122 6730 1562 138 134 6782 1646 3053 252 5634 6831 7908 3138 1784 4483 7976 7785 4500 1742 6682 1843 4484 4534 417 4535 351 7991 3198 3234 5821 3236 298 5831 8002 7903 6962 3258 1911 4563 420 3278 506 5848 491 5795 7983 4399 1957 6976 523 489 6711 4640 5534 493 7033 602 2031 625 3404 2033 3401 613 2035 168 3393 2085 8135 3425 5956 8145 3317 2111 6006 2137 8157 5869 2121 4743 3524 3448 8233 2099 8252 6117 8321 3595 3626 931 2364 5007 2358 5024 3373 3378 2373 4870 8458 4865 1092 4910 5125 4704 3295 1086 8335 2471 1109 1146 5186 6367 7016 5161 3901 2572 1181 951 2584 6390 7507 1186 3962 1213 6441 5255 4001 7572 6539
1922 5557 1701 5526 5529 5543 7998 4534 4537 5795 3212 1775 425 122 3053 6782 1916 491 4607 3296 5859 3317 3281 4708 3392 5989 2108 4732 4862 4741 4865 4399 2341 8216 8335 4845 5087 8466 1086 8434 7404 5125 7458 3837 6306 1126 5145 7507 2649 2750 2754
1923 1616 4309 2996 6744 3030 2993 215 3037 1647 1676 6796 5534 5632 6813 1738 4442 7922 6819 4448 1618 2949 5607 108 5634 1744 7941 324 4476 7945 7936 3122 3150 1775 5693 1558 152 7898 343 4340 1843 4529 7980 5533 1646 4500 4407 213 1850 313 3212 418 3073 235 8023 7976 3234 456 6929 6755 4528 5769 6969 168 2976 1742 4586 491 3261 469 3259 506 3296 1937 4399 148 6939 145 5519 4274 520 1923 531 3317 6718 522 7022 4639 4661 6831 4281 3353 3348 585 3327 4637 3369 8110 3239 2033 571 7034 4755 3326 2111 7083 6004 6030 6028 8236 3479 3597 2198 7212 7130 2281 7213 4943 7217 848 6158 2137 2136 7328 547 7342 2373 475 582 7313 8314 4785 8442 8199 7151 5103 3551 7468 6332 5170 5161 2495 3788 8450 4704 3879 5169 3853 6341 8496 1172 8345 2521 3897 2562 7489 7500 8515 7507 5221 7552 2649 3966 1193 3837 3865 1206 2687 2672 2624
1927 4399 4483 1742 1846 7801 8002 5795 4534 7976 3050 1911 122 6782 5772 491 3295 3317 414 3392 8136 8084 1916 2133 616 5626 3595 6117 1105 3839 5145 2168 3862 1086 8335 1184 6235 7507 2754 5966
1936 4483 1742 8084 2373 6962 8335 7507 1086 6235 3392 252 491 8002 1916 122 5125 2137 4534 3317 8221 6831
1938 4319 122 148 2990 1646 3011 4362 7871 5626 5654 7893 200 292 281 6884 4483 4296 7986 4525 6946 1856 3150 3069 4520 442 5769 4549 5737 138 430 6967 1676 5634 4592 8054 2947 511 1892 493 1957 5869 1610 3318 5839 529 7801 6878 6975 505 4292 535 5534 577 1547 3359 6831 3317 1545 5914 4594 5870 574 5896 2029 2057 482 103 632 3410 7088 5968 3365 7058 4626 561 604 486 7184 3514 2154 4862 769 2223 4768 3549 5994 7230 2002 3373 6101 3431 2124 4945 931 3658 4545 3709 3736 6249 2418 7212 6011 6055 3729 3276 7437 3378 8335 1020 3819 2414 8397 3871 2055 1146 1145 8503 1184 6235 2583 1115 7507 3966 6422 1085 2624 6341 1310 2687 4104 5936 7055 4596 4681 4322 5847 7153 485 3258 6907
1942 7823 116 4309 1664 4370 7876 3040 200 7882 7917 3098 1738 4463 170 5713 288 5607 3033 7894 2949 3112 138 1724 259 4465 3030 94 101 5711 1658 7883 134 4442 5557 316 122 6831 252 7801 7978 5755 1598 2944 6904 7785 6782 4483 8026 4300 6962 3122 6937 3287 491 4581 113 6757 4587 5802 3302 531 5867 5576 3317 7983 552 3327 5884 6995 7028 591 4622 3353 4688 1928 1958 4534 7094 3404 5969 8007 1916 8015 2037 3435 4845 6032 7117 5956 3439 798 7212 3556 826 7220 2243 7188 6206 2373 3618 6066 2381 1045 8094 6294 3810 2496 3839 1105 3321 1086 3854 2252 7404 3843 2416 5155 2486 3393 3589 2238 2541 6359 5124 5144 1135 6367 1019 4743 5125 1078 3530 595 8458 2038 5949 1102 4697 8481 8500 5189 3845 3896 717 2488 8498 6049 5169 1169 3886 3911 8503 2362 7149 5970 6235 3915 1186 2584 2585 6390 6387 3928 7507 6402 3893 6422 1213 2649 3962 7552 2669 4001 1262 8590 2568 2687 1301 2724 7594 2579 1336 5315 2750 1344 4061 8640 5341 1361 8505 2580 454
1952 4317 7850 5534 5572 1679 200 4370 7871 5613 4328 5636 1710 5654 6796 4398 1738 4442 3098 1695 3034 113 7785 122 5557 7936 346 6703 6819 5741 1812 5549 1576 6689 152 6680 85 4292 3154 7782 2947 4271 3021 6755 1827 4480 6711 1811 4534 1863 4552 4304 1867 504 3297 1618 1851 5888 3309 1980 197 581 3264 4643 5914 4483 8110 7028 2036 3392 2052 7059 2070 2085 2030 7087 7088 636 8129 2131 694 6001 2151 523 3318 4640 555 3485 7184 5825 4829 4768 3476 770 7205 8237 3630 3477 717 6186 5986 829 2364 787 2392 6219 3709 3465 5026 7365 6105 7408 3591 3777 8442 2358 8368 2414 8458 1048 4945 3837 7468 3862 2532 6331 2341 2443 5161 2486 6281 7471 5990 5101 3859 6349 5169 2544 6353 8478 3880 3879 7475 1146 8467 7479 7484 3888 2558 1162 6344 3901 3911 2584 7497 2590 7507 3933 3928 5220 6422 2624 3893 7552 1258 3955 6441 2649 8576 4001 8580 956 7444 3992 2671 7572 3909 1300 8590 1336 4061 2754 4095 8645 1378 281 2572 5022 2097 3355 8207 8152
1953 1843 6939 5769 1778 1744 8034 6962 8049 1911 6975 506 511 3257 5848 4430 7014 4649 1886 1916 369 6974 3353 7058 4708 4687 2039 3410 2028 8145 3425 2077 2139 7153 5982 2202 6026 6066 491 6831 252 3388 563 6782 7084 2136 4483 4534 3392 7212 7055 4865 3664 6946 6183 4811 8245 6166 3228 2005 3591 801 873 5772 5900 5799 8174 8199 5024 661 4878 4775 5007 2364 7328 8165 351 6968 582 581 1003 971 2428 7032 2489 7356 8393 6325 7283 3820 1107 5830 5960 3626 7242 3811 1947 6210 4743 6206 2162 3788 5060 850 1086 5981 8474 6359 3839 8227 1129 1146 7480 1157 3885 1172 3888 8299 2562 7490 1174 3912 2572 3911 1141 4970 3901 3646 5199 4829 2568 3916 8506 867 1184 6012 6374 956 1192 2583 6390 5989 8515 1201 7507 6387 6402 5221 2611 1213 3966 2649 6474 8335 8590 2709 2750 1301 8645 5155 4104 2624 122 6771 8221 7801 5557 8005 2977 5966 8002 4135 1761
1955 5527 7800 6682 5570 6679 2963 4319 170 3021 7883 6688 4271 7876 1671 6776 7823 4370 6744 4328 1629 100 1593 5535 1547 6680 7803 4281 3033 148 138 5519 1628 5529 4401 2969 220 210 4317 235 1697 1544 2979 221 4340 4442 1735 6824 1676 215 236 4381 3098 255 1647 1576 288 1724 4309 5689 6796 1761 4275 2959 7941 4400 1738 4463 4465 7922 106 4286 5580 337 4480 5607 5713 2949 323 4447 7871 6885 5706 4338 1804 5753 4448 7863 6893 3173 6907 1541 373 3150 4471 1587 387 2970 6884 1677 6920 4529 6925 4296 6941 3039 85 7790 4483 421 361 4534 1558 1812 3258 1860 4575 3022 466 4577 5722 381 3239 492 1901 8054 484 7912 4432 4417 4274 4476 1840 4582 6936 8038 1796 6684 2980 4304 1646 5807 1578 280 1916 5848 6957 3168 3252 7981 8002 5869 7782 132 4634 7019 1964 1932 119 5742 1886 555 1583 473 4616 6873 5866 456 101 534 468 5721 7986 6793 6974 8084 1872 3353 1910 3246 2036 3392 5902 2077 2066 7127 2137 5985 636 8144 659 7193 8019 3524 8200 762 5832 4837 3513 2215 3549 8245 2135 4912 3347 661 683 717 4583 4910 827 5007 7328 7188 2373 4851 8329 6235 7259 6183 8396 725 4490 976 4955 1003 8383 908 5145 3548 6316 1086 3379 4945 8335 4725 1135 6130 5199 7507 2583 2754 2572 4373
1958 2992 2969 107 4300 137 81 5535 2996 4338 7871 6776 4370 7821 7852 204 7877 7822 1583 5607 4392 3045 5613 4340 1669 4304 1697 4291 221 6796 4401 6789 6813 1695 5632 1761 5674 4463 3092 292 6831 7790 7922 288 3055 1670 2944 3071 1742 487 360 3273 4565 4442 4566 1910 4569 3214 4589 475 491 1754 5867 7017 5881 458 2018 5990 8144 2341 3788 4945 7094 3837 8458 2238 7480 1146 3879 2549 3862 1132 8501 8503 7484 3886 3901 3911 2572 951 1184 5001 7507 1213 6422 3915 3966 4912 956 2624 8576 2649 4001 2687 1300 6474 1301 6235 2754 8645 8590 5356 281 303
1960 1608 7883 7877 6782 3122 4442 6831 4483 5759 5721 4534 5557 122 4535 8002 4537 5804 6962 506 5848 1923 1545 3053 5772 4399 3317 484 1916 4708 3392 8136 4715 2133 7153 3487 2168 4945 6235 940 3684 5001 2137 5125 1086 7430 6311 3443 6281 2416 3858 8335 3887 5197 1144 3916 1184 7497 2428 8211 5935 7507 2649 6441 8580 7478 1273 5255 1258 3966 3992 7491
1963 1629 113 7838 5634 3033 1695 6782 1750 4465 4466 3040 1724 7955 4484 1676 4300 6907 4480 3176 5742 6904 387 1670 1839 1843 1837 7981 7982 6937 1846 418 5632 5674 3202 1796 3090 291 100 207 189 1867 4549 1879 3234 5821 137 3208 5799 7785 5519 3241 6963 4374 3252 6962 1889 5831 6975 4563 8049 5772 8034 4351 1923 1916 3267 5521 6856 6957 148 2959 7883 236 221 2963 1738 4328 2944 1616 116 4319 1735 5527 453 1545 1954 3162 1873 5797 1558 554 3318 8070 468 1938 4330 573 7015 4589 3300 6995 4665 4666 568 523 4630 565 4661 3357 3292 3253 5870 6976 1966 7983 607 8107 2029 545 515 614 5944 2036 5851 611 4556 2078 480 4633 361 3404 2072 2109 4716 4723 3440 7109 7009 3206 654 2077 3390 8149 3375 3416 3260 2131 3328 7093 4767 4343 2137 6934 8020 7023 618 7028 2104 7074 7822 3306 486 7108 1892 2123 4725 450 3468 7084 2117 7140 4695 4545 7162 711 8163 2162 1875 3410 623 4829 3403 3519 8009 659 6072 1946 2050 4735 4727 4659 8197 3524 2175 558 3240 3543 798 760 5936 4656 5809 535 3569 5986 2169 801 4768 8200 3548 2089 8252 3319 4653 2275 7026 4948 4849 3289 7328 605 4996 1824 3514 5024 1980 7094 496 3709 5967 574 3811 3418 2373 4775 4961 4546 2443 8146 3754 2040 2445 4943 1092 1959 639 8472 1107 5114 2080 1902 8467 3482 6294 1081 7404 6329 7459 1996 5125 7458 987 5935 751 7320 5184 2035 6281 5159 5005 2236 6362 5190 1014 6336 5174 5927 6006 1166 3813 8502 3888 3858 2555 3788 2553 951 2344 3449 1177 3853 2581 7500 7499 3915 2583 3398 4963 5124 7507 3890 6374 1207 7525 874 2630 2588 2649 981 8576 1285 4013 1142 1193 2709 2708 6474 8590 1213 3880 1300 5315 7365 4104 2768 2782 4135 2532 2548 6980 1038 7030 512 8083 519 4721 1270 7149 8204 1930 4308 1973 5106 6918 6515
1964 235 252 6831 204 1761 3098 4448 3122 7945 4483 346 6881 4480 5741 341 1795 1586 1748 6755 7907 3023 4490 3150 6873 5758 4486 5545 6920 1793 1839 6934 7980 3004 3169 6925 374 4534 402 136 1770 4513 6936 3187 106 115 5727 3212 418 1851 410 5799 6784 5687 4520 6947 431 3219 5807 4543 8012 3225 1786 5809 1796 8023 8027 5798 447 6753 5816 5818 6967 1889 6959 3238 1873 4571 3259 479 480 6966 8015 6975 122 5557 6782 491 1916 506 4399 3317 4661 4665 5678 4296 1897 600 4679 608 4652 4574 1903 5916 3392 592 614 619 4709 625 623 5906 4392 1578 2080 2030 5944 630 3138 7048 3422 4563 7055 7088 2077 660 3427 4676 4551 4734 4647 3044 5942 3405 5752 500 4688 3403 6968 533 4542 8090 4699 7097 4716 524 430 2036 114 5929 615 3325 581 7101 3377 7113 3414 8093 3302 6910 7936 4771 535 3423 602 4740 7114 1974 4605 4762 5927 4710 1618 5926 1970 7034 2123 694 3465 3327 3410 4724 1910 5801 2115 561 4629 7087 654 2141 5991 559 7130 7127 2126 2157 4792 3450 4667 650 5999 3482 4795 699 657 508 8036 678 7178 7193 2118 2070 7184 2166 638 4797 6090 6006 3306 6930 2137 634 3542 762 7121 2207 6039 8111 2139 2079 5974 8164 3517 1944 8233 7117 3476 5903 6072 714 735 4755 2135 798 476 450 4811 709 5893 848 7181 8009 1898 7082 4878 7882 2276 3587 2018 820 6026 5895 4809 8153 4545 7155 1953 2138 7140 2111 8105 3630 663 8020 2159 2170 4624 2171 727 471 3246 4719 8146 4895 2158 4697 4764 4948 3513 3637 8116 6166 6180 3654 6113 8321 872 7061 4939 5975 3413 8313 3561 534 6183 7159 2193 873 4992 939 3683 5900 933 900 4997 2337 876 7312 4943 7328 8355 3398 971 3703 2215 5022 7342 2358 5024 968 4872 3618 8393 8221 8002 8136 2373 1086 1105 4829 3548 3425 2381 6359 3811 1169 7207 7490 8458 7507 6235 956 7572 1878
1966 122 170 1629 5607 4447 2995 7917 4309 3055 3168 210 7981 1840 4469 6682 417 6831 351 4528 7991 442 3053 316 1836 5790 134 5632 4275 7955 5798 5795 474 8034 1771 483 3035 3255 4546 485 6979 1911 4591 5851 1901 502 506 5837 6909 1647 252 4476 6962 3228 4531 4322 6711 491 453 7014 8073 5881 5870 572 1990 7036 5890 3311 4643 3257 2002 3340 566 6703 5541 585 3295 5805 6793 4661 8090 3357 500 5843 2035 3392 4545 573 8084 5901 4653 7812 630 3373 634 2018 609 4673 8129 3211 5943 8009 8106 4743 4715 5769 5970 5797 6968 1784 4597 522 4607 4399 3317 6976 1886 1586 3425 5956 1916 1742 4483 2117 2111 543 4768 7983 8163 2137 8017 4811 6013 717 3430 7183 4829 8200 632 6039 6953 4777 2168 8216 7188 2125 6003 3549 8039 7205 3587 4430 649 511 2238 5966 2154 4675 3595 6171 3570 8165 3646 3709 8314 3658 2381 718 956 2398 6943 1048 7404 2496 5125 7430 6329 1113 5155 3833 5161 631 3879 4812 1146 1135 6367 6359 1129 1160 7480 2553 1169 3859 2562 7490 3888 2573 3839 3916 1184 2581 1196 1072 2585 6387 8503 8515 3933 4945 7507 6399 7497 6402 3966 1300 6235 2712 2754 4135 7790 2979 493 6322
1967 1576 6782 4381 288 252 3053 1724 1670 2947 148 7801 3234 6929 5831 5835 425 3260 8054 7782 4590 265 6932 3245 6989 528 6679 3228 3317 4615 5867 4673 2039 4534 4727 7098 3414 7113 2120 1916 7153 506 6037 732 6006 4878 6117 4865 2298 6151 4851 2159 565 5913 8245 3439 4959 867 5916 7309 6113 4780 3683 3477 2361 3709 3295 2373 759 2381 8002 3529 6294 8451 6281 2152 717 1084 3686 4715 1107 8474 2518 1087 2505 6000 2521 3862 6215 1086 3853 8481 3856 8220 1128 7188 5163 4945 3888 8238 2553 1172 7490 8320 7444 2328 4725 1155 6331 2337 2571 6346 3446 1174 2193 3900 8293 1124 2572 7492 829 1181 3913 8506 5199 5205 1192 5117 2584 8450 6390 1201 3933 1196 6387 7507 5221 2630 7543 8515 8576 7572 2687 8590 2750 2754 1361 6539 1378 2561 3893 4135 4330 1812 3440 1846
1968 6730 148 5557 4311 3053 7850 5634 3052 5626 120 3071 4330 7908 4466 6796 380 1594 4275 5759 7976 1843 6929 1689 4274 6909 2949 2947 1840 4526 3211 4534 5803 3213 6682 4483 134 6907 3234 1887 4549 430 1867 316 4559 5795 5834 5837 1911 3255 483 5541 3065 5519 103 1748 122 5636 7823 252 3261 475 485 4317 1778 8017 5848 4399 1943 7801 1953 1964 7014 8039 3300 3321 572 1916 571 3349 4661 7033 8090 3317 1784 3365 5921 2029 607 3392 7058 4309 635 3401 2070 2018 5896 8016 7088 2077 4699 5804 2089 2033 3356 8145 3440 3439 5820 523 4771 7127 2133 4767 3313 616 5870 8084 5964 659 2139 735 7181 7162 6066 3511 3524 756 5943 6039 2117 8221 3348 3587 2265 2168 2175 2281 4537 4948 2243 6171 7217 3637 8275 6101 2036 680 7242 7328 3560 3631 785 4910 3379 1003 981 1048 3787 3833 1105 2489 8474 3837 2513 3839 5125 3684 3811 4704 1113 3463 4794 2483 7094 8466 1101 3827 3862 987 7468 3851 2341 8481 8073 1151 7092 2534 1129 2135 5170 1160 2553 7458 3626 2572 3915 8502 2562 5213 2238 7480 5199 717 6235 7507 8503 5205 1213 6387 6402 8515 3636 2649 2624 7552 8576 4001 7572 1300 2750 4061 1301 4135 4785 4542 2712 1141 7151 1846 5534
1978 5549 2949 2944 1541 1616 148 4328 116 170 4311 7785 1646 1647 2979 6784 239 6796 3065 1738 6744 4463 6682 4275 7908 7837 7955 3071 4417 7782 3150 213 5743 7982 5557 8002 3053 6831 3234 456 1854 460 3238 417 1733 3220 5795 5693 4552 1879 6884 8019 122 1866 1889 6962 4578 1911 1742 1909 491 5848 4399 1793 1916 3317 8084 3359 2016 4483 3371 4672 1608 6782 252 7109 4534 3392 6281 5125 3843 1086 6362
1982 5557 5636 6831 1670 4534 453 5693 8031 6962 491 1812 8084 7058 3392 3317 8238 4910 6210 1086 2286 5125 1207
1994 148 7803 4341 7823 167 137 2969 4328 6748 4362 5613 120 200 202 7885 3035 1677 7852 215 3062 6790 7894 4309 6813 5654 189 7898 6693 4429 6818 6793 7917 4407 1745 4442 4447 5689 4400 303 4465 3122 1724 119 316 3055 5704 4471 165 337 312 346 1796 3154 1731 1666 7945 1822 343 5759 6723 380 5727 4520 6929 6907 6925 6936 7998 4275 7800 6680 7775 2949 1750 4528 3069 7896 3190 5772 5523 3222 6947 7934 432 417 1775 4551 1863 5818 6752 6956 1879 5632 4552 6954 5790 7785 3225 6943 4571 5831 7983 7953 1866 455 480 3254 5798 6959 4586 5834 4577 6939 4584 8025 1906 6930 483 6980 3232 6964 3202 502 1907 1892 7999 4568 493 5874 8064 5853 5869 430 3264 489 518 1675 1908 520 3221 531 4504 1943 1947 6946 3231 1934 4612 1954 1958 7985 4594 450 7016 3257 4535 555 1953 4546 5866 515 8057 479 551 460 1987 7022 567 573 7009 1985 1951 1881 8009 4589 1902 3309 5823 1898 5809 3349 564 565 1971 7011 464 7042 4651 1860 6958 553 591 4570 7058 5766 7054 5922 4319 4311 1748 1581 7813 3389 2947 5916 2036 4708 7978 2035 1593 1996 4694 5921 2033 4717 3320 5873 611 4695 2015 4652 8106 8127 5856 454 3347 7087 4743 649 2045 5896 5952 7093 3376 533 5966 5969 3446 3442 666 3378 2108 2079 7114 3370 8136 2131 2123 2074 7020 4767 5981 8164 646 5996 2120 8149 5928 3354 3458 534 4799 4792 2124 715 2136 4768 636 8147 4712 8159 6006 3401 576 2104 7183 7184 7181 8179 4809 2205 759 6067 5881 792 4862 3549 5970 7217 475 8150 3430 3482 5893 2070 2138 3451 8016 8224 680 6113 8200 650 7233 6101 2135 4904 2275 7203 3286 8116 8233 4590 1984 566 8160 7176 8169 3373 7023 8005 2238 872 835 3541 868 4601 863 4697 826 3631 2265 8207 5892 814 2193 867 3391 6185 8245 8153 4845 7240 717 360 3487 4959 696 2125 3588 6162 7091 4833 3646 7059 5990 6206 6030 7328 2252 8031 8275 965 5020 8345 5801 3686 4943 657 908 3626 6219 8088 4955 1003 2414 3748 6215 936 8299 5038 2286 3728 1045 3754 5083 5087 5103 1067 974 963 1072 8436 2428 6315 2495 6294 5124 7454 5088 5130 3836 2487 3833 3820 5953 5136 2513 8434 8162 5155 951 6321 2051 3853 3851 3855 7471 5166 3845 1014 5151 2532 1154 1145 1087 3899 1119 6363 5172 3875 7480 3890 8457 7490 7158 5204 7492 2373 1184 1093 2580 1186 6386 3843 6390 8511 6374 8506 2585 5001 1182 1201 1094 2606 1124 1213 1175 2611 3909 1187 2626 2632 6422 8543 6396 8576 8580 6448 8469 1203 7572 3718 2709 2680 2687 2572 3839 2411 7213 3827 4945 8221 5315 827 8645 4104 2782 5125 8002 4815 673 491 1146 7162 2003 1735 122 5211 6698 6932 5925 7926 3295 5549 1916 4534 6831 4873 4483 5557 3392 8478 170
2000 5634 6831 4483 417 4534 455 5636 8017 5848 491 1971 4792 6001 7108 7059 8084 609 1742 6953 8335 6235 2373 2137 2136 5125 1086 7507
2001 1562 5626 6782 5557 252 138 6831 324 353 1786 4483 7978 5769 7976 115 5804 8002 4534 5795 1742 7801 6962 5834 6776 4279 122 491 5848 6953 6995 3295 1916 3310 3317 8084 6730 3392 4537 5895 7153 619 3595 2373 6202 4945 1105 1086 3777 5161 5170 2562 2572 6235 7507 1213 6422 4001 7572 8590 2754
2002 4392 6782 7894 122 5557 252 6831 2969 4483 1742 4534 5623 116 8002 6962 491 1916 3317 3303 3392 7084 3425 8439 8335 2572 6235 7507 5220
2004 6782 6790 6813 138 4309 6796 6784 239 6831 4351 5557 165 4417 4483 8002 265 8026 6962 4546 5848 502 414 3317 6720 5878 7995 586 600 606 2029 623 3432 3237 7101 650 666 4768 3511 2205 3524 873 8321 4959 6206 8314 2373 5935 5088 8397 2496 1105 3836 4945 3827 8466 3857 3862 5170 7051 7484 2483 2569 2572 5211 1184 6235 1213 6422 2649 4001 5341
2006 3053 6831 5727 4483 3069 5772 4529 418 3198 5804 4552 138 3253 1907 5795 3220 473 1916 5847 5848 3245 252 6957 3295 1913 505 4559 509 7017 8076 7024 3317 8084 4597 581 4666 3392 372 5869 8039 1966 5914 4622 8136 2052 7088 3349 432 3257 571 595 4667 4653 4716 3442 3377 3432 5953 7127 8168 666 2137 699 7058 2037 7084 4763 3477 711 3401 6066 2168 724 8197 659 610 7151 735 2169 8131 2152 8050 3548 3513 6171 3287 4756 6054 4775 4623 8355 7328 787 4793 939 3629 732 965 829 858 3451 5024 4545 850 7342 7309 5026 2341 5967 746 2373 1003 4777 8088 8299 1045 8442 4694 605 8166 6048 6006 4829 588 1038 2398 5103 780 5106 4767 2182 7449 7091 8468 1082 8434 4749 3657 4715 1086 6347 2538 2505 5075 2534 5117 6262 1128 602 1135 6321 8397 3833 3810 5173 1126 6359 785 5174 4725 8211 2483 5181 8451 607 2234 7475 5027 1144 8469 5935 8335 6367 3888 1160 8502 3897 3885 2568 2562 7453 1147 1141 8515 1129 3933 1072 1165 2525 2135 1113 7507 2593 1064 7443 1194 6387 1094 1221 5221 1213 5220 1218 5141 2632 7497 8543 6422 956 3966 6396 4001 8590 1206 1300 1187 7572 1304 3893 5138 1310 6511 8576 1344 1176 8640 2586 5543 5832 5893 4785 545 3264 543 3239 454 7060 455 3483 5193 3329
2008 170 1748 1695 4463 1761 7926 7917 252 5772 6929 7991 1679 3069 1907 1892 458 122 5848 8049 8017 2133 7153 4811 3440 3392 8084 6066 1105 1086 8335 2536 6235 7507 2649 7599
2014 6711 1583 116 1629 2979 138 134 4311 4328 1562 5626 5613 145 3052 6790 6813 3053 7908 4442 210 4463 303 3138 1586 5713 1676 5634 324 4283 1775 3176 1768 3150 4343 7982 3190 5758 1812 1778 3205 265 1850 4535 3213 168 5769 1858 1867 3198 4484 1863 5819 7983 2949 425 3261 1771 5795 7785 5830 4563 1892 5839 4592 6964 4537 1886 486 493 7017 7016 3300 6976 3286 4545 7008 5853 5706 8016 8073 6884 469 3349 2002 4666 566 3257 7055 8107 5766 5856 613 635 632 3404 4715 4699 7074 4725 8101 8136 650 7101 5956 3373 4677 5935 5896 616 8163 2136 2175 4829 3446 3378 7203 3430 5964 3513 3517 680 6166 4878 4785 5007 7283 6209 7328 6006 6210 8275 2364 8314 4910 8345 3729 3728 1048 2168 760 5083 5895 4870 6039 2489 636 2373 1105 8466 3548 3862 5161 5124 1146 6362 987 3853 3859 3888 8335 7480 8484 3890 3875 7489 3820 2562 8503 5199 951 1181 7494 1196 2581 3933 7507 7091 6422 2580 2624 8576 2649 7572 1300 1262 6474 1301 2572 6235 1092 2750 2754 8645 1086 5125 4330 1916 3392 6962 1184 8002 3448 4534 252 491 2137 122 8111 6831 6703 2077 4945 5557 453 8221 3317 7094 4483 7084 5848 170
2018 5557 170 6782 252 1771 5704 6831 6885 122 1742 3176 5741 1804 6914 332 1867 5818 1887 1854 8002 1911 4534 1916 8042 491 453 6964 506 5848 3264 4560 1937 499 3212 4399 202 5867 1886 8009 515 5806 502 5799 1973 3314 6962 4483 5804 5914 4649 6966 577 553 589 8084 1918 2036 6968 4710 5900 4714 5534 5929 3348 4725 3419 5548 3430 6748 6909 8086 4583 4811 3519 7101 6015 2281 2298 872 7264 6168 3388 7178 6035 8199 3560 6004 634 667 2292 4948 6166 3594 8396 3570 1003 8136 4523 2029 3524 3548 3601 7365 8439 8305 2035 4963 4845 5126 7122 5106 3857 3854 1172 3877 2712 3305
2019 1583 5557 7803 6790 3033 7904 252 7823 1676 5521 3098 6779 6782 3122 122 4343 7838 3169 1836 368 1742 3206 417 6831 8009 5649 1880 5830 5821 491 6962 506 4608 486 4624 5853 551 1965 8007 565 8084 3321 581 6976 472 8090 5890 3276 4694 3357 3369 1545 5613 2949 103 4407 614 5902 7813 8039 380 7097 2096 5956 4534 3414 5982 6856 8130 3439 6004 4613 7140 6001 735 5884 5964 2168 2137 3514 3392 8245 3035 1947 3264 2292 7033 835 2486 3813 8048 5124 3837 4785 6332 1101 1086 5151 2534 3911 6371 7507 5001 8484 4135 6235 5125
2021 6782 252 5769 4484 5795 8002 4537 4483 417 1887 6962 1911 491 506 5848 511 5557 4429 4399 7908 1742 5801 3317 1916 5772 5804 8107 3392 8084 8136 2133 8017 3487 5989 7153 2168 6066 1846 3595 2182 2373 3811 3839 8335 3862 8221 5125 5170 5190 1184 8466 3911 1213 1258 7572 4001 4061 2580 4945 1086
2022 201 252 6782 7908 6831 6711 122 5557 4483 417 5790 6962 491 1935 520 3317 523 6976 3313 3071 1916 8107 1748 3392 2036 3440 3541 2373 5125 3811 3836 3820 5161 573 8481 3862 5124 5170 1129 1086 7507 6235 4785 6000 6402 2649 4001 5155 1300 7572 2768 5966 2002
2027 1616 4311 1562 5580 6813 210 5557 6782 1677 360 7838 4483 120 1742 4484 3055 4534 351 4546 6962 5649 6964 4537 472 489 5848 265 3294 3190 5834 7983 1897 3274 4536 520 491 2979 3317 582 3359 8084 4667 3365 8007 2077 5966 2033 3451 2133 8221 6039 4945 717 3486 4623 4699 3548 8216 8179 1045 2381 6306 2373 1068 2549 7356 8478 2572 1086 1184 8335 5125 2581 8466 6235 2584 7507 8576 6474 3966 4061 829 2754 1646 2238 1846
2028 6720 4401 197 6824 2957 1547 1811 7917 6831 4520 4534 4508 417 138 5626 2947 122 1748 252 8008 1887 6782 6870 491 5804 8048 1916 480 8002 4483 3069 5870 5799 553 5879 4643 3297 1971 1987 3305 2980 5519 8084 3392 3413 2029 3331 7059 4715 7850 8112 5848 4581 2107 3317 2117 3310 444 3460 5880 5989 7098 7153 5985 6048 6003 4764 2168 4829 5954 6066 3513 6035 4686 8200 7174 2230 820 4811 5994 3630 467 4948 3246 6171 6026 900 8335 3665 7342 3658 2373 5020 4806 6206 2352 2201 5088 1083 2061 6324 1086 3560 3836 2510 1123 3394 3855 3814 7188 4794 1146 6344 1105 2495 3904 2564 1171 1170 2562 8469 3888 1176 3911 8506 2572 3908 8507 7492 2576 3915 2580 6235 5172 2588 7507 3997 4001 8590 7572 2674 1301 1310 2709 4061
2031 138 116 6782 252 5659 5693 5607 6831 7976 4526 4528 6962 3182 483 502 506 8002 5649 4601 6893 527 8017 4625 5804 1830 520 5534 1948 8084 7039 581 8089 1742 447 582 530 585 608 601 3392 4708 5769 8106 635 8141 8149 3202 5861 2015 8005 4771 4743 5802 2133 543 3317 6066 3556 3541 4809 6067 3388 4959 5973 5996 6180 3637 1988 3491 1825 8136 7300 873 939 3683 931 898 3686 6186 2364 3387 5024 3561 3709 673 454 5005 2419 3658 7084 5087 6306 2416 6281 6101 3528 2026 5125 6311 1092 4997 2525 1129 2541 1147 3873 5124 5204 2572 4001 2649 1258 5206 6382 1182 3969 2403 3916 6390 5213 2624 1301 3992 4104 2768 6386 2754 2632 1166
2033 122 5557 6782 6790 252 6831 3138 5634 7955 1768 4483 1846 7981 5521 5769 3050 8002 2959 5545 4534 491 1742 3317 1959 4663 7033 6957 6929 4563 5766 3300 5804 4610 2178 3392 7140 3548 8436 3276 4945 8466 5179 6235 7188 7507 6441 7572 4870
2034 5557 170 6782 3053 252 6831 1742 4483 122 4534 417 134 8002 1867 4526 491 506 1916 5870 1858 5848 7017 8084 3317 7033 2034 5911 8107 7980 5921 7088 6066 6055 7086 2135 7203 797 4878 5994 4821 5936 6117 4943 8217 2236 667 3524 7328 8363 2373 3729 7283 2158 5103 1913 5964 4757 5125 1105 3839 3862 8466 3811 3451 2548 5174 7483 1213
2035 4291 116 7801 1571 7803 145 5570 5607 215 3053 6782 252 3090 122 5659 6831 4534 8002 4537 5557 4523 6703 170 506 491 1669 1916 6962 3295 4570 8005 3317 1803 316 4666 197 8084 3392 5804 5634 8136 2029 8145 5989 7153 2168 8221 7242 7328 6235 2373 5125 1086 6316 8461 3888 7507 7300 4001 7572 3049
2038 5557 5572 252 3053 236 4476 7837 4484 4537 417 3069 8045 1887 5805 1959 1610 7015 4330 7896 8110 8107 1824 635 2052 4613 3370 2002 756 6066 3524 4829 8204 6171 7328 931 8355 6219 3729 7151 2264 6206 3548 3852 1146 7572 2572 3839 5125 8335 4061 1086 2754 4945 4483 6703 491 1916 8084 5848 122 6962 3317 5804 3392 2137 4534 4399 6831
2044 170 6782 252 6831 369 4483 5772 4534 8002 6962 491 3232 265 1916 122 8084 1863 3392 3317 2137 8039 5989 2168 7188 6334 8335 2572 1086 1184 7507 3297
2045 5580 6680 4271 6799 6831 7998 4534 8002 1867 1544 439 3234 6962 4483 491 506 4634 4600 1916 3317 4665 3181 3356 3392 1742 2065 707 7164 4764 3483 3748 2444 5125 2520 8335 6235 8105
2046 5570 2976 1616 145 120 5551 7877 182 6782 6799 5654 252 6796 1697 4439 6784 1748 3071 5607 6723 295 7908 3055 4400 4351 7782 7795 1547 1544 2949 6681 1804 5704 343 5755 1770 7976 6870 1647 6907 7982 4529 1850 1840 6937 7934 2940 6860 1872 5678 5521 4542 4528 351 455 313 5799 6966 5812 4569 441 3258 3248 1742 5834 4586 4583 5721 4563 1919 484 492 8031 269 3281 1892 4566 3292 1943 5790 440 528 453 5548 5557 8070 6976 116 5879 555 3307 7009 4568 3308 3315 1778 5699 8084 5805 7025 3313 568 7041 461 571 4683 100 197 6752 4676 1941 3369 608 2001 2020 8020 574 1836 3383 3400 623 4714 5942 5947 2073 8129 2033 8092 7078 5950 2016 646 4652 4710 2119 7101 544 4699 565 2130 8163 2124 4767 2137 602 5975 7084 707 3030 3065 8179 7149 469 4794 8200 6048 7122 2168 7176 760 2150 637 8152 801 3542 2154 730 4849 2201 3530 3439 4770 8252 4866 2087 826 770 3597 592 3561 4878 7212 2013 4943 4673 8111 4537 2129 818 8320 6185 5020 965 3703 5024 6202 7342 7207 7341 503 2364 8393 3709 2373 6219 3560 2414 981 3548 2381 4484 6207 3748 5063 5967 759 7279 5083 3599 3750 6262 5087 3609 609 5921 8160 3770 3818 2489 2474 6082 6325 5082 735 5144 5060 6105 2123 3813 8469 6334 6323 2395 2491 3837 6337 3847 3833 2525 3850 3775 7430 1084 3832 2061 827 8466 5136 7392 6344 3862 2316 1115 5161 3863 8220 3483 8452 5178 1082 5181 2511 1151 3879 6347 5159 1135 8481 8127 6363 2342 6367 1072 1055 5125 5115 6369 1141 3902 3853 8500 8503 1067 3897 3686 3820 2553 5204 3890 8507 2572 3916 2576 2568 5199 2518 3626 7158 8458 8511 4715 2483 4912 951 7497 2586 5213 2573 5001 3933 8383 3788 4752 7128 2611 1155 6422 8576 1187 4001 5298 1300 2709 2710 7599 5315 2712 1310 6511 2724 2750 6474 2754 1086 5341 5356 6539 1193 111 8144 632 3507 4304 2979 8083 5707 3657 7839 519 6117 1914 1583 6151 3872 5173 7233 665
2050 1583 3053 5557 5634 6831 1748 1744 4534 8002 5804 1742 491 5848 1923 4399 3317 567 3348 600 4673 605 2066 2137 2215 2168 3595 6000 5020 6235 5087 8436 7356 8466 1086 3863 3852 8335 3880 1169 1184 8506 1165 7507 2373 2584 6402 6422 7572 1262 2710 5022 5935
2051 134 3021 170 4309 4362 145 5607 5557 5613 4300 3052 6790 6813 7903 4311 6782 6793 197 5711 298 3168 6893 4500 103 380 2944 1558 2963 6907 116 7880 6703 2949 3169 6922 1850 1843 7812 341 7982 4274 7981 1830 6929 3071 7955 2957 3053 1778 7785 5790 5759 3213 5769 351 4528 3050 1846 3198 1812 423 3219 7999 4537 5704 4484 4549 3234 1883 7991 6730 1887 1878 1742 3173 5831 5795 3254 3261 1911 1873 480 1857 252 491 3232 506 453 458 5848 511 5649 5869 7014 4634 3342 577 1972 8090 1971 3359 7048 4683 3371 607 3305 2034 4705 5885 3307 2020 4708 630 4738 5951 3410 3426 8145 3417 7051 7088 573 3303 4771 8156 3470 7127 6001 2133 602 7055 6976 3425 605 5870 2077 8107 6006 7108 2066 2136 3468 4792 7059 4811 4673 5804 7013 2162 7193 717 5634 7140 1886 4829 7217 2168 2118 760 5989 4878 2018 7230 8245 2111 4870 6166 3597 4865 4948 2002 3595 3378 2215 4910 6117 3529 3683 7328 8345 3487 8221 3626 4943 8275 8005 4712 6101 987 5900 2364 6210 3548 2381 582 2293 8314 2489 4785 3811 5106 1072 2487 6322 1107 1105 2035 3837 8200 2521 8481 3862 7033 8466 3401 6066 5161 6341 5178 5170 6359 3839 7475 4661 7153 3524 1146 3888 3896 8498 8484 5125 3904 3902 5204 2572 3911 1086 6000 6382 1184 1115 5199 5211 956 4912 3916 1169 7460 2586 5205 2584 3933 2593 6399 7507 6387 6396 2558 3944 1200 6402 6422 2649 1213 4001 7572 8590 2710 4061 2750 2754 1301 4095 6235 8335 4945 2580 3295 3348 8111 7162 7782 6711 2137 5772 6206
2058 2992 6741 116 4328 4292 2977 6776 7877 4370 4283 6813 1710 3066 3098 6843 279 1750 3138 5553 5654 1784 295 6870 5632 7936 7970 6910 1843 6929 4274 4281 5722 7800 6679 417 4528 6934 1846 3202 3190 4537 431 7991 3211 6711 5807 7999 211 136 361 2996 4516 1883 108 6952 7837 6967 5831 3258 5834 347 1558 5742 4586 483 7812 380 1608 4529 7908 5572 1907 121 5527 1629 6744 373 4275 6784 6782 6920 5711 182 8029 7839 1738 2990 5504 8054 493 506 252 1748 115 369 2969 5623 469 3281 6969 4569 1771 5800 3036 1593 453 478 527 3239 246 4504 3150 3274 4630 1914 7016 7007 5879 1964 3290 3318 4615 444 1545 3240 1628 8069 5891 8076 8074 4546 7033 8053 548 480 6998 197 5839 1898 3353 1999 4587 2033 2029 1996 3389 2051 3363 2056 3391 2052 3383 6978 4664 2036 3365 8083 2066 611 3328 4681 5926 2078 3414 5920 4677 7074 564 4724 561 6976 1948 7093 7023 8007 1827 8084 3231 4568 4629 1824 6987 4702 6789 500 482 2014 5823 3355 5881 3394 7896 4741 3427 7995 1941 2099 3357 5801 1958 313 4531 3387 106 3259 618 1770 638 4771 8152 5943 2133 7127 694 2117 5956 531 3460 3246 6015 707 2037 4606 8166 2164 4792 4799 4795 718 2111 4732 468 667 7162 8150 7193 3511 6055 4843 2150 2030 7179 4837 2217 3517 3549 3455 3482 8199 2201 3388 795 3431 4601 8224 2199 8264 3413 4565 256 4866 732 3513 3603 4806 3435 3450 2262 2193 333 4654 6016 708 4945 6166 8245 850 3631 6169 6157 7279 3306 3664 7212 3553 931 8299 3595 6153 8329 2317 477 955 4851 7025 7233 5020 960 2096 8363 3703 3604 6240 4951 3601 5960 7199 8146 6219 6030 588 616 4992 7312 3684 1010 4776 943 2427 5082 3754 2328 3728 717 7240 662 7037 4995 5032 3530 5005 7365 6325 6265 626 4865 3811 2485 6281 810 3808 1092 5142 5101 4633 5145 733 7447 4847 2521 5936 3378 1020 705 2513 3295 2040 5933 7298 5153 4797 6336 1122 1053 3832 6162 5166 8491 5181 3877 3880 1154 3879 1151 5184 7484 1082 6363 3890 2560 3891 1166 1168 1170 2562 3885 3900 5007 3897 3912 1181 6151 2361 7341 3813 5996 5189 951 7500 898 2584 1014 2583 1184 1191 1196 2585 5213 8515 874 6396 1207 5220 1094 2606 6402 1218 2192 3966 3969 7552 1206 5164 3843 1273 3997 7128 1285 2680 4001 4013 8590 7492 7572 873 2708 6511 1336 4061 3594 4071 1344 1361 4104 2768 6474 5364 2782 1155 8092 7420 2428 8116 511 2129 7903 1946 1107 4775 4566 6067 5975 5298
2059 4391 1748 6831 1618 347 4484 1742 4500 4534 5557 6703 6782 138 8002 122 5804 5819 8015 6964 4569 5848 1916 3295 3053 8084 3357 3392 635 8136 2091 2137 7188 8221 7328 2373 8266 8466 5125 5148 3839 3862 1086 1201 7507 3975 4001 5315 4537
2060 7823 2976 4308 7839 5557 138 6744 170 4309 7870 5634 6718 5613 1646 3052 6790 6782 6813 252 197 7917 1670 6796 4442 259 213 7907 3053 3098 94 6730 7863 4463 168 303 4469 5678 6819 321 1754 3050 7955 324 6885 3168 3176 6711 351 5721 3205 3190 145 1830 6771 1850 409 6752 4430 1689 4534 122 6831 2970 265 3213 7896 3225 4543 2944 7782 4275 6682 3202 1867 7785 3234 7999 4330 421 453 491 5804 8002 4483 5521 6909 5626 5848 4610 520 1784 7976 3317 8084 6703 3392 7217 6962 2373 5125 1086 3853 8335 2581 7507 8515
2066 6813 252 6831 4483 5557 138 410 491 7996 1742 5848 3213 7013 7018 3317 2118 769 662 2182 7356 2489 5038 1093 4715 6101 8130 3855 8372 8434 4770 3902 7447 8501 3910 3911 3912 2572 1181 5117 2403 7507 2680 7594 3783 5570 1300 1038 5150 3966 1176 2712 7572 6090 4061 1914 3823 2754 6539 6402 3909 3728 2199 245 5769 956 8511 113 8227 4703 1902 132 1880 4322 6940 7025 486 5825 5714 2482
2067 4281 170 5570 6782 6744 5654 3033 255 3098 5689 4437 137 7837 7955 346 3162 1748 6869 7982 6925 5791 1850 3202 6929 7998 417 5634 211 3044 189 6946 4531 1778 6947 3213 3212 4528 1586 7991 432 3071 4504 6831 5790 444 3214 1889 3241 3237 1892 1894 1897 5798 3258 6968 3261 1911 5839 1825 6930 8049 3267 4546 475 5841 182 7822 5520 121 122 2992 492 2944 1598 1921 5557 1662 1887 6981 8057 4432 6990 4605 1945 533 534 5874 4343 530 4609 1946 6995 489 4523 4600 3311 7016 4637 3314 3317 5879 548 5883 1966 4651 1898 576 1990 3305 8031 8019 4643 4666 2011 3340 4629 3371 2026 614 6940 464 4705 1803 3404 1986 3396 3401 2068 2065 3426 5966 8145 613 5974 4761 7109 2129 2118 666 5989 2133 7122 2074 2109 4787 6013 3211 2157 4799 8149 3483 632 4715 8144 1893 3449 2178 4811 6012 3440 5964 3443 7178 8106 6072 7174 7071 4613 5714 3529 7181 2234 6108 4821 798 6028 4870 3587 3593 3259 2139 3476 2193 2070 4806 2281 7165 3591 4948 5801 6185 7220 3572 6010 2199 3328 3609 8217 2135 4959 958 3717 6209 5919 4581 2125 2192 4951 7341 1045 8238 3684 3430 667 3754 1873 5929 605 7404 5083 5110 3770 8450 2414 1057 2486 3391 6325 8017 8160 6329 8372 751 3814 6334 2381 908 3847 3837 6305 7430 7447 3841 1113 5136 2532 8466 719 1096 3276 5060 609 3855 3862 4781 6171 1102 2536 2511 2538 3872 8467 4768 2035 5124 1146 3589 5185 8499 3900 564 3819 6206 1170 2568 3487 8481 5007 3907 3811 1176 7494 3911 1184 3888 2584 5001 735 3873 2573 3909 951 1204 1218 1212 1221 1187 6441 2671 2680 3992 2672 4001 3928 8590 2709 6474 4061 2712 2754 4135 2018 6856 2963 132 5848 7983 4777 8136 5632 5896
2068 148 5580 5557 6782 7908 252 4483 6831 7976 3090 6925 6688 1846 2947 4292 4534 5759 134 5649 8002 4574 5831 1857 1854 6962 491 8017 1916 5804 122 6711 531 3317 3371 614 3331 6961 5699 2950 3414 623 5934 5922 3264 7088 8084 2014 8050 2133 1946 7153 2137 4829 5986 3519 3392 5989 3430 7094 2230 762 5966 3597 3595 8111 4945 6206 7328 6235 2373 7438 4725 1086 8434 8335 3839 3888 8503 2568 3911 2487 1184 6386 6374 6363 7507 2649 3975 1213 6511 2712 2754
2069 122 5572 167 5613 4370 6776 6779 3073 114 207 210 7941 152 5535 1731 4275 1738 6861 5705 4480 387 6744 7978 380 6782 4430 1724 1647 404 6931 5791 1846 4534 417 7838 3053 1771 6939 5769 3150 4330 8020 5805 6925 3241 6963 4551 8034 461 425 7882 480 5834 1906 491 6961 4351 2949 138 188 148 5693 5844 2957 8054 3269 94 8042 1658 6718 7812 6716 1545 236 6942 3281 116 1933 519 1931 111 520 6964 527 533 1959 530 1948 5806 5874 1947 547 4635 1913 436 523 3317 4607 5790 1972 1992 3300 6987 269 8084 361 1974 1902 4516 505 4653 8089 601 4675 4322 512 414 594 607 8105 3294 2015 4678 4708 1803 2065 2078 4697 2085 360 7097 2104 4741 2111 4700 522 672 3440 4771 8163 3423 7115 699 6711 616 613 4785 8157 3477 482 2151 7140 4792 8016 4559 4689 7155 447 8159 6054 7164 2136 7165 7188 3293 7023 7151 6058 7217 8236 3524 4776 6117 8266 5851 3435 4948 8313 6189 8221 3517 8217 3560 2337 6183 7328 458 5890 2108 4677 8048 8017 472 3373 960 829 4696 8009 5900 4597 5020 2018 4865 5024 3594 976 8295 3609 2419 987 2121 3752 8412 7020 827 3738 7037 6930 556 6167 651 841 4781 5088 2416 2496 8463 1053 1102 2129 3820 1107 1113 7435 6305 2492 7290 7094 5155 6349 3862 7298 2532 615 3879 6359 2534 7178 5103 2560 1168 1172 1170 3601 5199 2588 2590 3933 7507 1203 6396 874 1201 1212 3703 1221 1213 2573 1258 3975 5211 2712 5001 6322 2159 7122 3449
2071 148 137 5557 6748 145 170 7801 7852 138 6790 7894 1658 4338 236 5607 168 255 3092 252 7922 3090 1677 6771 1748 4439 1750 7936 7908 4469 6789 5713 4351 1796 4483 1812 3150 5741 351 5755 1827 361 1804 213 5759 5727 7982 5758 5772 1837 1594 409 3213 421 420 4528 6943 3198 3208 5800 3211 1863 7983 5797 5678 8009 3219 3234 1878 6752 5821 3069 4558 269 4559 474 425 7813 4328 485 4575 2963 1562 3282 6930 6981 8054 1916 4577 1905 489 506 5526 5851 3289 5549 7823 520 5869 6995 1945 5870 3293 7009 4504 8076 8005 3317 4592 3306 2957 5895 1988 3309 544 8084 571 5890 2002 3349 3342 568 4624 7008 5880 3348 7011 582 8093 5903 2020 5699 4688 6689 8101 7058 607 491 3371 614 8083 4304 2036 3340 1960 5938 475 605 4622 3404 3394 642 8127 8129 5856 2006 4699 6956 4732 6909 8136 4696 480 5974 5975 4741 5986 4761 5995 5950 5996 7084 2112 4630 7071 2157 673 1742 4639 711 3307 5825 8179 708 576 7184 3519 2155 707 2138 4829 6072 2001 2139 2202 756 7140 8233 7107 5956 3483 3569 7217 2168 7149 6108 8249 2158 3587 2236 5989 3556 3513 4849 4704 2215 2281 5896 4910 5990 3593 2243 818 4943 2118 7279 7213 7240 6169 2252 3626 594 4963 7264 931 3570 4939 5020 956 4825 8393 3595 8383 850 2373 5959 7037 5806 1886 1048 4712 3783 3572 8275 955 2428 6101 7404 4695 2489 3811 3401 6313 8458 3601 6316 5082 1053 5060 1087 1093 5032 2486 1105 8473 3837 6332 3477 7430 3853 8469 3843 6338 6206 5125 7153 5155 2505 1122 1126 8335 6347 5161 5961 1129 3863 4945 5169 3487 3871 1135 7016 5181 1146 6341 1154 1145 1157 2562 2558 6374 3897 7454 3890 5204 1181 3907 1176 1186 632 1191 2581 5199 3488 2584 2403 7158 1201 8515 3933 7507 3666 6396 1221 1218 2611 3962 2632 3893 3966 3928 1213 2649 2580 7572 2672 2710 4061 6511 1336 2687 8645 7462 5356 8345 6693 1996 2276 1836 3162 298 6037 1893 3295 4537 7775
2075 122 170 148 5634 5636 3092 4447 3071 6831 3138 1646 6782 7991 4480 417 4534 5772 1742 145 3225 4311 5557 7785 3254 8002 3232 1900 491 506 8009 8034 489 511 5804 1916 1947 4483 4634 555 520 4630 3320 522 3295 8005 3392 582 601 635 2055 3303 3394 8145 585 4792 7084 6006 8017 717 455 6001 6066 4712 762 8153 3476 8238 8245 3595 4919 5956 4948 656 4963 6117 7328 5873 6235 2331 785 6189 7345 2373 7259 2131 3787 5103 751 7402 8452 6294 5125 7057 6334 3827 2509 3839 7409 6271 4867 2532 3813 1105 3862 6332 3853 5170 3657 5173 5007 6367 1141 4661 2562 4912 1126 3911 5197 2572 951 3916 1184 5205 6390 1186 6402 8576 8580 2671 1218 6474
2083 7936 351 4484 3176 8005 5799 3248 3228 5536 2035 3373 5088 8335 1086 6932 5125 3392 491 252
2085 170 3053 138 252 6782 1768 4483 7955 3050 396 417 5795 1917 500 3278 7821 3267 1545 1869 5818 6969 491 4399 1916 122 1890 566 3276 7970 1944 4681 5541 8007 535 558 1953 8093 3365 2030 5856 7055 5823 8112 7033 623 3400 5737 7071 3381 5772 8135 611 7084 3410 8139 3440 7074 591 4761 7127 4724 4795 3511 2152 2155 2271 3530 3507 4945 654 3572 3449 8087 3442 2192 5024 7136 511 4661 6210 8136 8442 6207 3305 1067 6191 8031 3347 6305 4825 2489 2499 5126 8472 1105 7082 1101 1124 3388 2520 2509 5161 3415 3854 1102 2511 1104 2536 2525 8242 3862 2548 8484 688 3843 3912 3851 8500 3891 6345 3911 1168 2568 2127 1115 1166 6015 2572 7444 6402 7543 7300 3754 6515 4135
2094 148 252 1748 7870 197 6753 6831 4483 1742 7790 1771 6771 4534 418 1840 7922 1869 3254 6977 6962 511 1947 122 6718 7785 5545 1541 4640 3317 4484 4629 491 4542 3348 4708 7059 2033 644 4655 3425 3352 2109 2120 8017 770 4862 7217 4870 2168 8174 3597 7230 4865 6990 3637 4943 4939 3514 2262 6206 933 7188 818 8335 6235 3658 6210 1846 3717 2373 670 8275 5110 2381 8457 6037 1107 5148 7468 7374 1172 1169 3861 1184 3916 956 7507 7483 2611 2337 2630 2504 1218 2724 1336 4330 4948 7066
2095 6782 252 6831 7978 8002 4534 4558 3227 4484 1742 1911 5848 3317 8084 3371 605 1923 7059 3400 4708 3404 2072 629 707 7165 4776 7153 2217 3486 5951 7230 7279 6235 667 4752 7345 7365 4955 876 8368 5949 983 2411 5063 3295 8436 5083 3787 1084 2123 1102 1113 5060 3775 6012 5145 2362 2511 3530 3855 6338 1128 3839 6353 1083 5173 2487 5991 5174 6363 6362 1135 8461 6326 2559 5183 1157 3897 2553 1170 2319 5197 874 2562 8505 2341 3443 3912 2568 2572 8335 2576 6382 5206 1181 2563 1184 2088 6344 7499 2581 1177 8227 2580 7500 1182 3916 3818 2583 2584 7497 1200 2573 3532 3933 6399 8520 7091 4996 1187 7525 1212 2630 5220 3962 3955 3873 7491 6374 5221 3893 6441 2649 1270 1273 8236 3928 7572 2606 1262 7590 4013 1301 6474 2710 2708 2709 6511 1336 4061 2750 2724 4071 8590 1344 2754 5341 4095 4104 8645 5364 5001 6402 4135 2418 4945 3303 4322 4535 6856 8223 3392 114 7494 5990 3069 5125 2443 3355 7188 2135 4537 3911 8221 6819 3913 3560 491 4870 4542 4829 680 3023 4755 4912 987 5966 694 7179 6736 1086 198 1664 5772 3308 3666 5762 5825 3850 455 4483 6961
2097 198 6831 170 6703 122 5634 1742 5772 6909 3069 3198 5804 4483 4534 6962 1812 5848 1911 5576 3317 1916 7009 6782 1959 1784 2029 6944 491 2133 2137 4799 7153 711 6066 2198 3392 7162 2262 6235 2373 940 5083 2398 4945 3826 3839 1135 6058 2562 3911 2572 5205 1184 7507 2754
2100 2949 7801 182 6782 5634 5607 1768 7908 3138 4330 1742 252 7981 7998 417 1748 6909 6831 4484 5769 4534 6929 4483 8009 269 1887 1583 6711 6968 480 6964 458 484 453 506 6979 6995 4607 5772 5869 523 1908 7882 5853 7015 3300 4643 3317 4661 3349 3325 5534 3353 4624 2029 7064 3331 4476 635 7055 5896 2015 3404 2035 7850 650 8129 5843 1784 2137 3261 2099 7181 3392 5989 2202 2175 4904 7240 7188 4945 7212 4673 5024 8144 7356 3684 2381 7430 6000 760 3729 3597 3463 1105 3811 1072 6305 6322 5161 5125 2547 3888 1100 3907 8503 8501 951 1169 5205 1186 7507 4001 4061 2754
2108 122 252 5557 6703 4275 1843 4483 432 8002 6962 491 6782 1916 506 1742 3317 5799 1901 3392 2070 5951 4534 3224 8084 8156 1910 5734 6001 4792 3430 8163 4837 1882 6113 5865 3637 6235 2373 6265 5125 3859 4785 8335 2572 7491 1213
2114 252 1742 7978 6836 122 506 3317 8084 3392 2155 8335 3595 8466 5125 1086 3862 5001 6235 5848 197
2118 252 4534 1742 6962 491 3317 3392 4792 5125 7507
2121 4374 3021 7883 4271 7800 1724 6679 7894 7791 6741 1735 6748 207 1608 1695 6688 255 343 1671 5654 4463 3122 7802 347 7782 5613 5541 5519 5545 1662 200 7775 5741 2963 7852 5533 81 170 5557 7801 3052 5634 6831 252 5769 5795 4543 3069 3182 4597 6975 6937 4571 3240 5818 5819 6909 5848 8036 1930 561 1948 1971 4637 6976 5772 1967 3314 5834 1914 1938 544 7026 5890 7016 5841 1965 7033 4661 4666 8076 3348 1947 8002 3327 3295 506 511 581 4678 3371 8110 585 4708 1996 7057 490 8136 4596 4484 4693 5966 607 8107 8145 2133 5933 631 5942 8156 4761 601 8163 7013 7113 7039 2039 6006 4699 3393 699 4609 595 7108 2124 592 2202 2036 7064 568 8127 2168 8106 4626 3548 3321 2118 7230 5927 4777 4910 6162 8155 8199 3517 4878 2052 2139 2214 835 6206 4775 3430 8345 3658 2137 2364 6039 5024 3347 933 2419 2408 8363 455 6240 3413 4779 3405 7071 974 3532 3325 7342 1908 5895 4865 4712 1048 3264 3357 5981 3376 7059 5038 6958 8393 3377 7298 4895 2319 8160 1962 3709 1910 5005 5032 3748 3594 3773 2428 5892 3229 2192 5087 1019 6981 3787 1003 566 5075 2328 2491 1953 8436 7117 2418 654 2441 3465 7176 3823 5082 736 7220 4545 1067 3455 7420 5083 4710 2236 574 5949 7030 3813 1943 7404 3814 1083 8275 5913 1057 987 5103 3836 4724 8252 3418 7447 6265 1107 1105 5901 7063 3729 3626 5148 3847 6305 8314 5007 3841 1096 8463 3529 5115 5106 3826 2487 7242 2510 4752 3463 3833 1085 936 8434 2513 983 989 7094 6329 7104 1102 2532 2443 3355 3443 2486 6338 8468 4873 7430 1122 5953 8481 6323 5145 5866 3827 6191 6347 6321 3572 5164 564 1111 609 3850 2362 2111 6341 1119 1092 3819 6351 6209 7458 2398 680 582 3839 5063 3570 1101 6359 3349 2154 5169 2489 8466 8174 3859 3811 7356 6294 3879 6082 5124 2553 3888 1992 2373 6367 1160 8484 3391 2262 7151 5170 4785 4673 2002 1169 4912 1141 8501 8503 2521 7489 5001 3862 1157 3911 5125 1072 1086 2568 5204 951 5197 3901 3915 8458 2243 7107 3851 5138 5205 2573 1165 2580 2581 6382 2492 1184 6235 2585 7507 7497 6402 2611 1213 6422 3966 7552 2649 956 5221 8576 8580 3513 4001 7572 1262 1300 4870 1301 7188 4061 971 2558 2750 2724 3900 2754 8645 829 2687 5356 6990 6961 120 8101 8144 5798 425 1679 7490 6771 4483 500 145 4322
2128 1586 7801 1562 6730 1646 6784 7823 6782 1662 4317 252 5649 3062 3092 1689 7850 3071 5636 4351 1768 3050 269 1742 4500 1836 4529 6711 3213 351 3211 5821 8031 4483 3250 4528 5839 491 1887 506 8054 483 4546 6979 6909 5769 3069 3297 8002 5848 4534 520 5853 486 3246 5534 3198 1886 3317 5721 5521 4330 6962 572 1784 5626 6703 134 6744 3349 582 145 581 8084 4535 4274 6831 2949 4622 3359 116 4476 3293 4657 4659 3322 1578 3365 4484 103 3348 4447 2029 2031 4559 2036 3392 634 2035 7088 4715 6944 5986 4771 5949 6006 4792 8133 2136 8163 7153 5970 4829 4811 484 5869 746 6066 680 3524 211 3595 7162 4878 3637 6186 2364 7342 1003 1010 3430 987 7093 2168 8111 2381 3811 8314 2489 4725 2202 1072 4865 5964 3463 4637 1092 3295 2521 6206 7094 7213 3862 2511 3839 6341 6362 8335 1172 3684 7489 3873 7462 3911 2568 1184 3818 1186 7507 6399 3933 6235 1213 4001 7572 1194 2712 6359 4135 6402 7782 4537 2581 511 5161 3162 8017 3305
2131 4317 252 4483 6782 122 5557 6711 4534 6831 6962 487 491 475 4275 1916 3317 8084 2252 8136 3392 5007 1092 6340 5180 1086 7507
2136 122 6782 252 6831 4483 400 1778 4534 8002 1840 491 6962 8084 3392 3317 694 2373 5125 1086 2039 5205 6235 7507
2138 134 7775 7922 5634 1850 4528 374 4483 4274 2959 3287 6736 4534 521 458 414 6782 4651 6968 7033 3403 1916 8148 4764 7091 4654 2016 7059 5896 8237 2002 2136 6048 2275 7028 3317 3246 848 3595 931 4910 3524 7153 7328 2364 7162 987 1038 1105 3839 707 3857 2488 3837 8481 8335 1086 5125 5184 5063 3899 7188 6235 7507 6396 2649 1213 7552 6344 2754 2419 4708
2139 5540 4317 7831 170 1646 189 7801 202 6782 6767 5526 4399 5607 7904 265 5693 7922 6831 321 324 1767 246 3065 211 5636 255 5634 3062 1744 1775 421 1594 1850 351 2993 5659 437 4528 8012 6914 5720 3225 2944 3232 343 4552 1545 2947 5809 85 6937 6967 4286 1858 2949 3252 386 5834 1544 4271 1647 7991 5835 4573 198 1916 6836 348 3255 4564 491 506 4558 436 453 1786 316 1954 6753 5632 6946 3274 8007 3090 3213 6942 3212 7926 486 6989 4577 5521 3317 565 1898 1992 5534 1901 4568 6976 4672 3303 103 8038 6978 3322 368 5549 7995 8110 5746 8074 581 7022 615 8107 7982 1587 605 4723 7059 1618 5913 7812 5895 165 563 568 511 7000 4740 440 4743 7056 3392 7074 4741 3419 2036 3370 7093 5970 2077 650 6957 1996 3290 8149 5870 5848 4624 4652 3423 3327 3073 3425 5956 3328 361 2070 3440 4767 2104 3239 4771 616 699 604 8144 5943 6974 5797 4724 595 3450 2168 7162 3482 8136 3524 3336 7140 8177 3321 3468 5994 4837 769 6072 3036 3393 2256 1836 3430 2112 4866 3259 3182 733 1931 2198 3432 7020 3517 820 664 2171 5892 6007 3630 5737 4948 3587 6993 4811 4664 6017 764 2113 3391 487 496 777 1921 6010 4623 868 7015 2117 740 8305 827 3495 4584 7158 7039 8345 3355 958 7283 3238 6151 7300 4849 3665 2238 3256 955 2155 989 718 3646 582 3281 3560 639 3729 8329 6162 4583 3783 5087 5026 680 1067 2416 3728 3811 6281 2350 1987 2492 841 987 3306 4622 6265 6322 6191 8050 1093 2496 3813 5063 6326 8474 3827 1086 3839 2441 6337 1094 2520 7392 6305 5959 1130 3854 5170 7458 7479 4794 6349 1106 2549 5166 3871 2055 4651 5126 5178 6338 3843 1947 4945 1098 4725 1132 4661 3888 5114 717 3895 1170 1172 3887 7489 5204 1174 3636 1186 8502 5205 6235 2584 2583 5213 2585 7507 3933 1218 1213 6402 1300 1304 3913 4061 6266 2687 4095 8645 4104 1378 5356 2002 6736 3487 1697 2352 2580 5734 6776 6752 933
2140 122 252 197 6831 6782 1748 3050 6703 4589 4483 6990 8050 3295 3317 8084 4708 649 1742 5989 2136 4799 3392 8221 491 7188 7151 6066 1003 3588 718 5005 595 7203 8436 4785 7063 3684 1959 6262 2175 850 8155 1086 1014 5125 2562 5170 7507 2649 7572
2141 3021 7877 6782 6831 4483 5769 3392 3317 4799 7153 2168 1086 8335 1146 2572 5205 1301
2142 4311 2979 137 1583 116 138 6698 148 5553 7823 5570 6736 167 5549 6744 7790 4281 7822 2995 122 6718 7852 85 7812 103 111 3030 2996 7839 4392 7894 4401 7831 3098 7870 5654 6784 3036 4447 1748 3122 215 3092 4430 6789 1658 3112 4465 4391 298 3023 288 4466 207 1669 321 220 311 6881 3040 341 7955 6782 343 165 6893 3176 1744 347 1804 5551 3168 1558 5743 3150 1646 5741 3154 6767 3173 5580 7936 5706 6878 6925 213 374 4400 3190 5545 6931 3071 5704 348 3102 7837 6873 256 1837 4480 6947 3138 4476 7982 369 6861 6946 5769 4373 7907 5678 1578 6914 324 1867 7981 8023 434 4504 1869 430 3212 316 3237 5798 3234 5693 1827 4543 8025 1875 1858 8007 5799 2967 8015 6937 466 4558 3254 3107 198 7953 372 2970 5830 4351 4500 5818 168 4559 265 8043 4586 4583 479 3271 5841 483 1878 3255 8013 1840 1771 3278 8029 8008 4566 4563 3253 502 1866 1742 506 3086 1911 1971 1959 1916 6831 1743 3317 1750 4708 1824 4534 490 8148 5859 5956 2137 3392 7188 820 2168 2373 7328 6206 7392 5125 3862 3839 1086 4912 7356 1191 867 7507 1301 2754
2144 3053 6782 6730 6831 4483 7908 4534 122 1916 252 3295 3317 8084 1911 4651 3392 5820 8136 8111 4945 2373 6235 5136 3839 5125 8466 1086 5848 5170 1146 5206 3915 2252 7093 2584 1113 7507 3933 1213 2712
2146 170 6782 252 7908 3053 7801 122 7955 1742 1850 7998 5790 4537 6703 2949 1562 7812 5545 2963 4535 5819 5820 3122 5795 1768 506 5848 1916 1959 8002 1971 475 491 3317 5772 5804 4659 635 5944 7087 8107 3377 3440 2028 7086 616 7127 2133 5989 8177 707 5865 6066 2215 8199 4912 3524 2137 841 3474 4870 8224 931 3657 939 4793 699 2373 7188 8393 2364 8412 4775 1085 3788 5075 2168 7153 1092 3477 1096 6206 2547 1105 5172 5125 5181 1086 1169 2562 6360 7490 3487 4757 5199 1184 8478 1193 2680 4001 4829 4061 1361 6551 2572
2148 2969 170 122 6782 4399 7904 1710 5557 6831 4514 5759 6962 491 506 3053 1742 252 4483 1916 8084 3392 5848 4534 4740 6235 7153 2137 2373 5125 3839 1086 4945 8335 7507 5315 7594 2572
2156 3021 6782 6831 5557 4483 5769 5772 1742 1830 1843 8002 4534 5795 122 103 6962 5804 469 506 5798 491 8017 3317 8084 8110 7059 5989 2137 7153 7162 1911 4778 931 2373 7188 5848 4945 3811 1086 8335 8481 5125 5186 3911 2572 7507 2754
2158 5557 138 1646 6782 252 4407 6779 3092 3065 2970 5693 259 6831 324 6688 1547 346 5519 4483 361 6861 7955 7838 106 6682 3052 4469 5719 213 1742 3187 4504 3173 1837 4520 7981 1594 134 1689 369 1850 6947 3202 421 1867 1647 431 3225 7995 4531 8008 3234 4351 444 1679 8034 1866 1911 473 491 489 515 3294 522 541 1914 503 4283 215 2963 122 116 531 8048 555 1975 5721 5534 3037 4653 2005 7008 496 4661 4678 3309 8084 1886 1984 595 546 8107 3392 7063 5944 5856 4717 4699 7055 563 2111 3375 3451 2123 670 5936 2035 4768 4792 573 4743 476 6012 5964 7084 4829 3529 509 667 637 5981 8236 760 700 8199 3595 8184 8204 6067 4865 6039 8252 3587 3593 7242 4675 7212 5994 3609 3591 8200 5989 2108 3626 4959 7279 696 8005 8314 432 1996 3686 4955 2414 485 7033 8335 4963 1045 3657 2489 5114 8245 3357 8397 7392 2495 7213 8463 5106 2129 4677 3832 5088 2496 3461 7094 8458 7078 3463 6329 3863 680 1105 2538 3589 5170 3843 5181 5190 3897 1147 8216 8501 3911 7174 5204 632 2553 5199 1184 3915 956 1169 7491 7497 5174 2573 2585 8515 7149 3928 5220 6235 1213 6387 1300 2710 2712 6511 4104 1135 1894 4785 4637 5848 197 756 987
2159 1583 5557 113 5659 6724 1742 1745 6755 1916 491 5843 3317 8084 5914 2015 8129 2136 4865 4833 2373 6058 1130 2553 1126 2584
2160 4319 5557 4341 6703 122 7782 5626 7898 298 165 3055 2993 4448 1784 6881 7976 168 7908 1830 3198 1843 3069 417 4534 7801 6831 252 434 1738 1887 1669 3239 4548 3254 1911 4575 5772 5795 2949 138 511 5848 506 1945 4274 4304 111 5878 7019 5897 1966 4679 1916 7791 4708 8112 4703 635 611 4484 5891 8090 2085 4736 8136 2029 8116 4483 8107 2068 2133 2035 1742 2157 4792 4632 5989 7153 8200 5885 3419 7205 8226 5976 2192 2168 8224 8264 8221 5804 5900 8084 3595 6206 550 3618 2337 508 3487 8320 7342 6235 7365 5075 8070 629 6306 8017 5141 3770 7430 1109 3295 3811 1086 1111 8466 4895 3839 3862 7449 5181 1146 1172 2562 2569 3911 5993 1184 3916 3813 3930 7507 1207 7497 1200 2649 4013 1300 8590 4001 5315 4095 4104 1378 4135 6339 7590 1857 6389 8008 4601 3225 1174 4592 595 1697 1193 3182 6978
2162 170 4328 7850 1646 1558 4327 5613 7877 6776 4374 4370 6782 116 5557 182 3062 210 4399 239 252 3033 6796 6779 6693 7908 4430 303 6831 1795 6868 4483 6819 3176 7980 3004 4525 1675 4533 4513 5721 8002 3069 6736 5632 3202 1839 5790 1843 4278 2949 3214 4543 5759 6909 455 1883 7945 3241 6967 6682 5831 5834 1889 5821 1897 480 472 8045 3211 4583 6962 6836 8025 5844 333 3232 6964 1917 8029 1910 7882 1923 466 4603 5867 520 4546 1957 7014 265 5521 1860 1803 539 1990 197 5714 574 5678 5870 586 5903 5868 465 3292 7046 4601 602 3369 2029 611 8106 5928 8133 1894 2091 1738 5960 5969 601 8136 3305 5974 7113 6723 1587 637 122 2137 2133 8155 8120 4799 4725 3229 491 616 6072 595 7184 8177 663 297 7071 2168 2136 7051 3431 3526 3373 7140 8252 7104 3439 6151 6150 7176 5841 594 4943 4948 6168 4895 777 2243 746 5895 3391 3572 3213 667 3664 5815 5900 563 7230 573 2215 8168 3588 931 5892 454 4910 939 3357 7283 3479 5020 727 2047 2381 3257 7345 5890 582 3665 3752 1003 2373 3551 3770 2201 8048 1016 550 568 2443 7063 3276 6981 1067 680 6323 7453 7430 4795 3446 4622 3843 6066 1107 670 3857 3448 1101 1086 3845 5124 8162 4870 1151 5181 3609 6362 3890 5190 3888 7149 8502 2562 4794 3911 8146 8481 696 3895 6235 2585 6390 2584 3853 7507 632 2593 7188 4847 5221 6422 3966 5232 3969 5341 2217 5769
2164 170 2977 1629 5613 7871 3053 3034 3062 1647 6793 1592 7880 7850 210 7882 288 7933 236 3138 1724 6755 1796 5713 316 347 297 4483 7785 6893 85 324 348 7908 5772 1738 5607 7945 6914 4508 6831 404 7936 4549 1879 6779 189 333 4469 8007 1856 3241 5790 5838 1878 5830 3259 6962 8019 1916 1658 4578 7983 1908 6819 5649 5706 458 6957 3246 6989 1923 4330 544 5534 7019 519 5881 5859 475 1910 5722 522 4615 7015 552 7023 571 3303 568 4637 3290 456 197 2949 7801 4319 6705 3162 4665 1609 1567 5551 5802 122 6703 8089 4679 8094 480 3349 601 3309 6954 6716 7004 6939 614 8107 7058 4666 4556 3328 3392 461 6981 8112 3404 7033 7046 3365 585 4723 4654 627 7055 3390 4694 5890 3426 2076 3340 5951 611 5911 656 2017 5895 602 605 4528 7056 3373 2104 7054 8156 7084 2018 4771 2030 3198 2137 2152 707 4792 2157 4768 4811 6000 4829 2168 2068 6028 616 7184 6048 6066 8197 565 3519 5975 2154 636 2223 746 3479 2066 3488 2215 8039 3593 4904 733 4948 872 3637 7264 5981 900 4849 576 4719 3255 3517 7034 5988 7029 2135 3229 1867 5020 5820 965 981 2408 7356 2414 4943 3728 2398 485 2373 6105 2474 2485 1083 4752 6326 8450 6334 3827 5148 6337 2419 3839 5153 6332 8466 5124 2538 4945 5117 5178 2532 3808 5181 5169 3858 1984 3843 1086 7492 7495 1174 2561 1186 3930 1207 6315 6422 7552 6441 1206 1314 2710 1157 5315 3871 1213 6374 2136 6101 511
2169 148 6782 252 5557 6831 7955 1742 1840 8002 5804 122 506 5848 6962 491 1916 3317 4598 976 7342 2373 5125 4945 5144 2521 4399 5966 7507
2170 6741 5537 138 7823 5570 1586 1629 170 7831 4288 3033 1628 1658 7894 5607 1710 5613 6789 116 215 6796 1616 210 1745 165 3030 7870 5632 1738 6813 1689 5713 1670 3035 6819 321 7922 113 1610 3122 3073 5623 4463 198 4469 5580 279 6784 3154 6904 1695 3150 152 3055 2976 6884 7801 1612 167 1850 7907 1646 5769 256 6920 3053 4417 1744 1827 348 5758 1843 1748 422 5678 3088 3213 3212 3202 4534 8002 324 4483 6962 6782 1916 5549 4309 259 3066 2969 4291 122 252 3090 4300 6736 2002 1742 4622 3373 5966 2077 3379 2099 1898 7084 2118 6006 3524 3646 4878 7300 4825 3709 2018 3626 6166 5949 3827 2341 8474 717 1072 8458 3460 5153 8466 8335 5155 3853 2496 6082 6359 4945 1086 3811 1135 8484 8502 3907 8345 5169 8500 3911 5204 2572 5199 6235 3915 2585 1196 6387 3933 2580 2624 7490 2593 4135 316 4545 848
2171 148 2990 1586 3021 170 6771 4372 6782 3053 6790 215 5557 210 6744 6813 5626 3037 7917 4430 1742 5570 5549 1676 4463 303 3138 6831 4476 1784 5713 7850 7955 7896 5734 3168 380 1812 7782 6682 7976 3034 168 1594 5758 5772 7785 5759 4483 1541 3198 4529 5719 409 1846 1840 1827 4490 7838 5790 335 4528 3069 1545 8005 3052 2957 3202 6946 3220 8003 5795 6954 7999 432 6870 8026 269 3234 3238 8034 7991 6861 3254 5762 3232 5809 3050 1901 6968 1911 4537 483 4586 1866 6979 453 3246 5839 458 506 491 5848 511 6752 5742 5847 6718 4448 3213 1937 1881 5853 5649 5632 189 4610 4609 4607 520 7004 5869 1886 3281 122 4311 7803 1646 4317 522 7812 5804 6703 1921 7017 7801 4640 1964 4291 3294 1958 4635 556 509 1910 6976 3318 8065 4568 523 7015 1948 4622 5881 3322 5862 7018 4597 3319 505 4641 1966 4624 1916 4630 1959 5888 5884 5721 1990 546 197 7033 4653 568 5890 5534 581 1587 4666 6711 7042 3349 4661 1857 2001 8089 565 5843 575 4623 3325 602 1987 3303 8039 5896 7823 5901 3371 3353 2032 2029 4659 7058 614 5830 2039 571 3328 7011 3357 4695 2035 545 7936 8107 3261 3401 5873 625 5895 2036 2018 5841 582 4673 1973 3417 2015 2076 2077 5913 8116 2070 634 4736 2072 8129 4738 2085 3426 1861 649 2066 576 4710 2017 4743 650 3427 8136 657 4677 4534 7082 5966 7029 543 646 4724 4752 6944 5769 8149 2109 3446 3440 7113 1984 3257 5982 8084 8144 631 8163 2111 4777 3439 613 4792 7162 6953 3524 6030 8111 5986 687 6066 610 7181 756 2175 746 2215 673 770 2152 7094 5989 4845 700 3392 7217 5973 4870 7205 2230 3548 6113 5990 7149 3587 7212 680 8238 727 4878 7176 7071 718 760 6117 7174 3595 6185 3664 2262 7059 7051 940 1983 4963 7264 2238 900 8345 4970 5024 6235 4849 2198 3709 8146 4578 1912 3609 3684 8436 6161 1019 7404 8412 3658 485 6262 6206 956 609 764 7165 2373 6294 4910 2364 3378 2489 8242 858 5007 2490 2038 987 2496 5103 2358 6210 6325 4795 2428 8314 1053 8434 7104 6322 8461 3729 6310 8468 1105 3823 7435 6334 6316 7447 3820 6315 2286 1107 3837 1083 2518 5148 2524 3833 3295 2525 829 3463 1092 2521 1081 3857 2532 1124 5155 3819 5153 5145 1096 2536 8475 6321 8139 2538 2509 6281 1967 3862 1101 3851 1122 751 6341 3852 3865 4689 8162 5161 5178 6329 3335 3859 3783 5173 5169 2400 963 3843 8341 1129 3863 8463 7475 5027 558 8473 3879 1126 1145 6362 5184 8484 5166 2513 8474 8299 1020 1086 3839 2562 8501 5170 8502 8500 3853 7490 8503 7489 1141 6359 2089 7092 4945 1146 5125 3912 5204 3911 2572 3907 2576 3915 5205 2580 5001 3636 1169 1192 2381 5106 1196 8515 1186 1165 7507 6387 8466 1221 2630 1106 5124 1213 2624 8576 1300 3529 4061 2712 6515 2754 3299 4581 1689 3479 454 549 3317 7153
2173 5557 122 6782 3053 252 6831 1742 4534 8002 4483 6962 1911 506 6703 3392 6978 3487 7188 8335 5024 2373 3811 1086 2572
2174 5557 122 7876 7904 6831 1742 4493 5807 8002 3256 491 4591 252 4483 6782 3349 8089 3252 2051 614 7029 625 623 649 8226 2155 770 3392 872 6206 936 5124 5155 1146 5190 1160 1086 2572 5125 3930 7507 6422 2624 4001 5298 7594 2754 6711 2722 5966
2183 5634 3052 3053 6779 5541 4274 4476 1761 3050 5759 1594 5818 6790 480 1907 2949 3274 3202 3240 511 4271 4283 417 5772 7838 3307 1923 5884 611 7055 614 3404 4716 2133 2005 4666 1959 1866 5999 3432 8200 7159 6055 3431 7174 4829 8463 2125 1082 2513 6012 1145 1191 2373 1187 2539 1086 5364 6441 6831 4534 1916 5557 6962 8084
2184 7790 4309 7936 3071 7837 5557 106 6831 5772 122 4304 454 1618 1916 6782 6744 4571 4622 6964 3317 1970 5890 7033 581 5719 5525 631 2078 1938 3187 7064 2118 4767 2117 6869 5964 7158 3481 3513 6235 5114 6210 5125 5144 1019 6281 4686 4945 5145 482 6321 3857 2182 1146 2398 5184 1154 3832 7479 2563 3856 7507 7525 3944 4001 6511 5185 1893 5822 1851
2195 5557 5626 2949 252 5607 5570 211 197 1562 7908 7782 1748 120 6711 1843 1846 1840 425 480 3168 1911 5613 122 6782 506 116 511 5848 134 6964 3317 5870 1971 1916 8084 1784 3381 4691 4705 3305 3392 4483 6962 7088 8136 4534 3348 4771 485 7184 5825 581 2137 6082 3373 4528 5769 7283 8221 7188 6210 4865 4870 1003 582 6066 7059 7408 7404 2414 3811 2489 5125 5148 3837 3295 3839 2066 8335 5178 1169 5199 6235 3933 6402 5221 6422 7572 1336 2160
2196 122 491 4563 6782 1586 3317 6235 5125 6367 1086 3916
2201 148 6782 252 1742 8002 1911 491 1923 1887 6962 5848 1916 4537 528 3392 635 3373 2133 4484 3317 7153 2137 3524 6015 2155 1003 6206 2373 4953 5125 4945 2562 1184 6235 7507 2584
2202 122 6782 252 236 6831 4483 7976 6909 417 5721 429 3249 1911 471 1916 491 5816 1907 4534 4607 506 4338 1742 4634 3317 8084 557 8002 585 3392 4710 5944 4476 3401 609 8111 2133 416 7153 2162 5720 7020 756 3587 4436 2276 8320 4959 2373 2520 7471 7484 3879 3861 5124 1162 7507 3975
2204 145 5572 6711 7823 1629 138 170 2995 1616 3033 5626 5649 5623 111 1671 6776 6813 3053 252 7903 255 2996 7850 5636 168 132 6884 7955 3168 1768 7982 380 6929 1742 1830 4484 2959 411 1545 3213 4534 5758 5772 3219 1825 7838 5795 1863 8031 4567 5803 458 4559 5835 5839 483 484 1909 4563 3222 482 5848 106 3069 7882 7017 4607 7016 6962 1916 506 3317 1971 1886 8110 3328 602 7033 3392 2029 585 4351 5534 4330 7048 5942 491 558 5837 1878 5859 4681 5770 3300 1778 5970 649 2077 5895 7936 8084 5769 8130 2070 8136 3198 4311 2957 116 3440 122 8129 5989 6013 6010 3348 7153 711 565 7178 3524 7183 4727 4781 3259 7205 3549 4870 3587 6964 351 3239 1887 7212 2281 6113 3295 3373 6166 7264 4704 8217 4878 3561 3378 717 931 3305 2168 7328 6210 8039 2364 2002 6082 3626 3729 4982 6249 1072 3811 2381 485 1107 572 1086 3853 3862 5125 4945 2548 6359 6206 1146 5169 2111 3888 3530 8503 7490 8502 1169 2553 6235 7500 5199 1184 7480 2590 5001 7507 3928 7188 8515 7497 1213 1094 6422 6000 7572 3513 1301 2754 4135 3211 4483 1594 4610 6953
2207 6782 4534 455 6831 6962 4483 8002 1858 6990 541 484 3317 5888 7042 3294 8084 616 1985 566 7088 3393 8107 2036 2077 2104 7108 4710 4948 6113 7320 8393 2252 3430 6332 1086 2117 8335 2572 7507 7525
2211 122 6782 5557 252 4483 7976 5527 1843 396 1742 4534 8002 7970 1879 6962 5613 2970 1901 491 541 3317 1916 8084 3392 1970 699 4829 2373 1067 6312 5125 1086 8335 3862 3839 5211 7507 3962 1270 5212 4061 3861 2445 4135
2212 2976 2990 7823 6718 4328 4362 1629 3021 1616 1628 5613 1662 3033 1671 6782 1576 168 6784 182 3052 204 1666 5649 4391 7882 7890 6682 1581 4343 5654 4392 7904 1689 5634 3098 6799 220 1738 6813 4447 1748 7926 5689 3062 3112 4463 7933 1784 288 5706 5626 6868 6881 5572 346 4483 1742 351 373 4500 7978 5743 3107 1594 360 7982 6904 3162 5762 1837 374 1778 6920 145 409 1850 402 7934 7996 6939 7990 94 4513 5727 4516 111 136 3213 7991 5799 8002 3050 5790 7986 8003 8016 3234 4558 5818 4551 455 2959 6711 5535 5830 6962 1858 5541 7993 483 6968 1911 6959 6958 8008 8049 506 502 5809 3294 458 1943 3290 3246 1886 511 453 1923 5766 5869 541 5850 4568 4566 505 4560 3318 523 1967 3317 8065 475 464 5523 1992 565 197 4647 4657 8084 7008 2967 3327 7001 4531 454 6980 3359 1999 4661 3328 602 533 1984 3287 4609 585 7953 4654 521 3375 4694 6922 6870 2034 3400 3373 3416 4717 636 4629 2070 5945 4381 4288 116 5549 4398 1658 4732 5636 4735 4699 134 2083 6716 3198 2056 7078 7818 7113 2119 7101 5982 2033 3440 2111 672 4771 6004 693 122 2077 5913 5914 1965 2035 654 5870 662 649 4330 6001 707 699 8136 2178 4792 2139 7153 666 2157 6953 3513 7155 1947 4678 7183 7193 7184 769 6072 638 5966 6028 8197 8177 5911 6113 7230 1928 2252 2275 3593 3224 2276 245 848 7103 2122 8116 4727 5714 6166 6169 4865 4948 6180 508 4878 8313 8321 3665 3683 2117 7328 8345 2125 7312 2373 3308 965 2243 787 968 6235 8381 3379 785 4778 3405 4996 1003 2215 3754 987 7341 4933 3729 974 2411 3728 5114 2489 7117 7242 3819 2487 1053 2510 2525 1101 1122 3862 1113 2532 1114 2511 3859 6344 5164 7279 3872 1123 8335 1072 5178 2238 3609 8503 3900 3887 1155 3910 4955 8506 3886 5199 1177 1182 1186 5001 1192 5205 5206 1196 2584 5212 2585 3930 1200 7507 6402 7525 6396 3966 3969 8576 2671 2669 2670 1285 4001 3909 7444 7590 1304 6474 2712 8613 2708 7599 5315 6515 2750 1378 6703
2215 145 122 3062 3098 6688 1775 5727 6789 1811 1804 295 1742 3205 6922 1837 3204 4534 1856 5758 4537 4529 421 6952 246 211 6957 1781 8016 5804 5649 4573 1676 252 1857 4311 1916 506 5632 3239 3065 5557 3300 6718 1906 6979 5835 542 4551 4535 4643 3317 4556 4666 4661 5769 585 2976 4683 1919 4667 2980 6723 111 549 3357 3359 4652 8101 7850 454 3391 4708 3389 5902 2039 7046 3233 7058 4417 2020 613 3404 8136 3426 1594 455 2033 7088 7055 4697 7097 5825 3417 8106 666 5966 7060 2018 631 561 3259 2120 8164 3477 3401 4829 6066 7162 3529 717 770 4725 4845 7203 709 5935 650 7205 801 3321 4895 3595 7176 8130 3435 4912 3511 4778 4806 6039 7092 4546 827 3530 5901 848 7264 7172 888 872 3630 3637 7242 7283 4775 6171 829 718 3392 8335 8345 2168 981 3560 3379 7151 5803 674 7356 987 2243 3787 7408 7430 3811 3444 5103 7091 2316 8474 3853 5153 7447 2513 5155 4785 6345 5161 1086 5125 8481 3879 3883 8500 1160 8503 1169 3901 3810 5204 2572 2576 3915 1133 5199 6235 2581 3646 6387 8501 7507 8515 8466 2649 2624 751 7572 2687 8590 4104 2708 3928 1301 5173
2216 3021 1562 7801 200 1646 6744 138 3064 4317 1587 6813 2995 1735 4442 3092 6784 5636 4437 6718 211 6771 236 6782 1724 7863 4281 5689 321 5693 3122 3112 4330 4398 5553 3123 3138 6819 3062 7945 1768 106 6881 1767 1664 5649 7908 1754 1804 369 4373 1742 7981 396 7850 400 7953 4528 5634 1846 411 1840 4535 1830 6943 3205 213 435 265 5790 4549 3234 343 5812 3249 6963 1894 8038 4574 6953 3255 6977 148 7782 5545 2996 1545 6688 7804 170 122 6703 239 1583 2979 7870 4291 4275 6981 475 1701 4399 5848 103 1910 509 4537 6976 6964 3300 5766 8005 548 529 197 4651 1985 565 5895 4659 3371 535 4697 5914 3432 4743 2070 8148 5888 566 7114 440 2035 8077 7055 3290 4629 5861 1997 613 7153 724 7034 2178 5954 7205 6072 3593 2275 634 2236 4948 2170 2292 908 3430 8266 7172 7179 6249 2419 1105 1092 6329 6315 8397 8146 573 7091 1145 3899 5970 3378 8474 987 2491 6362 3902 8503 1086 8478 2573 5146 7500 7507 3933 1201 8576 2671 3992 4061 8645 8221 4945 3261 491 3865 108
2227 4309 1608 134 6679 167 6730 6782 5613 5607 122 5634 6790 3053 3112 5557 252 7936 396 1562 5795 103 5812 1878 520 1916 4639 3369 3378 5649 4398 5891 7097 3261 7093 458 3425 6003 4799 3401 4723 8249 3317 4997 3517 6235 6191 3777 6210 7449 5125 2373 5151 3879 2563 8506 7490 7507 8335 1086 4001 1300 7572 8590 1301 4135
2233 2992 4311 136 5557 6782 252 1761 7908 4484 5795 8002 4534 5821 1768 5834 1907 1911 491 506 511 122 2949 6703 4399 1916 7016 3317 3305 547 3361 3392 5913 5856 3391 2137 4811 3664 7188 2373 717 2411 5125 1086 2562 3916 5205 2580 3955 454
2243 6813 3062 236 3045 1742 3198 4483 5769 6962 491 252 5535 8064 3295 8005 5527 3317 4666 4697 3371 3392 5942 4806 3375 8221 5973 7230 4878 827 3593 637 4726 4945 7242 615 7029 8275 3387 7328 2215 8363 2373 4647 4724 6206 5772 455 5960 7443 1072 5125 1105 1086 8335 5161 5170 7475 5083 6367 8500 4794 1151 8501 5176 6382 6386 1194 1174 7507 3653 1207 1149 2558 5141 4001 4061 2754 7525 4135 3234 5181 7087
2245 1608 6782 5626 3045 6711 2976 6836 7775 6688 303 168 6682 4476 3138 3062 6868 7908 7837 5713 7955 1812 337 5741 4398 316 7953 1830 6856 256 5721 4535 422 348 380 8002 4537 1742 3211 5804 5795 1867 3198 3226 5769 4543 425 6936 1879 6893 6945 469 453 8008 7995 3069 5848 5847 8054 6995 4399 1567 4566 520 1646 5557 7785 2949 148 122 1583 4311 3290 530 534 548 5636 3318 4633 7019 1966 4570 3228 4663 3348 2977 3361 1854 7022 3365 3229 3260 5896 4673 8112 3383 1933 4664 2034 563 8092 2033 635 4699 8130 582 3430 4771 616 2133 3450 8155 2111 601 5989 3416 4792 7153 2137 3529 746 7162 2201 735 2139 634 2002 5929 2138 8116 7164 6030 6039 2199 826 8199 3561 8165 2275 491 3224 3517 5996 3593 7230 4948 7107 8216 4778 835 3413 3595 8017 6166 5007 5874 3666 4943 7356 1795 3709 943 3752 2373 7283 8393 873 989 1048 7404 8436 3818 5115 7454 5144 2482 2416 1087 1105 1092 6210 3813 5106 3837 6305 5150 1093 7420 1111 2505 5961 6347 1113 5178 5170 3839 1133 5190 1145 2538 7320 5075 1129 3589 2424 6265 6334 3897 1160 1168 6185 3811 5192 5197 3819 2534 3911 8475 2572 5086 3901 2403 1191 1184 5205 2576 8335 1146 3909 8515 3933 5179 1201 7507 1207 5220 1212 3858 6422 2649 3969 7480 7572 4001 1221 1301 8501 2754 4095 4104 2768 4071 5173 7437 1086 4319 3895 4955 576 3234 609 2580 4135 3570 5964 666 6013 1822 103 5125 1096 2123 7151
2249 5626 252 6831 347 7978 7976 1827 7982 6922 333 1770 5758 8002 6688 3202 1562 122 5557 5525 6703 4317 8017 491 3069 3287 4637 3317 8084 4651 4799 8245 4694 8314 2381 6313 1945 1086 5178 5124 7507 6441 8580 2712 8590
2251 116 2949 5607 5634 1677 5613 239 236 3053 4309 1733 1676 4476 1748 7936 4484 324 6782 353 259 3176 6907 4448 381 7980 7981 5532 213 211 7991 6947 432 1867 5689 455 1878 1827 4338 8002 6790 5519 5821 4559 168 4534 1775 1911 1594 6962 4351 7999 3280 506 4577 5848 3069 5795 7926 4330 3276 4597 3294 554 2963 4311 6703 5721 6680 7801 577 5799 6976 2029 3353 1803 571 7976 6831 122 484 2056 5521 6974 2018 2036 8107 613 5853 2077 4743 3404 5772 2066 4607 602 197 573 2109 8129 485 4787 7153 2152 5895 705 3483 4829 3401 6066 3524 3513 3435 2002 252 2202 198 2139 3392 2175 8238 5769 8084 1887 2137 421 7264 4910 1804 4785 4878 3646 2238 6206 8221 4712 5961 6209 3684 3379 4865 2052 500 8017 2414 1003 8314 3548 3729 1959 3811 5106 5124 491 7404 2513 1101 2111 3295 558 1086 3859 5125 8335 3597 1171 3850 8503 7490 2568 2243 1169 1184 3916 1186 7507 696 3933 1213 8515 4001 7572 8590 1300 1301 4061 2750 1830 8005 145 4537 4945 4483 5966 519 1201 6990
2254 6813 1745 6831 4483 4534 8002 4552 6962 122 252 506 1916 3317 4708 3392 605 8129 8106 1964 4799 3511 3664 6007 4945 8335 1146 7507 2750
2255 167 5607 1586 5634 252 6782 114 4340 7941 3007 5541 5534 1724 106 4291 4343 7955 7882 4469 8002 4351 313 5559 1578 6963 6682 213 483 6744 211 5525 4534 8019 7908 255 3255 1923 5839 511 1882 4399 6990 1945 5853 1916 1921 469 3295 430 548 6946 2995 3299 1612 3318 5888 5737 529 3311 3317 8070 3349 122 4673 4677 8090 6831 5722 5557 491 1541 4661 5790 1910 3392 6936 484 2036 635 7009 1670 6987 8131 4710 5883 1697 5989 7153 3413 610 8179 6067 3587 650 8094 455 8174 6180 3486 3487 3561 7037 3664 4992 3482 2418 3765 7407 3595 2490 3833 1092 3252 4785 8474 3589 5125 2414 1122 4743 3594 1086 8397 1175 1114 1191 7497 2590 2626 7442 5206 7158 2632 4013 4537 2166 7790 4095 7188 3069 493 6943 451 4945 4484
2256 138 2976 170 4328 1562 7883 4343 6771 252 6779 7837 4447 7917 7782 4330 106 3122 4463 324 3168 6907 3173 4500 3205 3071 1594 4526 1850 5713 6947 1846 8002 7991 5636 3211 6945 1840 2957 417 4483 3234 6962 511 2949 4534 6703 6782 8034 4275 1742 8084 5769 6909 4771 8107 1911 4829 3524 8221 3392 197 3626 4945 2489 5106 3811 3295 5961 5125 3317 1086 607 6235 7507 6402 1719
2259 6782 6790 5686 4447 3173 1778 4534 6947 1670 6831 252 6962 3254 425 1784 1873 5804 122 5853 3289 119 1856 1812 520 1892 453 1990 5820 5890 3392 545 1914 1964 654 3425 3302 5936 8245 7212 2265 4945 7279 3476 6101 4912 1738 3090 6206 7328 2033 2202 2135 762 3703 2373 4666 5954 4777 8329 8236 987 8179 2414 2482 7450 2500 1913 3820 1102 3841 6315 6353 3879 3658 7116 7093 3371 1144 6338 8503 8481 1169 8484 7499 1196 2584 1165 7507 1086 6382 2328 6037 5123 7543 2560 5221 6007 2166 1301 6396 6474 5315 5242 4735 6682 8144 7001 5138 6369 8450 3315 6316 4811 360 2276 5711 8170
2263 7801 5557 6782 4483 259 3168 1742 8002 435 6962 3221 3240 3273 506 491 122 3317 3392 1824 4657 3281 8084 3329 7127 3470 2164 643 814 3519 4945 4626 2373 5125 7312 6294 8335 1112 8397 2331 1177 7507 874 1301 6399
2266 6782 1586 4442 122 1647 1879 252 1742 4534 1916 3317 1086 7480 1361
2267 252 6831 3052 6779 1742 348 4483 1850 5557 4534 1562 1830 103 1778 421 4322 2949 6968 5772 475 5848 3251 527 3213 522 5888 5534 3328 3392 2066 6957 2104 5989 1768 1914 2077 4308 2202 7181 4809 717 2215 3371 2169 4851 4829 7162 3709 8159 6082 2427 5087 2486 5106 5125 3820 1086 3847 4870 735 2581 5124 7507 1094 1300 6474 3913 3636 6753 132
2269 2977 170 1558 5504 6782 1646 6730 6813 1689 122 1748 7908 6711 252 4500 1742 3204 7998 5534 5799 7790 7991 4535 5797 1863 4534 5795 132 6929 5805 1887 3220 4569 189 3069 5834 480 8045 4558 3258 381 482 4575 4483 489 520 466 5869 1931 1886 6979 567 491 3246 1955 5704 3317 3392 4719 5873 2949 3519 3375 8221 3637 6235 2373 6207 3770 8086 6325 1086 6315 6337 3820 5155 5161 3862 6359 3852 1169 8157 7507 2626 5232 2754 6679
2273 1586 5572 1646 1612 152 4283 207 204 202 4401 252 236 5557 4274 5607 1733 6689 119 5689 4457 1775 6779 5634 5659 347 5636 346 4484 5755 3050 1832 5743 1843 4529 4504 6873 5687 1850 3065 402 3202 4513 6831 3226 423 447 1879 6937 3249 3235 456 4552 6777 6730 107 2947 2959 5549 1583 5541 3254 6969 451 8008 4574 1897 7822 1830 480 5758 4308 4591 7801 3252 4592 5798 2969 444 4589 478 5809 138 386 333 4399 500 1932 539 3208 1947 525 5855 3292 4569 6995 1959 6954 551 313 5521 1906 1910 5851 8073 523 8061 7985 136 1933 3239 4565 5799 7023 3313 486 5870 3300 1992 7019 1938 505 7001 101 7785 5832 5866 1547 7796 5888 3276 596 4659 1990 3356 3287 4691 600 512 5752 197 3349 5839 5529 2039 582 2001 3354 7046 592 5812 5896 4697 3404 635 4717 3312 4653 3410 1803 5825 4677 6987 2076 2045 8135 644 4740 649 4738 8107 4693 556 7093 7024 408 7088 5926 5969 3355 7097 3429 7101 1670 3440 5873 7074 4656 4732 4771 2130 7127 5804 8097 3419 2077 7896 7051 8171 3443 5996 3485 269 8147 7098 4613 6015 715 7184 3511 4809 8197 6058 756 2139 4821 3495 798 797 2175 6066 7205 3418 4633 609 8155 4673 651 8106 4895 3335 6026 8150 7112 7026 2036 4779 4781 2281 3630 4560 4675 3572 2152 4870 3543 1880 636 6117 2293 6180 3432 4826 2162 8295 3609 2192 7328 5892 631 5986 8314 8275 6240 8245 3709 956 2215 2328 8393 4996 8136 3340 8031 7320 943 5964 7033 484 7408 2037 1056 4995 8412 3530 4777 4775 981 2443 4910 1857 4622 8452 2066 987 645 7433 8397 2499 6271 3826 5138 876 2095 5150 3854 2416 3819 1113 1092 3840 5155 835 5026 3855 3829 8335 6345 6338 6321 6349 7462 5161 8475 6344 1105 5178 8474 3839 3858 5153 3463 8127 5184 3880 5190 874 6367 1160 3376 6369 1147 1129 1170 3885 7475 5169 5197 2562 3888 3907 3859 3765 2492 5199 3811 3913 1169 5205 1072 7497 7491 1184 5125 951 5159 4752 7507 5220 1221 5232 6422 1187 7552 6387 8580 2611 1285 7576 1174 2687 2424 1086 2709 2712 2750 4104 1176 4135 4432 7936 3770 7054 6054 1201 3513 5203 3872 8157 7029 8005 8467 2487 637 5170 411
2275 6782 6831 5557 453 8016 1742 122 3176 4483 5795 503 1916 3300 8065 7014 3317 1965 6979 1941 608 3392 7081 7088 2109 8002 735 7193 2111 785 4652 3609 908 632 2108 5125 7491 7507 2584 1182 4104
2277 6782 100 3107 5559 1827 387 252 6831 6962 2963 491 1863 1916 432 8026 5870 122 4483 3263 4694 3327 4667 1966 4591 509 7097 567 3036 3102 2109 4600 5888 3340 3317 3331 4657 6072 3252 7870 5999 1970 6000 7009 1921 8314 1761 5815 6255 6003 2157 1086 7409 1196 7507 2649 1300 8492
2282 1576 148 1616 5570 138 170 6767 182 4413 235 5572 6796 6782 7898 265 6836 5689 2940 303 3138 7908 7782 6881 1812 255 6907 373 1748 374 7978 3198 1775 7981 5790 3053 1745 387 1837 4529 2995 1846 7998 4537 5769 3226 1545 5806 3208 8007 5714 6831 3219 347 1742 6869 5795 3261 5824 5822 6930 3251 1923 1916 7823 4319 1586 5848 1662 5541 252 4399 7801 5557 1608 5634 6990 4340 527 528 122 6964 3276 2963 3280 3317 5721 476 1947 3294 3322 3320 3300 5834 4630 3308 565 484 7008 2005 1987 5804 564 3331 1910 100 4597 3229 2014 6931 5766 5705 8074 8107 7034 2020 592 3293 7028 8094 5921 2029 1803 614 8106 605 625 7976 2045 7025 635 618 2072 4542 3410 5966 4726 631 8136 1867 1901 1906 1863 7991 6962 7896 3355 5929 1887 3357 491 2083 5720 2130 2066 5989 5991 7098 8155 2136 707 2151 3069 2157 711 6007 3378 8200 2168 4829 7153 3541 3556 3392 725 7140 2234 6072 5988 680 3514 7230 777 2275 5935 2281 3572 872 4912 6169 841 3595 1928 4775 7309 3683 2361 7188 7342 6235 955 3709 2373 2215 616 3413 2137 485 6066 8017 3777 8442 4873 8084 2362 4995 5110 6262 5114 3811 7409 1105 2525 1932 3295 2483 7430 8463 2532 3862 8481 1129 1128 6347 7115 1101 2539 5125 5170 2547 7478 1115 3855 5173 3839 8484 1146 3880 6362 2534 1147 6265 2252 2061 2562 8101 3911 3885 5192 2572 3487 1181 1184 1169 3873 2584 8466 8492 8335 1201 2593 7507 3933 5205 673 5220 3843 1258 2504 1193 4001 7572 2649 4061 2724 2754 4945 5364 6206 1086 4483 5772 5521
2283 5634 3053 120 4484 5772 7782 6977 483 5815 491 1916 506 5869 500 3317 527 1943 4652 4723 635 6831 2052 7088 5951 2033 5944 4740 5914 4743 2077 602 5923 561 3393 5969 3340 650 2112 8149 4715 2018 4767 1887 4697 7183 4829 707 7127 3486 770 6017 8200 5993 2162 4809 8086 4639 8221 3524 3375 7059 637 2168 4878 7230 8220 4778 7071 746 7174 4904 4653 8199 6166 3631 3609 8017 6171 2215 8224 4895 7283 4865 6066 931 3839 5125 2525 8463 2414 2513 7094 7092 8469 3863 8466 8481 2538 1126 5161 3871 5170 8397 5173 3398 1170 3879 8503 1133 8502 1154 2572 3859 5183 2539 2562 6363 3886 4724 6367 1160 1181 8478 2534 4725 6294 3890 2568 2135 1115 1169 5138 8505 6000 1157 4757 8500 1144 7490 5179 1141 2581 1192 2561 6441 4001 7572 2754 1378 4104 6551
2288 148 122 1612 3022 6767 1664 121 1646 1689 189 3033 7822 5654 252 229 7904 6799 165 6796 6831 6824 111 236 3052 4447 6723 198 5649 7852 1761 6818 3112 5689 311 4469 5693 4476 7908 1767 337 3055 6885 211 7838 7907 5727 7936 3176 6909 4480 295 5572 1771 3065 1669 1843 4483 396 1744 6860 3187 223 3213 5687 5791 3090 6922 7981 5790 5634 1830 386 3206 6744 442 1840 4504 4542 8002 5532 5806 2996 8023 1863 4552 5826 1883 8009 456 5816 423 3162 5819 8013 444 5820 3250 3239 1889 6975 5834 136 6945 4531 4558 1907 1882 5792 1858 8045 1784 436 8015 4573 491 333 3232 4591 8031 502 475 3245 6957 4548 500 1918 8007 1887 5851 3259 1933 515 447 3227 3251 6995 1923 6993 7983 6711 4607 6753 3290 3294 520 6976 1902 5855 4623 5853 7008 453 1916 5862 4544 6956 3212 5705 1959 8057 1962 1954 7015 5879 554 7985 8076 555 7014 7986 5830 4622 8073 3317 1985 5545 2950 1974 4314 1948 6987 4672 566 3181 5699 4641 7812 1999 6996 1598 7036 5890 1990 4661 4653 3353 3340 2005 4681 524 5902 443 1947 581 5921 8110 1898 8107 4682 4703 2051 2055 6819 7064 4597 5894 4694 3400 613 3214 8101 3383 5576 2045 611 5944 3410 8111 3355 3405 2080 7088 648 1984 4611 8088 4652 660 3427 7057 5956 7101 2036 7093 8019 4594 634 7066 5828 2014 5927 3306 4771 8164 7108 1953 4767 5936 2124 4749 2017 7103 3429 2113 5996 707 6010 8163 4734 134 8170 1914 8017 8065 4715 4727 7164 8127 4811 3293 751 5973 4837 2155 5981 780 3488 6037 3435 7035 7205 3587 2139 7162 3439 3432 2168 605 674 711 3541 3431 5801 8307 2264 820 4948 3337 814 4778 3370 7212 4959 2171 3594 5892 654 4997 5772 2182 2135 3495 3569 8363 960 3631 3455 8048 1824 6039 5005 873 2331 8360 850 4777 8329 636 1019 2160 7402 5087 5885 5105 564 5114 983 2373 6314 3601 3818 7454 6316 1064 1087 3827 8461 1053 5919 2509 7458 2441 5148 3311 3833 2104 3811 3729 2526 2525 3853 3850 2492 7455 3854 7039 3376 6281 5082 3548 3829 2018 2505 7471 2157 7392 2539 7437 6349 2169 6210 3872 1085 1123 3375 3871 3839 6353 1014 7480 3858 3810 2511 1151 7136 2548 3684 4843 2474 7484 8466 8499 1170 3886 5183 5197 8500 2572 3902 8503 3888 1181 7495 5138 7499 5211 1175 7494 1182 6271 1187 1186 2573 2590 1105 2111 874 3909 6396 1168 1200 8520 5117 968 6390 3944 6402 5221 3896 3924 1258 2624 3969 2504 3862 7404 2364 3511 2568 1146 4013 1300 2712 6511 1344 8645 2754 8640 4095 4135 1996 3444 8368 717 2276 2028 7128 3392 3451 534 1932 7802 4535 3211 1196 795 8136 1742 6255 6101 5966 7122 4275
2291 148 138 4370 1664 7883 5634 6782 252 198 5626 2949 3169 1750 4534 429 6962 122 5557 491 5848 1957 3295 7014 8002 3317 8084 2031 4708 3414 3410 3511 8092 6180 7207 6235 8376 6240 5125 2252 718 4945 1105 6336 5082 3862 1086 8335 5184 3911 7188 3915 7507 1213
2293 5580 5570 167 1571 3011 4362 182 7831 6736 1658 7893 1701 7894 1710 1695 255 3073 6818 3092 1697 7917 3062 4442 152 6682 5689 1724 1744 3122 4437 3138 1767 6777 297 1676 6870 346 6879 4480 5734 348 361 1812 1778 3168 3176 6907 380 6909 5727 6904 3190 3187 7981 7936 1843 6929 6937 312 3090 316 1786 410 417 6943 256 1860 4398 431 1866 1867 437 5759 6954 8023 4549 108 5790 4535 5802 1863 8027 3235 455 4552 454 3069 1883 1869 5834 333 1889 6968 1886 474 466 3257 5799 3258 8043 3254 5831 1618 3248 4319 1587 6684 1558 2976 3066 7791 6720 6680 2969 148 5541 113 5527 1541 441 1903 4300 5654 6977 145 7870 6711 3269 6790 1905 4584 5835 1900 6979 4563 5523 114 5649 5572 4587 7804 120 3260 6981 6964 1878 8054 4592 3287 4577 1562 1923 3264 3292 4601 1937 3281 4605 493 489 3251 5851 3290 500 521 4607 3221 4610 527 5861 1954 6953 1943 5869 531 3283 5874 7008 1913 351 4569 509 1948 4624 1898 1873 547 1967 4630 555 8078 1964 548 1971 5883 551 3314 8048 5884 1959 8065 8074 8061 5873 552 3240 1966 4633 3232 3312 5888 523 269 1992 1985 7033 571 3319 197 5766 5859 4589 7018 572 7032 2002 6987 5714 574 561 5705 1997 581 8077 4666 3336 1974 535 8089 565 5862 2015 6941 7048 8093 3361 5534 3303 5902 2974 3357 1944 4659 8094 7999 2026 5772 7054 3325 7058 549 8110 7007 5904 4664 3365 5928 601 2045 4678 8088 3305 4693 4709 476 2957 2054 4708 4639 8101 3401 5916 8118 7051 4688 3404 7009 3393 1947 3354 4697 8039 3330 8106 5952 3423 642 2072 5938 5951 1970 7074 611 4597 1912 649 7088 2036 7056 7093 2076 3331 657 4740 5969 3416 4743 3426 5954 632 5966 4719 2068 2079 4761 7086 8149 643 650 670 4732 3442 5979 8097 3446 6947 5762 2123 4771 4714 4700 8092 3335 2096 7127 2133 6001 8168 7097 5991 3460 5943 8164 1941 3443 4559 3373 707 478 475 4699 8163 5843 8016 3477 4792 2164 2136 2122 595 7023 5913 5956 6003 4715 687 440 3313 2089 7183 3482 7184 8207 7174 2205 8226 558 4780 4829 760 2070 3253 2018 1988 8177 511 672 5923 2125 4544 8237 8249 2223 4870 4653 627 4845 1951 7217 7230 7159 631 3593 458 2238 2262 3530 3543 2275 4912 7112 7240 4613 3479 708 7212 3595 6101 6151 696 868 638 4779 4878 814 835 3418 5769 2243 3664 6035 6180 7283 8017 736 2006 8313 2082 7300 2182 4939 931 2252 3683 7313 2361 7309 908 4755 7059 3703 956 2341 727 2138 965 661 7117 8393 6219 3609 7151 7091 1003 3684 6249 974 2428 3738 2441 989 8329 4843 3548 2419 8160 3431 8448 1045 7408 2414 3666 5949 5083 6262 4667 5063 6067 4849 3765 4961 2398 651 6161 7404 3376 3594 7011 1048 2489 3807 2038 677 5897 1057 2485 955 8211 5103 2490 1067 2364 2488 6315 4910 477 5993 5032 5986 6210 2499 7037 1906 1890 8468 719 6323 3834 5144 5141 8472 7454 6316 3229 3729 1072 1105 5142 6334 2487 2486 5148 1107 5974 6322 615 3328 3847 3444 6332 3280 664 4560 7435 5138 3728 8461 8345 2521 8436 4704 3378 2510 1106 5136 3837 2524 629 3597 2492 7392 6305 3833 3524 8469 2424 1114 6206 7458 3850 1087 7420 6329 2169 3463 2532 4997 2014 5155 6338 1081 1078 6345 2505 8474 5161 841 3823 7298 6082 7446 8475 5170 2541 7475 7471 3853 5178 5173 6359 2548 1135 7479 1146 6341 3589 1129 6306 3826 1145 3843 3858 7484 6363 3875 2549 2559 3891 5190 5117 2555 5189 1160 6369 1172 1168 5172 2562 1123 5086 2568 2517 3873 1174 7490 3859 2569 3912 6049 3911 5204 3487 2381 8484 7495 2443 6382 3862 6117 8335 2373 3907 7442 951 2581 7499 7500 2583 5211 3909 6390 1196 5212 1187 1169 3930 2593 1203 7507 3933 6399 1194 5206 1212 2606 5220 6402 2630 1218 8580 3901 1273 6448 2674 1213 4001 2672 8590 7572 4955 2709 2708 2722 2710 2572 6511 1344 2750 2754 8645 1165 5205 1378 4135 1184 1166 6347 3827 6962 453 4534 170
2295 252 337 1742 6831 5826 1906 3317 586 4691 4687 3392 506 8321 3571 3356 8335 7479 3930 7507 1086 4061 4104
2296 138 5634 7801 5636 1748 120 197 324 1594 1784 6920 6927 1850 134 3213 417 4274 1878 5772 4552 3258 4586 474 6981 425 4610 8031 7014 5900 3255 1742 3336 5890 607 2029 7998 8110 7041 3422 3440 694 4330 5989 616 2066 699 2035 458 4829 6066 2168 3524 8200 7230 3597 3595 6964 2281 2033 6206 6166 520 7981 7999 3198 573 2489 8468 1072 5170 5181 2560 3911 5199 3862 1184 3718 2584 3930 7507 6396 6441 8576 2572 3839 4061 5145 1086 8017 4483 2077 7153 1916 6235 4632 6962 6703 122 6831 491 4945 3392 8002 5557 5848 170 6790
2297 6782 252 6831 288 4483 4534 1594 122 506 3317 3392 5825 3102 545 431 4702 2364 858 764 2496 1086 7507
2300 2969 122 99 5557 4328 1637 3062 6790 3053 6782 1658 210 252 111 197 4407 7852 6831 6771 346 5755 7917 7908 7978 138 7976 106 5758 417 3071 7831 280 2949 374 434 1887 1854 5699 4391 8002 3023 4483 5519 8025 8008 7838 435 506 3293 5831 4542 475 4535 425 430 6962 6976 4596 8048 476 1947 3232 4549 8003 5869 6946 1916 4563 3259 458 3240 5850 7014 5823 530 7015 8073 5804 3321 4626 2002 3313 3330 505 4661 7903 4484 8090 4639 1586 602 8107 573 8005 5870 2052 5927 6711 4651 5895 522 5903 1959 3404 4761 8145 5737 440 2086 5982 8130 6006 7077 4740 2137 7108 8170 5993 670 2131 6026 2033 6015 5964 7059 769 5943 2055 631 6048 7051 8164 7101 2139 3392 3429 3511 3388 8084 7058 6039 7213 6067 7093 7230 585 2162 3532 632 3597 3587 6166 4948 4775 3595 7300 3618 4793 4547 8305 2215 7153 3738 7298 6249 672 2381 7341 2192 5087 6210 8441 2030 5125 5936 2489 4943 3305 6294 3729 7220 3658 8314 5106 3813 8299 5150 2505 8474 1107 3378 6113 609 6329 3426 1105 6066 4652 572 3827 3487 486 4847 4708 2486 1101 3833 1129 7158 3319 3524 8335 8116 785 7479 3871 1100 8110 8111 3858 5170 549 6265 1072 2015 5192 6271 5204 6350 1175 7458 2560 5205 7497 2581 898 2585 7507 1201 3933 1203 8515 2649 1285 7572 1310 2754 8645 6369 7490 7176 4537 8144 8207 3198 3477 2580 6101 511
2302 6782 252 1742 4534 3053 122 6962 1916 4330 3286 3317 385 4768 4878 3257 1092 1086 5153 3839 1186 6235 7507
2306 6782 252 4483 4534 6831 1742 6962 491 1916 3317 3392 4792 6235 5920 4606 5125 6359 5170 7507
2309 7978 5541 122 4534 3211 422 5534 8009 6962 213 4560 252 1916 4328 3212 1558 3295 8019 3317 3392 7059 4702 1910 7074 564 8165 3348 735 7213 6105 680 4770 5981 3709 3658 5892 5024 7263 7212 6055 6210 753 5988 2236 7407 1048 1003 6039 3823 4736 1107 1086 4704 5125 5169 8484 2276 1196 1213 8645 1193
2311 5613 7871 122 6718 7894 6784 3062 252 5649 4448 1742 4534 106 417 8002 4483 1863 6711 4275 6929 6907 3168 5799 491 506 1954 553 4399 531 3317 4652 5884 4665 8084 4679 5693 5804 635 6945 2168 3225 5825 3570 7328 8335 4955 7365 4623 7212 3682 5125 1129 1086 6374 7507 259
2312 3053 1748 1784 1742 4483 4476 1812 4508 409 5819 1840 447 1786 8034 480 1911 6782 5839 1887 506 511 369 5848 4399 6946 1947 5870 1873 1973 3317 3295 7023 2005 5914 8107 2029 607 631 5895 7882 351 756 2118 835 3468 503 4699 6171 4677 3353 2168 4568 5835 6048 6185 3595 571 8007 8101 931 1908 3425 5024 5890 5007 8412 5125 1965 7036 3820 1105 8207 3862 8466 3853 8335 4945 2572 7507 8576 2750
2316 6782 3053 6831 1742 4483 122 3317 1953 3392 252 491 4534 7083 1086 3857 1111 7495 7507 2750
2319 6716 6680 170 2992 7812 210 148 1629 103 6682 2949 2979 4291 7801 134 1670 3011 182 7785 6771 239 1562 5572 3065 5607 3037 7852 4447 7882 4463 5713 6789 119 1744 167 6884 324 2995 1610 4374 1676 6793 6813 252 265 1850 3202 4535 281 152 404 6943 5766 1840 6946 1669 411 5649 4508 7934 333 4528 6755 5804 8034 1892 1878 122 3222 5795 5839 4563 5772 473 6939 4592 484 472 7941 5805 1778 3287 4465 5848 489 1894 5790 3286 8057 531 458 4483 520 4399 475 5890 1972 581 3053 6831 1742 8002 3348 563 3305 8101 7883 6782 491 4708 6962 8084 4622 4537 3404 4643 2036 6909 5870 503 486 8144 6995 4771 4534 523 602 7908 4763 3425 650 1916 7127 8130 197 7084 500 2164 8163 6013 4792 7153 3317 3460 756 635 6953 2168 7205 7176 3595 8245 3511 7212 3276 760 8165 3392 7230 616 2015 6101 7059 3448 8174 4865 6113 6180 873 6082 8005 3709 6235 3513 2364 8314 2373 607 7014 6255 3684 5083 8275 3570 5087 6305 1048 5900 3597 6311 3811 3529 8463 3463 8458 3657 3833 5124 1113 4704 5961 3548 5125 3839 8200 2089 8466 1101 3862 1072 2521 3859 3855 6000 3858 3589 1146 3880 1129 6359 5170 8335 4725 3851 7158 5190 1122 5164 8500 1157 3911 7480 2572 1181 1184 951 1186 2581 3915 4912 7507 1213 6422 2626 5232 5221 2649 1258 1314 8645 4061 6515 7904 3071
2325 4308 6716 122 7895 116 259 5711 252 5557 3249 1742 6945 7017 106 472 4635 3273 1980 3329 3308 4649 4611 6969 5537 508 1997 8064 4661 6831 5541 8090 189 1974 5533 3392 5947 2052 7058 4483 4534 3468 727 4741 787 7263 7483 2750 1086 2754 5125 611
2327 148 6831 4534 8002 4483 122 6782 252 491 3317 3392 8084 762 2373 7041 1086 8335 1169 7507
2328 5557 3021 6782 5529 6813 3033 3011 252 4407 6831 1822 5755 4483 6921 6929 8002 4534 8023 122 6962 491 1917 2943 3287 1916 7014 3317 553 3392 5713 1092 8436 8335 2547 2559 5193 5211 2593 7507 5220 6511 2750 3150
2339 2980 148 114 5527 4341 1629 5580 1558 1576 4362 6744 204 217 215 6782 4401 252 6813 108 1612 6793 7839 7898 4442 1676 1745 1733 152 259 3065 1761 3098 3062 323 6789 1562 4448 7896 106 1771 335 2969 3154 343 3176 373 5576 5572 7804 4500 1744 369 4373 6873 3205 1851 4534 3187 7995 265 1768 1863 3071 5521 3219 386 385 474 5799 6975 480 4559 3255 1905 4546 1923 502 6964 5848 7882 1943 505 1886 5632 8031 7001 7014 7016 1610 535 5727 5678 476 7983 3317 6976 3246 4652 5888 7999 3342 3349 556 6831 3319 6939 8090 3357 6962 1803 8084 1986 8107 1944 619 3365 3340 607 4484 1959 632 2068 5952 1824 5947 6703 3394 1583 2963 333 5541 1784 1568 8111 6957 3331 3425 3426 2109 4752 7823 3445 4755 4292 2133 694 699 3370 7108 4785 3482 8050 7164 718 5737 2155 417 5985 4780 2152 585 5964 792 636 2154 4699 8116 3378 6035 3488 2168 2117 7230 826 2243 6110 2275 8017 714 661 3264 638 6168 2139 3595 873 841 4610 2238 3664 7300 931 3588 2262 4677 2373 2129 785 981 2199 8144 2381 1938 6209 8223 2054 4665 500 2428 3818 1072 6265 2499 2487 3811 7091 3834 2035 4715 8474 3837 2362 3376 7447 3728 1114 3857 3862 6294 760 1102 7471 5170 3852 5169 5173 5181 8502 3902 3897 1086 2572 2580 6235 2584 2586 1200 1187 3933 1258 7552 1301 2712 3909 6511 4061 6515 4104 4288 7785 6680 1742 5896 8160 3053 5106 6314 8101 6206 1100 8136 6753 2940 4291 5519 5364
2340 6789 168 5626 236 5659 303 1796 3071 335 6884 5759 4528 3205 6718 3213 6946 7838 5798 3069 4536 5795 5835 1911 1857 3232 8002 6961 4274 7801 2957 3286 7991 472 122 1873 500 1960 4311 506 3317 5881 1916 5848 5521 4661 4666 5770 7048 505 607 7058 3261 545 454 8009 5734 3426 3306 635 595 3392 3440 8039 1962 7108 5964 5985 3477 2131 6066 770 6166 6180 6206 7122 4757 3657 4623 989 4963 5083 1074 6209 3811 7409 5125 3837 3839 1086 4945 6000 6359 3474 3885 2562 1157 5206 908 5213 1201 2611 6387 3966 8458 4001 7572 848
2344 3040 6779 252 4534 8043 491 7017 4653 3482 8236 1121
2351 6711 6703 5634 4399 197 6831 5557 1784 4483 1562 6909 3050 1846 4528 3198 4484 4534 5795 8002 1887 6962 506 511 3295 2035 8136 5772 555 6006 5804 616 7153 8221 2298 4865 6206 7328 2358 5125 1105 1086 5170 2562 2572 6235 3916 1213 3966 8590 7572 2754
2352 3053 6782 138 5520 8002 435 3073 6962 4483 122 7801 1916 491 8017 5557 1784 3317 8136 3392 2130 2137 5125 3839 1086 3862 8466 2572 6012 2521 7499 6235 3911 1273 2754
2353 7870 4398 5557 7978 3187 421 6962 491 1916 1742 252 1812 122 4483 3317 3392 5986 7084 8153 3843 6332 1146 6347 2572 2580 8590 2712 6374
2354 4370 6782 5557 6831 1742 4483 122 4534 8002 1846 6962 4578 491 1917 3392 2137 1916 5989 735 4948 4945 8314 7328 2373 7356 7213 3752 8335 5848 5125 3811 3839 1086 3862 7153 1169 2562 2521 7507 3933 1213 2649 2754 8207 2419 635 2337
2355 5557 207 189 6793 6831 7941 6782 4520 4534 3053 8002 4537 3228 8016 8034 3255 4551 1906 4563 4546 491 499 3252 252 7917 122 1675 6771 1646 4399 4483 3224 1947 1954 4596 3295 1742 505 1914 1880 7033 4666 1803 567 489 409 7046 608 3037 607 602 3315 5939 484 8112 4710 2133 2137 7013 4682 7153 5989 2066 6011 2178 4768 634 6066 8236 820 2275 4912 6856 4777 3603 7155 4699 7328 5024 2373 8345 835 5005 2328 7116 1019 4945 5125 8466 1086 3916 5205 3808 7507 7572 6755 613 5519
2357 120 5626 3053 3098 4483 6885 7941 3168 6893 7980 5636 189 374 4520 1846 5772 7837 432 455 1883 451 122 6910 1878 6703 4558 4574 7801 491 6990 3257 520 351 3221 3300 3317 5805 4643 1965 534 7008 213 1866 5537 1972 5699 2002 3355 5541 8090 7048 7998 5549 607 4637 2020 8105 6979 3392 8107 4288 505 7088 4724 5966 5825 2013 4758 2133 687 696 3477 7153 3487 4721 7188 5837 4565 2264 4613 3630 3476 7213 2136 939 8245 4735 958 2362 2158 2157 3306 8236 936 2265 8050 4829 7409 6082 661 4694 3444 6305 1031 2419 6313 6334 4956 5986 2286 3829 705 8474 3862 3373 3853 5161 2535 6347 751 5936 746 2169 4943 2235 2014 3839 3597 5172 5125 688 6367 3897 2066 1100 2572 2568 5205 1191 3930 2586 7504 1153 6399 2590 3966 5220 1020 4013 7572 2754 4095 2710 4322 1567 2373 7093 5632 1165 458 500 170
2358 6730 4328 138 103 7998 5791 6967 4743 5956 797 3549 2298 7264 5087 1064 5155 6359 1184 3916 2037 3444 2491 8506 3902 2286 5026 2373 2563 7507 8515 3896 2626 3975 1301 6347 1141 5557 491 122 1086 252 4534 3392 7084 5125 3317 6235 1916 8002 6831 6962 4483 8335
2359 6813 6831 4483 3053 1742 1594 4534 8002 6962 491 210 213 122 252 3317 3392 2205 7181 8355 6255 6305 1105 7507 8576 5280
2361 5557 145 7883 5634 6813 252 4483 1771 4486 256 6931 1846 6831 1804 372 4534 5835 5804 8002 491 506 6962 4589 170 3053 6782 122 1886 466 4542 5869 3222 3300 4633 3317 3321 561 4639 3276 552 3336 3327 3331 4657 3392 8111 605 2077 8145 3425 2018 7101 2047 2137 6001 3413 3259 3542 820 7205 2119 1854 769 4762 2199 2151 8177 8170 3630 4867 1105 2252 3444 3597 2131 2521 2489 572 3401 6219 6066 8221 3487 8466 3862 1086 6000 7507 2112 3944 8576 8590 8543 3928 5280 7188 5341 8640 2573 4104 5896
2362 4399 252 7908 3050 4483 1742 6909 4534 3069 5769 5557 6703 453 6962 8084 591 4708 1959 8136 5626 7046 3468 3392 8221 506 3276 4610 3317 4865 3295 2373 5125 1105 4945 3811 5154 1086 8335 3839 2276 3379 2572 3911 956 6235 1187 7507 1258
2371 170 6782 2949 1784 1742 5795 6703 7801 3053 122 5634 4534 6755 491 7014 8017 417 252 3295 4708 635 3392 7153 2137 3317 6206 3560 6066 3811 1105 3862 5125 5178 3839 7188 1146 2562 2572 3911 7507 8466 8335 1086 1213 2649 4001 7572 2754 4945 6962 197 4537
2374 6884 2963 6831 5795 1742 1867 122 6962 5853 6979 3317 7058 3392 8168 7098 3259 8160 4585 798 5914 718 4833 2073 8101 7341 1067 5125 5060 1085 1019 4809 2562 8501 1086 8506 7507
2376 122 3053 6790 252 5649 4343 1748 6782 245 5626 5693 1677 6868 7955 4490 4483 6753 7945 7976 380 1843 1786 4534 4484 381 6936 5721 6929 1742 3069 4528 417 6954 6907 5818 453 5819 5557 103 7802 1889 5835 6962 5834 5837 1911 6939 491 3232 5804 7995 506 489 493 1937 515 1916 458 4609 5795 8017 8005 7014 4622 1980 3317 3318 6956 4641 4330 546 3342 1972 3327 7033 3371 571 4719 5901 5942 5944 3404 4743 649 3401 3393 4724 3440 3426 4767 8156 7101 3389 3417 6001 8050 3477 7127 2068 8163 2137 5996 7153 6010 3410 613 5879 4710 8107 5976 1578 5856 5921 4675 6048 3482 5982 7184 7183 4652 7181 5986 770 3548 764 618 7222 8238 1676 6113 1804 4730 3529 2047 2108 7230 2281 4537 3419 3391 5870 8048 7063 2074 3293 8106 543 476 4664 8207 7203 2162 4732 4948 2001 3488 616 8116 6180 4677 1744 6980 3435 5843 3636 8321 8224 4959 4569 4581 873 4825 3588 4716 3513 1908 939 8345 680 6206 3631 2136 2215 7279 965 4653 8165 4633 386 4712 3264 4821 5024 908 4963 6209 607 573 2362 7059 1003 4910 4943 5848 3787 1045 7212 8084 2158 7404 595 605 1056 522 5115 3479 6322 561 2487 7430 2483 6323 5114 6325 2416 7094 6311 733 5985 1082 3811 2521 3392 4895 4704 8111 5961 829 3832 3321 8200 4865 6000 841 5007 3788 3487 8481 5161 3862 1105 7213 2381 3827 5060 5125 5164 8335 3852 4945 7188 5169 5178 4806 2035 2414 6306 4845 8130 6039 5181 2002 1072 5106 5935 1145 1048 3375 5136 4785 5895 1129 5190 3425 2061 8097 8199 5032 3875 7489 7392 2562 1170 8275 4912 5197 8501 3888 3897 3859 7490 5959 5970 1181 3858 1184 2576 6281 3916 3915 2553 5199 6374 6235 1169 1191 1126 5213 2584 7480 6117 2573 3657 8475 3933 7507 1193 2593 1207 3913 5141 8506 1094 6402 2611 7491 7497 6422 7552 2624 2649 1258 8580 2672 2495 8590 7572 1213 6210 2712 7599 4061 6511 2708 1194 8645 4071 1186 1165 5364 6332 3911 5798 4777 7882 8221 4463 5212 8002 197 4291 2947 5772 2580 134 8077 6067 4775 8144 558 351 7409 1778 3448 7983
2377 252 3065 3138 4500 6831 122 4483 7945 491 3317 3392 3571 6206 6281 1086 5956 7507
2379 4370 5626 6782 3052 7922 2949 1784 1748 4483 417 134 3053 3069 4330 1911 491 3295 3198 2035 3392 602 2029 1923 632 616 8005 4829 4537 2281 3595 2373 956 6235 2358 3839 3862 8335 2562 7494 5212 1213 7572 7599 8590
2381 5654 3030 6741 99 6679 220 1583 2944 2947 107 4274 3065 2959 4279 2963 7839 5570 6843 3112 2957 1646 303 1676 3023 5704 313 259 255 6856 3168 5755 6881 1825 4500 4351 4476 7982 1664 3073 7981 4398 1775 324 1850 2980 400 5727 136 3211 6703 3219 5706 5811 1863 122 5521 7999 6929 4480 1679 4551 459 5648 333 451 4567 3250 8009 5705 3254 5837 4575 4483 4578 417 1854 3232 475 3289 4534 520 1884 3300 1934 1957 7000 6964 4593 4626 486 3311 7014 4545 548 1945 555 3318 513 4568 3053 3312 519 5890 4597 567 7036 568 5873 4653 5721 509 490 1971 4663 3320 7042 3340 1916 404 3307 235 8084 4683 140 1562 1904 5810 1742 252 5922 4677 545 4639 5804 3260 8112 1812 2057 3396 613 7058 2005 7009 4738 7085 7046 2085 7087 5919 4729 1836 7097 8145 4708 3306 3427 3322 6937 660 3317 605 3278 5982 8149 8120 5719 634 3450 5933 4771 2121 6003 2157 2104 7140 717 8163 1953 730 659 6048 3229 4797 3511 8130 756 2155 5993 496 4837 8093 8233 3392 4862 740 425 5921 7233 7172 637 3058 1965 8295 440 6037 2073 1745 4780 2207 6157 5981 6185 3430 4873 2152 7059 3637 5968 3410 867 4664 654 2138 7077 7242 7279 3597 2192 6943 4775 616 7212 4997 4656 5795 588 8363 3703 3709 3592 661 5892 3373 7365 5989 3748 1908 6249 3728 2154 6210 987 7093 8227 1992 563 7392 5083 4963 6035 6325 7449 503 1092 5144 6322 3836 2496 1105 3826 4933 4675 6310 3463 6981 8159 3594 5960 5136 5996 5154 2316 3850 3738 6347 3487 6113 5169 8335 2549 2545 1154 1146 2559 5189 3810 7149 5172 3888 3902 3890 3895 7489 4955 2068 8484 5197 1171 2563 3901 3907 5204 3371 5928 6362 2581 7499 2403 2561 2551 670 1184 1193 1128 6422 1258 3879 1310 7594 1304 7572 2709 2624 1301 1314 6515 3820 4071 2754 1344 4095 3933 5938 6909 3198 3088 4537 1689 432 5623 4343 7475 4322 1594 3865 1975 5884 491 4655 2558 3401 2265 2131
2385 197 1742 122 7908 6962 506 4399 491 3295 3392 2077 7212 3376 733 2373 1003 1086 3839 3524 3862 751 1146 2572 7507 2754
2390 170 7801 4370 5634 6782 252 7926 1784 6831 6703 1742 324 7955 3176 7812 5769 1843 4484 3069 6907 417 5772 4537 8002 197 1750 5804 3198 3052 4483 6962 1911 5607 3053 491 7882 122 506 1916 3246 3317 8101 4677 3392 5966 5959 4534 2111 6072 760 4821 2281 7217 3587 2135 7264 3930 6511
2395 7839 148 4328 1610 239 6793 7876 4439 170 122 5557 5607 5634 346 3150 4330 5743 1778 6824 1742 1837 6878 197 5772 1768 4484 7934 1850 7838 386 421 7976 417 4279 6818 418 1840 6893 6943 6826 324 3211 313 5507 4483 435 1870 4417 1854 5704 372 5548 381 4480 410 459 6909 4523 1786 7912 4571 6693 7995 451 1866 1897 4563 1903 6968 3232 3279 8008 6946 485 4603 8042 2947 119 5848 236 6790 5855 2959 1616 1608 4317 2950 5851 5689 5867 5536 3286 4625 6995 3053 1916 8076 5873 548 4606 3317 3305 7018 5879 4637 7023 509 7036 3319 5790 1990 491 5839 551 8084 1953 4663 5894 4624 3290 6976 1824 5890 7039 500 6987 3359 3340 4661 465 5885 5868 520 3294 4653 4675 5770 3371 3313 615 3383 4719 635 8111 2046 7088 5966 4743 4534 7066 7083 2072 1946 3442 627 4725 3381 4771 2086 3254 5979 8171 6000 616 4792 5914 7103 2137 2136 3443 3325 6936 2111 6013 3365 6004 4829 6066 7181 8129 792 4626 4594 814 5913 2135 3446 820 3587 4715 5935 3450 3593 756 4811 5769 7084 5920 3556 732 3455 4866 5988 8159 7098 664 8217 4948 8048 3637 7279 3303 4710 3347 7300 4581 7059 3665 931 2150 3570 4584 711 8345 7159 5892 2138 848 4996 3588 8245 4970 7345 7983 442 4969 3748 6108 2208 5005 639 2418 5083 3684 477 6026 7136 5929 1045 3657 5087 8002 1057 1038 695 2373 662 700 3560 7404 2489 3229 7449 2292 2441 948 7020 3276 4794 6324 1098 3752 1072 2485 4678 1943 3836 3256 835 6265 5081 2424 2520 2505 4997 2217 3321 7030 3820 3841 2492 3843 1112 8458 7121 558 733 3435 2095 3295 1106 8335 7298 2364 1101 2395 3856 4726 1113 4961 3416 5161 2545 3773 7082 7064 6351 7435 6338 2319 1144 3882 8116 5180 3879 735 1146 3880 8227 2486 6317 873 5990 7460 6035 1105 5121 657 2558 1172 6360 3891 3887 1157 1170 2286 7480 2569 2563 5189 3910 1175 3890 602 2416 5049 5103 762 1181 2238 7074 5956 7494 3901 3597 3859 3875 5159 1192 2580 867 7442 5212 1119 1126 7506 5001 6387 2593 951 1204 7507 8520 3944 1212 1124 2630 3893 1213 6422 3966 2624 6341 8576 2649 8450 6474 5298 1166 1314 1336 3636 2782 7028 3261 100 4758 4870 3062 2129 3498 543
2397 4483 8002 4534 6962 1748 491 1933 5896 122 3392 3220 2014 8216 7222 5895 733 2252 3597 5986 477 5935 4948 3637 4959 6082 3609 5005 3487 6066 5110 3477 5125 3276 5159 6000 3843 2104 5117 2545 3833 2539 3859 8458 3820 3928 1742 7045
2403 5626 7903 7882 7912 122 6831 1742 6907 4534 6937 1830 4483 1768 6962 483 6744 491 1916 3317 5884 6990 607 6993 2032 545 575 611 595 4795 431 2373 8238 2077 5087 6210 5125 8468 7507 3239 441 3401
2414 7818 138 3011 4362 5613 4370 6718 3049 1701 221 7885 3045 207 217 3064 4399 236 1679 3098 3090 6824 1761 292 4271 337 1784 1804 7850 137 321 1647 7908 4483 243 5572 1677 6904 6909 380 387 1594 6682 7982 7981 4525 4526 7934 1836 4533 7999 348 6744 417 410 3102 6907 5699 1856 5632 6943 4283 333 136 422 6936 1742 5797 1669 5811 1863 3258 3234 4552 3182 5831 5816 1854 447 5803 6939 6968 4558 5838 3255 3257 6975 1905 1866 3252 6961 3278 3227 1867 6981 1882 4592 502 504 506 466 1930 3280 443 1937 6979 6953 4609 511 5804 4607 5807 4616 515 500 4570 541 6986 4600 5873 4531 316 6995 6962 4637 453 8074 1910 8015 1980 4586 2959 103 1565 6790 5549 115 7791 1971 3315 6703 6688 5557 2940 1671 7023 8084 3050 4672 5772 505 5906 3359 523 4661 3369 6976 2015 607 2045 5928 2056 3396 4664 5932 5570 482 545 623 3404 5545 8133 5951 5966 2068 7097 5969 2077 610 7109 4694 4732 5982 2118 5942 2126 6001 694 2133 8129 8039 5995 5802 4811 715 8179 7183 769 5935 7184 6012 7162 440 6059 3549 7149 4768 2199 708 7181 3587 2086 707 4904 4742 4594 2095 5913 8238 7164 3532 3630 2091 3543 4948 3636 4959 2337 7300 7188 8211 8322 2175 7240 3570 7328 8101 6006 3560 3665 2373 8165 7159 7342 4716 458 8048 6856 8144 2234 4943 4878 3597 3528 6207 5927 8393 4639 6219 913 3748 3292 3561 3604 7014 1928 719 2066 4703 7404 5103 3811 2424 4749 6082 1953 936 2490 3306 4963 829 7320 6322 5130 6980 654 6151 4795 2489 1086 8451 7152 2428 3729 3229 5060 1079 6331 7042 5847 2510 3826 3841 2511 665 6338 3862 5153 5161 6167 3376 1128 3852 4845 5178 5166 2548 3833 2342 5180 1100 6362 2559 1125 3810 1170 8503 2553 8502 3885 5086 7490 2316 5990 8155 8501 3853 1154 7392 1169 3916 1186 6387 3930 1207 3966 5232 1258 1262 1285 8576 2671 7576 2672 958 1304 3928 6511 1165 8640 5205 2687 4104 2782 4135 1050 6382 5989 269 631 6679 7442 4955 8492 5634 281 6341 1113 680 3088 6941 503 1119
2425 252 6831 1742 4534 122 5557 466 6782 1916 8057 491 4666 6962 3317 3392 7058 4483 8295 8275 5125 7507
2431 4370 3053 5626 6782 252 6831 152 4463 303 7837 4483 3069 5634 1742 4534 3190 8002 1887 8034 4558 1608 170 138 5557 122 1911 506 491 4545 3295 5693 1932 3290 509 7016 3317 551 8084 4666 581 4632 8110 1996 4708 3392 605 3365 7058 5952 3319 8136 3348 616 3440 657 4725 2033 4771 629 7136 3487 4781 3524 7140 7230 3479 8245 3597 4910 717 3595 3435 3637 6171 4945 7328 6105 7356 3729 7082 2373 3609 5007 3601 5087 5038 7404 5075 645 2414 4777 8452 1053 1092 7449 4992 2513 3862 1115 3811 2485 5125 1086 8335 5180 3879 3888 7151 2562 3887 3901 8484 2572 6161 6235 2580 5205 5199 5935 1175 7507 3915 3933 1213 4001 1094 2670 2649 7188 7552 8590 1176 5193 7453 5315 6511 4061 2750 2754 6374 4531 3636
2433 200 7782 346 6869 3069 3234 8007 122 5557 252 480 1916 5607 3308 5838 543 3228 3317 574 7009 2034 4895 4963 2395 8368 7365 8038 1086 8335 1160 5125 5204 867 6235 8472 3915
2438 116 1629 3007 1646 7894 239 1612 1689 138 7823 7912 5689 3098 5649 4463 4471 1784 246 1562 5607 4476 3168 7802 2959 6688 7782 368 1754 265 1846 5523 7936 5527 4534 6940 101 1770 3211 8002 1547 8003 7970 6921 381 236 4547 1724 346 431 182 7991 1576 4398 94 1867 213 3219 1879 1866 6953 1892 6975 3213 189 6969 6925 473 469 492 1775 1878 1919 8031 369 1890 1905 493 6784 5809 4591 482 5529 1677 506 502 7908 4589 4609 485 475 491 5848 7004 4597 1804 5549 1671 134 4319 5826 122 4447 6868 528 4483 4586 7870 7907 335 120 4351 4625 531 5874 7017 483 8076 444 1934 8070 4615 7812 4559 5721 5883 3329 4569 1985 3299 6755 5521 5853 534 1578 1984 1974 5722 586 3267 3336 8089 1587 4659 3224 6831 3342 6978 1933 6718 4585 408 3317 7011 8084 7054 4654 544 5896 5804 4531 351 2051 5868 3417 4725 8107 2017 8091 627 7058 582 5911 484 4749 1975 3381 2074 8129 8087 5752 3071 1586 5795 8086 614 2005 3313 3353 1803 7088 3365 5879 3348 8106 618 3400 1771 3325 4697 2030 5830 8112 7882 3294 1948 2001 6944 5737 321 5888 5859 6987 3053 2045 4763 8083 4673 3300 269 1836 3306 432 666 7976 8110 3440 8093 4613 8164 2096 3303 8135 2040 3327 434 1999 486 4605 2137 5982 604 561 654 7048 1960 8157 670 2015 6979 1745 2104 523 442 5557 4792 5834 8163 7108 4743 3450 8155 4799 4480 5634 7153 4537 4666 422 2136 5936 751 4829 6012 1856 2155 7183 5935 3413 3526 4811 3401 8150 3257 1778 756 2193 3474 5943 665 762 2118 623 3431 3549 4549 581 5961 5994 313 2215 2135 3594 7159 2192 2264 2275 4809 4878 8199 5985 8184 4610 3604 8146 717 3541 3587 7172 7986 8227 4825 3280 5895 2108 3370 7140 2281 4895 7953 3517 848 5843 6157 801 555 3626 5855 733 472 3379 3514 4757 3599 4787 5820 7009 8097 8245 8153 3595 8048 2319 4943 6189 3287 2373 8363 1945 7039 3588 4870 5026 7032 5038 4910 948 4963 7259 3282 4996 4955 7312 3646 2414 2029 4845 4504 8314 888 4780 8412 3276 5964 5007 3729 4806 6943 1020 6968 3597 8275 3305 7037 7402 5083 2083 835 8009 8442 1019 2443 4794 1067 4873 2491 3357 636 680 7449 8458 3818 8468 8469 5138 1098 3569 4675 908 6141 5142 3837 4785 4678 1082 3286 3813 7016 6315 5150 8242 8345 5075 3321 3328 3601 7213 2513 6305 2521 602 1106 5130 1086 8131 2033 6334 3847 1101 8467 5164 5159 3551 4758 6311 2505 5161 5178 6359 3882 3897 6369 1160 3890 5172 2572 3888 5204 5197 1114 867 3916 2581 6006 2403 2584 951 1186 5212 7507 1204 1149 5220 2611 1221 7497 3955 6422 2649 3893 3896 3915 7552 3992 1050 5255 2549 1129 1218 5280 2687 6035 7594 8481 1300 1119 6474 2709 3859 5315 6511 1361 8645 2518 1378 1031 3603 2957 1135 7990 1201 4912 7903 4500 5986 7804 3225 939 7800 458 6909 6682 4535 7042 525 447 1057 6870 6954 4413
2441 6744 6813 6796 85 7903 5551 6884 7976 3182 6943 417 122 3053 1647 2976 4318 6703 458 541 4483 4610 6962 3317 556 2020 2137 2047 756 3524 491 8304 3630 848 3295 5935 6180 6150 3626 827 3595 3588 7328 4775 3654 2373 4829 8299 7151 637 2485 2159 2171 4606 1105 8335 3862 1082 3879 3461 3911 7497 8492 1184 1186 7507 1213 4001 1301 2754 5125 511 6878 5848
2444 1608 252 5557 303 6831 119 122 4534 8002 6962 506 4483 6782 1742 527 1916 555 6957 3317 8084 3392 3383 4743 3429 8174 3603 7019 3593 380 5007 5114 3684 814 8466 2544 8463 7479 5159 6359 5169 3904 3907 3543 5205 5106 6066 7507 6235 2649 4001 3893 3909 7525 5280 7572 1301 1336 2712 5356 2490 1086 6402 8498 5772 4945 3036 2940 6344 1141 3811 956 5966 8005 2593 5125
2445 6776 122 252 6782 6831 332 4483 3173 7976 491 1901 506 1911 4534 3050 7023 5557 3317 6962 4399 3325 1916 1959 635 1676 7059 3069 3392 3683 4943 5884 5125 3839 4945 1146 2029 3524 3911 2572 3916 7507 2754 4764 1679
2450 1662 1676 197 4483 1804 1586 6718 5721 114 4534 1748 3254 506 6981 1811 1671 1958 5812 6976 1980 600 614 4691 4657 3317 5956 7108 2002 6006 3391 7172 3390 7193 3549 714 5801 801 2275 733 3278 7083 6906 7162 3748 7212 3871 2445 6210 6360 1145 3891 3911 3873 2572 1086 6422 3966
2452 122 5557 1676 5551 7863 5687 5689 5632 252 1771 312 3050 6793 380 1724 168 3052 1843 5772 6831 288 1786 3204 1846 259 3226 1770 6950 8003 1879 1778 311 1863 1878 1887 447 3231 1890 3254 483 3255 480 5799 3213 3090 4374 4311 4566 215 3239 1886 3260 4399 521 7986 534 1916 4634 554 5521 7014 3318 4643 4570 4536 4615 571 1971 8002 7042 197 7022 3331 5906 3317 3349 4652 592 8069 1567 7991 103 4679 7999 5881 8048 602 5804 3400 5868 3404 5944 635 1910 642 2036 2091 4637 7101 3198 8149 3387 3423 7109 2033 4708 6001 2133 2137 7127 8156 3376 3293 2035 5989 6017 2136 3401 3381 7183 8034 7130 3440 2029 6956 3549 1628 5901 6856 7018 3365 7205 8146 7230 5934 1947 8236 2207 4610 3233 760 6037 8171 7174 3666 3474 2030 7055 3588 7309 7016 4948 3560 7093 7032 3292 7328 6171 5020 2040 4735 3246 500 8329 4943 8245 7203 8412 2341 3379 7128 8238 5088 5063 5032 6294 736 2499 1083 5081 6210 2034 1107 3807 8466 8314 6316 7153 1123 5166 5170 5169 1082 1154 2424 8252 6367 3657 2562 7490 1141 3886 8484 2572 5204 5193 2581 6235 5205 2585 6390 1186 8515 2630 2626 6422 2624 6183 8543 2680 1301 1304 6474 3873 2754 1213 4095 2553 4752 7782 2482 1664
2457 1541 138 170 7785 7863 1702 3053 204 7870 236 3045 246 6793 4442 4465 3122 3138 6753 6868 1786 5626 5719 4286 337 1738 5607 1610 6755 7982 4281 1544 5545 3049 7934 7981 4447 4457 3204 107 5523 1545 5527 5648 1846 5634 5533 6936 4484 3069 3225 5521 8003 432 5806 8023 3241 3219 1880 3234 8034 4516 6930 5821 8012 1830 4537 2940 455 1911 417 6718 5809 4583 491 4590 4279 3213 5804 4563 6981 443 5721 7014 6968 5881 7033 454 5884 475 3392 3387 1850 6961 8097 5968 3404 2957 6752 4659 8145 642 3317 4483 582 425 2127 8162 2104 6003 7023 2133 2066 602 4694 7032 7029 7818 7097 5916 4564 2109 635 3261 1941 7140 6013 616 2155 6055 662 7117 8233 4526 5770 8174 5988 2234 2170 4469 820 5769 351 695 2201 3595 8211 4847 2276 2138 7064 6117 2243 7112 4865 4545 4849 4719 4959 6180 5935 709 7091 8355 3487 2215 6082 7230 2152 4677 3570 3435 2341 777 6185 7121 724 2381 7016 1048 8313 6171 5125 7220 6322 6281 1072 6090 3836 8467 3837 6337 5148 5150 5164 5161 7458 2541 1086 5159 2002 5086 8466 3890 1133 7094 1112 3862 7438 3841 4851 2489 2525 3378 2538 2482 3899 8484 8500 1082 5165 770 1170 8503 8469 7264 1175 2568 3887 7492 2572 5199 1184 850 2585 2418 3901 3933 2560 8515 2649 8576 2672 2708 2573 6390 1273 6402 3030 4330 2944 1910 694
2458 1576 1646 7782 6782 7883 4309 5607 6790 3073 252 6813 6796 5557 1592 6771 6744 3071 5713 7945 5626 5526 7955 1771 1647 7898 1738 346 324 1670 6885 3173 4322 4504 1812 7982 5551 1839 5790 7981 1843 1775 4534 269 3050 1594 303 435 425 6703 5769 103 2957 4549 3234 5535 422 1887 7802 1770 5805 417 3069 5762 7850 1784 1562 3255 5804 453 5659 502 3232 5848 6962 116 6964 1830 4399 1914 5839 7999 520 1916 1947 351 5879 3294 8017 4547 5862 1964 5521 1990 5870 5534 5900 3317 4661 3252 8107 2029 607 3365 565 4708 4373 8084 573 3198 4721 3348 635 4677 8136 7088 5966 5936 454 3430 1893 632 3425 7109 2133 4624 3370 6856 2137 7059 1836 3410 581 5895 6028 6013 725 3487 4806 8005 3448 4811 572 770 3392 3378 4870 3569 6113 760 7140 616 3529 4910 2281 746 3630 3597 3594 7151 4945 5935 4775 931 933 8345 6082 3658 8314 5024 6235 673 2373 2202 6940 5083 7404 2414 4933 5124 3827 3819 1093 6306 1105 3839 2521 6347 8335 3863 1086 3853 7478 3879 5181 6359 5115 3811 6367 8500 6305 2562 1169 5204 5199 1184 2581 3916 6161 3930 8466 1218 6402 6422 6387 2649 2750 2754 4071 8645 2712 1301
2464 5557 6782 3053 252 6831 1754 4483 1742 7976 6860 269 4534 422 316 5737 5693 6962 1748 5818 4535 3220 6936 491 1923 5741 376 482 4399 6979 1933 1866 1943 503 5879 3317 8084 1971 3353 581 4623 466 4622 1992 3392 5869 4708 3373 5944 2066 635 486 3331 2045 543 633 3410 5966 3257 5883 2077 3327 4624 6939 5929 8136 2133 5964 673 4673 6006 7029 4792 7153 3468 4865 4959 4945 6166 8355 2362 4793 7328 6206 1974 4851 2294 6235 5020 696 2364 2373 8368 2125 8152 5125 2490 1086 8463 3820 8335 1145 3885 5199 2649 2750 1149 3592
2472 204 3052 138 1562 6711 4275 239 228 5649 4274 4343 1670 5674 1750 303 7933 6879 7955 4476 1811 6885 3053 335 1738 4493 5557 380 1647 7941 7982 7981 4528 1843 3198 3050 1839 4439 6789 429 1867 1771 5759 435 376 1878 5769 1869 6943 3231 4526 374 1887 5805 3254 3256 2957 6698 487 7812 2963 148 1923 99 6992 5541 5613 6703 500 7801 4587 5869 5687 4609 5523 534 5804 7896 1898 4577 1586 5859 520 8016 453 478 554 8005 523 8008 5881 8076 3314 5752 1958 581 4330 7785 5870 3283 2002 3349 4281 558 6831 5884 3321 2029 8110 6918 417 4705 3305 1906 4708 120 2057 3417 7804 5879 644 2085 3422 7081 8136 2047 7013 5914 571 3390 3440 8002 5982 3425 7101 4652 1784 3330 5949 7109 5904 4771 2131 4767 672 2133 5861 2126 2136 2123 6028 2117 4792 666 421 2035 5856 5795 3037 7153 5790 2168 3317 673 7184 7162 2137 1953 636 4740 5855 3328 5986 4809 1992 4862 3318 2169 3303 7122 2154 5721 637 5959 4837 717 4483 4878 439 3482 8164 8200 4688 616 6150 814 2017 6962 4806 2124 2171 6166 3458 3654 3347 3392 8069 4997 900 7328 7071 785 8017 3631 3487 976 6235 8227 6207 7999 850 4724 913 8448 7404 3461 696 5866 7433 3326 2373 3818 4945 8452 1072 6262 493 2489 2344 3813 987 7449 3811 491 6167 5136 5883 6325 3827 2182 876 1053 6186 7454 1092 5125 1086 8042 2526 4704 6332 2521 1087 7447 3862 3788 3833 8468 2536 8469 5161 3839 5170 4794 5181 3593 3879 6338 1146 3594 1113 3856 6359 3810 1144 2553 3807 5189 1014 3888 3858 3900 4959 8502 2316 2328 8111 1114 3875 8501 3911 3863 6339 6382 3601 8314 1154 5966 3916 1182 2492 8505 5212 5193 7507 6399 1165 1258 2586 2649 2671 2504 5255 8590 2558 1300 4001 7572 2708 2672 1141 5185 8467 5232 2944 4523 4575 6030 1975 1270 8434 1361
2475 4500 1562 252 6962 1742 6782 4483 8084 8110 3317 3392 8092 7153 4865 5154 3839 8221 6305 3880 2015 1184 5199
2476 7882 6831 7943 1742 4483 4534 6962 491 506 3255 1928 6976 1916 3317 509 575 7008 522 7013 4661 3283 519 8107 7059 4679 3392 2077 5795 594 5938 3425 565 2035 7162 4829 8221 8236 5996 8029 3479 7217 5825 5976 4675 770 2192 680 4948 3477 700 3541 760 7320 2316 7328 7188 835 900 8314 958 4811 3709 3618 2293 850 8393 4955 2373 2400 7025 2352 3787 2398 4678 3269 718 7407 3548 3754 8458 2489 3813 5126 2424 5038 6037 6322 6325 3832 581 7093 4945 7151 6004 1086 1105 1107 8464 8473 5125 6334 1126 8335 8293 2549 3879 2551 3875 1151 4794 7454 2562 7483 8501 1181 951 2581 6235 1184 2561 7507 3811 6422 2649 3930 3975 2504 6448 4001 1301 2750 2579 3069
2477 2992 6782 1701 5557 6831 1744 4534 1863 6962 491 1608 122 252 8084 577 3317 4691 1742 7995 582 3392 2124 2137 7164 5964 7178 1988 4743 6206 8314 2428 7365 4762 3775 1086 898 1072 3853 2328 850 2572 3912 3911 1184 7504 7507 6402 1187 6382 2626 7543 5315
2481 252 3105 5720 137 4534 4536 500 4483 3302 3365 3304 5868 1972 3317 8120 8074 7073 6059 696 5087 1086 3873 3901 1186 7507 6346 1304 2712 2754 1176 2166 3440 8236 4758
2483 5557 5626 252 281 6831 122 4508 7934 8002 3053 425 103 1558 5519 7782 2949 5831 8034 7801 4275 7812 3234 2959 1901 4274 3205 6682 1840 5821 7785 1812 5759 6964 3255 3232 421 1892 6703 7991 484 2963 6979 6995 3069 5837 3050 5632 198 483 116 5855 316 351 502 1886 7882 4399 506 1916 3305 1971 491 4637 1830 1959 5634 5805 269 6884 4661 3300 3328 2002 3349 486 4665 6976 3259 602 3371 5921 601 7046 5880 7896 3377 2013 2040 5903 8107 7060 3317 1873 5752 1803 5860 8112 5944 5942 6881 615 441 4726 2045 2051 594 5923 3400 3302 5848 2036 533 7097 623 3414 649 625 479 8136 4743 7088 3357 4700 2104 2001 7034 7109 3423 2039 4758 5943 3211 134 4536 2033 4556 2126 4771 2091 5995 2123 323 2030 565 499 5945 2113 3465 7051 8156 694 6878 5838 4720 4689 7114 2133 5968 211 1908 3381 605 279 2164 3485 4799 5999 6873 6001 4697 715 4755 2109 687 372 8084 7113 4724 4659 4792 1851 1933 3449 6048 735 2166 7086 711 688 7193 7164 2065 634 3468 657 8097 3450 444 4439 6007 5994 3337 1941 714 769 2070 2005 5934 2083 4573 3350 595 5772 7108 6869 4483 756 5996 8249 2139 2192 6962 3425 8110 3378 635 3443 4545 2281 867 6990 4945 2150 2096 2017 3683 4775 8211 4678 677 818 6010 5020 2373 956 7153 785 2331 3379 7356 8174 7188 3388 700 6953 2381 7392 7151 1028 8169 760 4551 5929 666 2137 4597 5087 6932 7183 3511 8065 4693 7203 709 7404 7454 1098 4829 719 1881 3814 4639 7104 3820 5169 1102 6082 5161 3839 3886 3912 2572 2563 5204 3487 3910 3589 7480 6117 1126 3813 1181 2576 5197 1078 3913 6322 7492 2428 2088 2316 3897 5184 1177 6294 3901 8466 3859 6402 3915 1107 8576 3969 8580 1273 6028 4013 5211 6346 5255 5280 1300 6387 1213 2035 1146 5125
2487 6782 1748 3122 3102 4483 3058 6962 5853 1742 122 3317 4641 496 4651 561 1987 5890 3349 7048 2078 3220 7033 8012 5759 6954 3387 5914 4740 3808 2364 4699 5936 700 565 8335 7507 3893
2491 3053 252 1724 6796 1748 6831 6782 7933 1784 288 7976 1837 1742 1846 4537 1744 4534 5721 3069 3037 6956 6962 5821 8017 5545 3234 471 1911 5838 5634 1593 5837 5549 6705 6975 506 6767 8002 122 1920 1562 502 4609 1937 4391 491 518 527 2995 4559 4483 7831 4640 3310 7014 7018 575 5722 3286 1916 3295 8084 4484 2002 530 3302 563 5868 3392 4686 2054 618 372 2133 694 5989 616 5942 7066 2157 7153 650 7155 4829 3458 4656 8226 6066 7026 3526 770 2015 4777 3597 6157 3593 4878 4895 867 3517 7328 7188 8355 2373 1014 3548 7030 3684 3783 3787 827 3818 1084 4945 1079 5125 7449 4725 6082 670 3827 1101 1096 1086 1115 8335 7458 1122 7162 5170 5966 2424 5169 3609 3873 2535 1105 3657 8506 6382 3765 3810 1184 7504 8511 3944 1094 1193 2724 2754 8293 4071 1181
2500 122 2957 134 138 145 5570 3052 7890 252 5545 6730 5689 1748 1742 1771 380 3050 7838 5772 100 396 1850 7981 6831 8002 197 2947 5714 7991 4549 4534 5572 1887 6969 5839 4476 4537 1923 6962 437 5800 5855 4399 506 1958 520 4596 1916 3317 1965 458 2959 3034 4274 4283 3329 6703 5521 113 5890 7023 3313 333 5626 556 563 8057 1901 3353 3295 546 2032 4673 8107 614 6711 5897 592 611 4719 8039 4597 601 3400 2006 2052 565 8106 2072 636 7073 5942 5891 3355 1594 101 5943 7088 5904 4343 4738 7097 8097 5945 1796 5848 3423 6929 7101 3379 5804 4565 610 581 2133 1943 2137 602 7108 5956 7181 4829 7193 8174 7203 4792 746 8216 3524 7162 5870 5951 7188 4878 3587 3595 572 8314 760 7300 7159 5976 7328 3626 4851 6235 956 8393 3430 3529 6249 3777 6117 5935 4904 2035 8238 8341 4945 2400 2373 1048 2490 987 7449 1019 1072 7420 2416 3839 5153 3857 1086 7298 5161 5966 3487 1135 1133 6359 4622 8469 8498 5183 1157 6363 3891 3904 1170 7490 5193 1177 5204 6150 1184 8515 2586 3911 1201 3933 7507 2606 1169 5232 1213 6386 5199 2492 1165 4001 7572 5280 4013 2709 1301 2722 3955 6511 2750 8511 4061 6374 1193 8266 298 6716
2507 122 6813 252 6831 8002 6962 6782 8084 4483 491 1742 3392 8145 3425 3317 8335 6235 2373 2416 3819 5125 4945 1086 7507
2508 7877 1576 6790 3062 4401 6718 252 6741 1735 6784 2947 1610 1748 4442 5572 7976 4471 1843 7936 374 106 2959 411 5541 7813 2992 7803 7852 3107 122 443 5607 6947 1879 8026 4398 198 3257 3254 5803 3255 483 491 1916 3206 4586 8027 3289 3058 119 116 3102 5854 5809 6962 3317 1980 472 444 2005 5853 1964 8089 8007 5847 4688 5790 7013 386 5903 3353 3389 409 8084 3388 1973 5843 7046 3404 1906 5737 4623 6705 627 1901 1972 2078 5939 479 6987 2051 4740 7796 3426 7023 8107 650 8110 4755 5834 8129 8016 2108 4629 1594 613 5956 2133 7084 7086 4732 5721 381 3229 6033 3219 4767 5884 6072 595 2265 8200 522 4637 7230 7016 6956 4878 3208 900 965 976 873 4910 6067 8236 7365 785 645 4719 3373 8452 989 3684 5901 3811 760 2445 8299 2017 5142 2496 4809 4677 7220 3468 568 6028 1085 1942 6323 6322 764 3381 6003 8153 888 5986 3646 3832 7458 3313 2111 3813 2136 7435 850 2416 3845 2521 3850 3775 7259 2485 4651 8169 2018 3865 2513 5173 6359 1122 2117 5007 5161 2534 1019 1129 3879 3880 2559 3895 5106 7483 3911 769 8506 4721 1191 6351 1186 7494 1106 1072 8505 5220 2626 2649 1213 2670 3928 4061 3909 2782 2223 5772 1586 5632 5649 6374 1742 1744 4448 1873 7927 439
2510 6831 122 1742 4483 1887 491 252 3317 7785 269 5881 7029 4878 7991 5125 2108 7507 8645
2519 5557 5613 252 6831 4476 4483 7976 7981 3198 122 2949 417 4534 4508 6703 5769 8007 6962 1911 1858 506 6957 4399 4613 4601 1947 6968 4666 1916 4683 4559 2029 3401 615 635 8129 7097 4743 5969 2045 3440 3394 7094 581 2104 4708 7153 4785 3487 4724 3524 491 3548 7188 7230 3373 4943 6171 718 3626 4806 827 3455 2170 6206 8345 520 605 3595 956 5007 818 4955 8211 7014 6939 3357 787 7953 3410 3379 680 2381 3729 5976 939 2036 7159 7407 5063 948 5088 7063 3818 7404 6210 5125 1092 6105 2419 2015 987 3686 7458 530 6322 7437 7092 705 6329 2513 3387 8466 2548 1145 3858 3879 3888 7356 8335 2117 3765 8197 5197 6367 2568 1122 2535 8503 8505 2572 867 3911 1086 1181 3916 2581 1182 5001 8236 8458 7507 3933 4867 1186 1207 7497 5141 2611 5221 2626 2630 6422 3928 2558 1300 5232 6387 6474 2710 7491 2750 4104 3461 2341 3657 8088 6054 4725 8144 4304
2525 145 7839 4340 217 182 1689 7910 4448 2993 4283 4309 321 1795 5526 4398 5634 5626 4465 108 1697 6907 4483 7981 3190 4430 4529 7998 7990 3205 1771 6831 4534 3187 7852 1863 1824 107 2944 2947 122 7936 455 1853 5758 4480 1786 1742 1587 3222 2943 3258 3254 3259 6968 8002 5769 5795 5537 5803 6962 1920 5804 6981 1923 6957 1901 475 8017 5853 3292 515 4531 4587 1957 369 4296 478 520 453 6979 3317 3318 522 4600 6995 500 4652 6976 197 572 4596 566 531 4630 5521 3314 4633 409 561 3264 5851 4651 5888 1962 1967 1999 1935 553 4665 539 3353 3349 4629 3327 5868 535 5880 8084 4661 3356 7896 7042 7008 1932 3359 600 7015 608 1992 512 1997 604 1984 4558 4559 5861 2005 4677 3383 8093 2040 607 7060 601 6961 5900 5944 635 5942 8065 3417 7088 3392 5534 5927 2072 8145 7097 618 8136 8100 3347 2066 3348 5766 3228 565 8129 7101 5982 7017 3350 610 4734 4726 7113 3306 3455 6001 5914 7136 4785 8131 4792 4794 6013 2068 4811 3391 7153 8200 3487 2175 8127 735 6006 2096 8111 746 8223 8226 2205 7203 3556 7230 8221 7082 3476 8245 8237 848 7091 867 5985 6015 7149 6010 3529 4948 6157 8207 6028 762 898 3370 7207 2170 2192 2014 2215 2271 637 496 543 1988 2293 8204 2198 7174 8363 7313 3460 7342 965 5024 863 3517 971 6017 2408 6240 8133 5884 801 3548 2395 948 5083 3787 3658 3572 3770 8329 1019 841 4867 753 4797 4865 8238 989 4910 7165 3752 2489 5005 6105 2328 5126 7212 2418 2364 4943 6305 7094 835 3626 1083 6058 6310 6326 2496 8436 2486 7420 6265 5114 1087 2182 8397 5049 700 876 3820 2171 2510 1102 5130 6334 8461 4992 8242 1106 1107 5103 4603 1093 2474 733 7061 2520 3837 3819 5125 1904 8162 4970 3811 2373 6339 4688 1096 5923 4703 8463 2495 7458 4997 3843 5976 1078 2154 8474 1105 8345 8451 4833 3857 3841 7298 3853 3862 5026 5155 1128 5161 3530 7213 1053 2538 6347 943 1086 8335 2547 2545 6349 2541 6141 7437 2544 6353 5178 3788 5170 1146 5184 1151 3871 1153 4956 2129 5173 1135 1162 7028 6367 5117 1975 4720 1160 7480 2555 2559 3488 6322 5172 3897 3902 8252 3896 3900 1168 3444 2560 6321 6161 5189 8450 8502 2563 769 1171 1170 3885 3684 2562 3845 3665 3910 3887 1125 3839 3907 8503 8500 818 5174 6344 5197 7490 6189 7492 688 2558 5204 2572 3856 8088 2524 8469 1114 6359 5146 1181 6369 2135 8467 1081 2428 5007 2416 795 858 6151 7128 2580 3754 6345 1176 6314 987 3913 3888 4712 1191 3832 7494 6351 3895 7499 6386 1187 2105 7500 2061 956 7483 1193 2534 2585 2583 2581 2584 2403 7460 5181 1050 8511 5212 5124 2492 3859 2235 7356 6037 3814 7491 2573 6235 3435 5192 5088 1201 5213 1200 8130 7479 1207 1204 7497 5141 2316 1212 8520 5220 2593 1056 1213 8525 1221 8498 2606 2626 2632 874 6422 6387 8576 6402 3909 1206 8580 7576 8590 4001 8484 5001 3933 3928 955 8501 7572 2238 5199 1300 2709 5298 1301 7590 7552 2710 2708 8293 3636 2680 6511 6515 2724 2750 1336 5315 4061 1314 4071 8640 1361 2754 2712 5341 2768 5364 3916 1038 7103 2687 7489 1113 549 6693
2526 1629 3023 1664 138 1675 1658 165 1733 189 252 6782 122 6831 5557 6868 324 4483 3167 188 4534 316 8002 442 8016 5834 1609 2970 491 3287 6992 6962 1916 1742 4607 3257 106 6703 1583 4651 1979 3317 1975 3404 630 3425 505 8073 8157 7184 3556 3392 2276 3630 8321 939 3683 7462 3857 3879 3880 4945 5125 2553 1086 5192
2527 5557 197 3053 4483 7908 7976 4500 6831 4534 5795 6962 252 1658 511 8053 3295 7927 8089 4653 5885 8110 3305 3392 7055 3069 3413 3327 8084 5989 3317 120 2205 4322 2137 8179 6007 477 3393 3630 4610 2373 2252 6113 8439 3832 2490 1105 2424 5154 3839 1101 5161 5170 6359 8335 5186 5966 5183 7188 1086 8501 7507 6399 2649 2754 6940 4283
2528 3011 6748 4291 7852 7871 188 6776 6790 5654 7904 4309 235 5634 4430 6831 1768 3102 7941 5755 103 7795 4373 1647 2947 7982 3071 4484 402 3198 417 5649 6947 3213 5758 3050 8009 8012 6954 8026 7995 1830 3236 1894 4558 3219 454 5834 1901 1886 1911 458 1906 1878 4583 316 443 1937 4351 113 1583 1930 2995 3098 4447 2990 5809 4448 8057 5795 523 5861 1916 351 6990 7033 5870 4653 4545 561 1941 444 3340 1742 3303 5900 608 2001 6977 8034 4673 2078 1928 8136 4740 2035 2089 5966 7093 1890 3379 5939 3293 8087 7060 2119 2118 2073 5923 4613 7084 4767 3449 3413 2123 8155 7091 4678 2136 3317 5851 4637 3359 486 8090 7036 5921 4609 3477 5904 4768 6006 746 3430 7181 4829 3511 2150 797 3548 8224 3463 801 7222 5988 8249 3530 2265 820 2105 7212 3435 3595 8223 708 6168 2170 5961 3626 2292 7279 8275 4873 5746 5892 4594 589 5769 7064 4735 8211 3357 939 933 5981 8304 958 965 7313 5020 512 6167 8345 5038 718 687 753 974 769 2373 8293 7404 3599 8078 7128 1067 2491 2061 8472 8434 5141 700 3775 3847 4704 3773 3839 3823 2111 3862 5155 5153 5165 1050 8153 2217 3859 5106 7420 2544 3875 5179 1146 1105 6322 1129 714 7480 534 3594 1160 1144 2558 5114 5184 2562 2555 1166 8478 3901 8481 3911 1086 2580 2581 5192 6235 3910 5199 2403 3895 2573 1187 1168 7507 2593 6399 8515 5220 2611 1207 1213 2626 7497 1270 2495 1301 2709 2754 4135 3912
2531 7818 148 170 114 6782 1710 3062 252 6818 1612 3052 3053 6831 5557 7823 7936 4483 7955 3168 380 4508 8025 1889 6703 2949 5848 541 4399 3317 5804 1916 3315 1742 3313 3392 8002 4534 8048 4779 4597 2485 1086 6422 8590 8478
2536 1612 167 3030 122 5623 4309 5570 5649 201 7863 7802 4432 1562 7926 252 5693 1689 1750 303 4448 324 4471 7933 312 6881 1742 1830 6909 387 4483 6885 6920 7981 1770 316 1836 425 3219 6929 5804 8027 8003 1840 7838 3234 4274 5803 7991 5831 6942 6964 4547 103 5848 8031 4606 7986 7016 518 269 8065 4649 4531 4641 5888 5800 1966 444 1916 558 7033 7042 5721 7985 1893 496 8084 1919 2977 552 2013 3357 8107 5901 8110 3392 1973 511 4708 3422 630 4652 5847 3426 8136 4735 4755 5969 3440 5970 3427 5769 5982 8156 440 3381 2133 5974 8147 6856 2005 7155 2018 4729 5893 7193 5913 2154 3287 3476 4542 2029 7213 3593 7328 7283 7279 4558 3729 3728 657 4867 6105 6262 8452 700 5106 3811 2443 2486 1105 6305 3820 2490 7435 8474 8466 8481 1086 5125 1126 8335 1072 1146 3487 1160 5197 2560 1169 3909 2572 3911 3886 1176 1181 656 2581 5001 7499 7507 7497 1130 2606 2649 7572 2754 4061 4104 486 431 6101 6793 421 1664 4322 6066 2579
2537 5549 148 4341 7813 134 3011 5623 111 241 6813 165 4291 1662 3098 6824 6782 4429 292 5689 7917 182 6793 7908 119 3053 1745 4330 6789 343 5704 6831 7837 114 6893 3090 6771 1594 3071 5762 7934 5791 245 417 316 7863 8002 5705 197 7882 3065 3211 5722 8023 434 1863 4543 455 3234 4548 6967 6963 3252 6962 5821 5834 447 1911 3254 5837 3231 492 1916 4594 4399 1943 252 6990 6996 8042 4610 4607 5839 5869 3240 531 5874 7017 4606 547 8003 8070 432 3317 6884 5879 1974 1581 103 5551 1558 7802 5520 551 8084 4535 3342 2963 5899 3299 5831 7812 3206 269 465 4691 1803 8065 3294 591 3181 7983 7048 5772 3371 7007 1836 3228 2045 8053 602 4705 6995 558 3383 3400 2036 4469 6976 5938 3328 5896 635 6957 461 2077 2018 4719 2079 8088 7034 2130 3440 5935 5989 5843 2111 8168 2104 8054 8082 2133 7084 616 7153 3319 3487 3524 8204 8221 3448 3498 4870 3571 3431 4523 5996 6101 2139 8245 8111 7060 335 3597 3238 8165 4545 4945 4775 8314 8320 965 2344 6150 780 4996 8177 8153 3684 3426 785 2414 6166 475 4943 7242 8448 3748 760 3388 6055 5087 8031 835 637 777 3373 8457 1048 680 3314 4712 6105 759 1107 2050 645 664 3295 1050 2381 3841 5881 7081 561 6315 5155 3401 609 1113 5153 5178 3357 3879 1151 7480 7094 3839 1115 1172 1086 5193 7496 3529 3858 3911 2562 5933 7494 6382 1191 2095 7500 1106 3895 7491 7497 7507 1194 1213 8543 2626 2630 3969 7576 2672 6235 2712 5179 2750 2754 8645 8481 3337 8009 4304 7782 5001 3037 3260 8249 4622 3212 6082 4338 4314 4637 657 3425 3398 3198 8005
2539 1616 3021 4328 1629 7871 113 5607 5623 3064 6790 6782 7904 3036 3050 5674 1697 1745 7813 3138 5713 213 288 1738 1724 1768 6730 122 3065 7838 189 6868 7945 211 1796 7839 6870 7934 5634 380 5727 4338 1594 3071 3053 280 1784 369 1778 1843 7981 402 7982 6918 3150 3198 7823 4534 411 6831 6946 4543 442 417 221 6954 1669 4541 1863 3234 5816 4552 5812 5769 5804 1911 483 1887 5830 4591 1812 5533 4281 1858 6945 7812 1923 4583 480 5523 3297 1933 5837 4605 7804 506 4399 1943 1962 3240 4613 1886 7017 4629 5834 1964 3317 3232 3260 4609 4615 5839 5799 6995 409 4651 8084 7033 7785 3319 1971 351 4537 1846 1999 4666 3349 4661 586 574 582 4665 8094 1742 5880 604 4551 1918 3359 3353 4679 8107 571 6941 2956 8118 3389 6961 455 2035 5866 3365 630 635 4725 5911 4699 2066 5526 601 3404 648 3387 7097 7088 511 650 5969 567 2072 2077 4708 8145 1975 657 2079 6980 613 5956 4724 610 595 3448 3383 7086 3249 2113 2131 2104 2018 2124 2096 7058 5973 5943 5734 515 7059 7108 661 718 4785 4768 594 7149 2205 8150 756 4829 7181 6066 573 5985 746 2217 7178 4673 6793 3357 8155 2256 2033 3292 8224 4904 5988 4694 867 7023 2193 680 7091 5636 2298 7212 2252 5913 818 2234 3664 8321 6180 6141 228 4542 7030 2168 469 2192 700 3154 3597 8393 333 7233 943 2408 876 4845 888 8168 1048 3787 829 609 1967 6186 3631 7356 2364 8238 7345 3736 7104 2488 5130 8458 5125 841 2485 4721 5124 6325 2490 6310 4570 677 8236 2424 4606 3847 719 3843 3529 1086 7454 2518 1085 5151 1111 3826 3862 1105 2495 2316 585 5166 2117 7475 5169 5181 3858 6362 1146 6322 1135 2483 5173 7444 5966 3897 8484 3885 1174 5001 1157 2568 8501 1181 2576 5199 1186 3916 1182 6235 1196 2573 1201 1115 7504 7507 6387 6399 3933 3944 2626 6422 1213 2624 6402 3997 981 3966 1262 8515 1300 2709 2724 1336 4071 1344 2750 4061 2754 2586 4104 4095 2768 5341 5364 2123 5706 6813 2712 7821 5746
2542 5580 6741 2969 113 1576 4362 1646 5613 5623 1612 6776 217 6813 235 1710 3066 5607 1695 4374 2993 210 7898 1735 6831 2976 4447 6796 1701 3033 5693 5636 4463 3138 1738 4465 6789 5704 215 4437 259 323 3122 2940 2980 3168 3169 373 380 3176 353 6757 5743 7945 3173 6755 6910 4480 213 6920 387 256 7838 265 1689 5572 1811 1675 228 4469 204 5559 7990 7837 381 4537 7995 3065 6718 5790 1874 8026 3235 303 3237 3225 1887 3239 3226 456 6954 1742 460 6736 4516 3236 3241 5819 5803 474 6963 1889 6966 4543 3227 1895 3071 3214 3212 5835 6975 3254 376 3269 1907 3273 1901 269 1905 5769 313 3222 3279 5800 4590 189 3030 8020 119 429 1545 5839 439 7934 6870 8038 3245 2974 1882 3162 1854 6993 5860 1608 1937 170 5537 107 7807 6698 5533 1587 475 4583 6720 137 506 6680 515 5532 5520 280 5525 2949 7818 1921 6689 4608 4281 3292 503 2963 5818 1943 531 4274 1934 7812 4593 4563 500 7791 8078 3318 1958 5853 1914 548 5879 8065 508 1972 7019 7018 3320 5795 5721 7831 5865 3329 3326 1971 4655 8074 539 165 7782 3281 5873 7015 422 3204 1754 1979 8061 4629 1941 4633 4640 5841 6995 568 4665 571 581 5899 8091 111 394 4596 575 3353 3228 7009 6991 4678 3369 4679 606 5890 8094 604 455 2020 4484 7006 2051 3389 2034 3391 3396 556 8107 3393 4597 5942 8124 7058 3387 4726 7001 5944 3394 546 3327 7056 3422 4738 3416 2085 5951 595 4725 5954 2005 649 7088 4743 7093 5923 4700 4710 1959 5974 5975 2109 2118 7073 4767 2104 2133 8050 2123 6001 8163 5996 7063 4581 3485 699 715 2094 2178 2068 7116 8184 7976 7184 8179 1988 610 2205 4837 8216 3506 797 3549 8177 2088 770 2124 7174 4870 8238 3431 5966 2275 696 3495 7220 7230 3572 2111 2168 3435 3637 8174 7207 4797 4945 1803 6180 3482 3595 421 6166 2136 3519 867 4607 2331 8170 8062 933 2341 7007 7313 5801 2358 425 8017 3657 3591 3370 4956 4793 4851 801 1781 1944 7029 8363 3703 971 965 7034 611 8393 2138 3376 6189 2395 1908 2419 2192 1910 769 3738 6219 5967 3684 717 7037 948 3604 3787 3570 727 1064 1028 835 7433 4995 1973 3528 2418 7117 2082 7356 5007 2286 3818 2489 810 3770 8008 2441 858 8397 2154 3808 5142 2490 1083 6266 5141 8474 496 936 705 5148 2207 989 2495 3847 3845 6305 5151 3276 5114 3335 6028 8242 4656 1104 733 3430 3463 4910 3328 631 3854 564 6171 3827 8473 5870 6006 8120 4715 1953 3765 7447 6338 4895 3865 6347 2471 2535 5988 2073 3851 2537 2544 5161 5124 3777 8436 4794 1096 5063 2539 5180 4749 3890 6105 3899 6362 762 3871 8499 5190 8498 8200 2316 7165 5103 3904 1172 1170 3885 1174 7444 7483 7490 2562 3897 8501 1086 3911 1157 6281 6206 1050 8314 6374 1184 3910 3909 3886 2428 8484 956 2483 7491 3907 3843 7497 1186 1203 2491 3896 2573 1221 2606 2611 1206 3955 2649 1285 6349 8478 1310 5298 7599 1177 1336 8506 2750 4071 1378 5356 4135 6968 6909 4343 3062 7084 4637 7475 5921 4308 6884 3487 5960 8031 5989 511 3229
2543 4322 1616 4328 228 5570 7894 5689 182 5704 7926 312 1784 119 7896 210 3168 6907 6909 7823 2963 6711 2940 1812 2947 85 7976 2957 1670 1837 269 8002 7991 4529 5821 5812 5804 466 6979 5706 506 4607 6961 5851 1947 5521 490 7014 556 3317 134 566 4546 1972 4484 465 8070 3353 4708 3261 613 5914 2034 2029 3335 3390 2036 4743 2066 564 2077 8145 4624 3440 5843 4712 2120 2104 2070 4771 7058 677 522 6001 4723 605 3319 585 8226 8221 756 3468 3513 3439 3435 6101 760 3595 7117 8245 8105 3357 3654 801 1941 699 858 5825 6166 7188 971 7153 7212 2373 7041 1003 8275 5895 4878 7088 759 5126 7094 3811 1092 2424 8345 6315 7404 8197 2521 6325 4704 3826 7298 6294 5007 5155 5161 3839 5190 987 8503 6210 2562 2563 6359 3911 1141 2341 7453 3916 3915 1184 963 4995 2419 2580 5212 2584 6058 1212 1218 3966 5280 2754 5364 4104
2544 2959 5557 5549 5526 5551 6748 5654 3044 6776 4398 7863 7904 3050 7907 4442 7917 4437 1701 7926 6831 3035 3102 6843 324 4351 197 7945 3107 369 3176 4483 351 5769 380 4520 5613 4311 6716 1562 138 134 4322 5766 4330 5520 1812 4484 7983 198 8009 3234 458 4552 1887 4534 3239 8034 5758 8029 120 3092 7818 1894 7801 7838 476 5721 3065 5521 5534 1738 312 6884 1901 5798 7955 471 455 1742 4563 7796 3269 6952 4314 484 1646 3053 5841 439 3281 1878 6995 5835 148 5831 2979 5869 7001 6693 3225 4545 6931 7014 4610 3276 551 1971 3313 4651 1997 524 552 1803 3340 4643 511 3348 493 3321 2029 4695 2036 611 522 3381 4570 6943 5873 635 4622 3378 631 4629 7023 7088 634 5923 3404 3300 3052 5626 4633 558 3250 1972 7101 4652 5956 5894 5895 3410 5989 4771 8136 3435 2133 2136 5988 8163 7094 3446 6001 3458 7140 4829 3524 6066 8174 3476 6101 7188 7051 3572 7179 3461 3587 5966 2236 7242 2170 8264 3603 6130 2281 4926 6117 2168 873 2135 3529 2215 7059 931 6206 4910 6210 3548 7328 3595 956 5020 2328 8393 5819 2414 709 4825 1031 661 556 6262 5943 6929 5083 7430 7404 1028 2373 8084 5136 4781 5865 6306 1105 6334 3820 5049 1085 1087 6209 2483 4704 3463 2243 5961 5170 5178 4675 3871 3487 5155 3862 1133 6359 3875 3858 4870 2496 2539 3401 8335 3890 3888 987 6315 2553 5106 8500 1169 2562 8501 7490 2558 829 3684 5199 2576 3915 5124 1196 2584 8515 2585 3933 1176 7507 1207 8576 4001 4013 1300 2572 1092 2712 2722 2504 1086 3827 4061 2754 5125 4945 4895 3308 491 8120 4399 5848 2077 4500 7153 7782 7084 3295 3448 3317 303 3392 7803 6235 485
2545 2940 4311 5504 170 3021 167 2967 5580 1612 138 2976 4340 3064 6813 1701 3052 236 1662 1735 198 7822 7850 4408 4463 332 6843 312 2995 7782 1670 1825 1586 374 1614 4400 6934 7912 5704 1853 3205 417 7837 213 211 1827 3102 4483 1858 5557 7991 8002 1869 6836 5687 8013 1874 420 7936 5678 189 3190 4271 459 5805 3182 3219 1748 460 5649 3053 4552 5800 5529 6779 3162 1895 3261 1907 6975 3255 1775 6869 1873 478 466 484 3227 4516 3239 5831 5839 1918 5535 7831 7802 4274 4322 3280 2949 4577 1556 506 148 2970 6711 4504 3245 107 1784 5843 4607 3296 5548 1545 3289 1778 4399 431 3281 6995 8064 1946 509 3232 4308 4600 6946 297 443 168 5873 5721 1970 4643 575 4585 3320 572 5881 1964 8089 5906 4661 518 4685 548 4653 3294 607 602 5885 7057 2005 614 4624 8107 7056 623 4725 7009 630 515 6980 3357 594 8086 5952 2016 3404 1994 582 7088 5969 496 5919 3392 8164 2015 2077 4633 441 7127 1996 7999 3290 2104 604 4741 2068 2036 8153 2113 8009 5901 631 387 6028 2178 715 7917 6953 7116 3511 516 735 5920 2223 756 7181 6072 6856 2139 6026 4560 469 4755 2256 3173 2168 2260 663 762 4866 3593 3448 3517 7205 5770 4776 7140 6151 3455 477 634 8227 7242 2150 4821 3594 4545 3435 8197 3683 7283 826 2364 5769 6158 727 7039 8236 5024 7313 2317 8393 3626 3599 2341 2271 581 2408 4955 1003 3748 5005 6039 5063 636 7259 574 1028 8441 5083 8145 5989 1019 2499 1087 7454 5936 8216 6166 5114 464 7437 4867 5060 6310 680 1105 3811 2486 2513 4757 5961 4591 2521 1114 835 5075 6105 7203 3589 2545 7404 6206 6015 5178 5173 8130 8473 2548 5146 5181 6360 5183 7017 7484 5190 2014 3900 4912 8502 2316 7489 1175 2561 3910 3915 8492 7494 5211 1192 7500 2581 1182 2580 5212 6399 1201 5141 7525 2606 2626 3893 1174 8576 8580 3909 5280 2688 6474 2712 6515 5315 6511 1344 8645 1301 8136 8245 7903 3401 6909 2782 2947 3062 4542 4531 8073 6266 2066 132 5161 1930 1679
2547 2979 3020 252 4500 138 6910 491 1943 522 3392 3396 4714 3417 3317 8145 2121 596 3356 3477 2137 4708 7153 2166 835 3664 3524 4910 4851 4878 2252 2373 6235 2243 8393 3783 3601 5114 2035 1072 4945 6294 2441 1086 1105 3819 5125 8162 3841 8434 8335 8481 2534 3839 3880 7484 3896 8499 3885 2572 2581 2580 2576 5205 7507 6396 3883 2563 8520 3944 8525 2606 2649 3975 7572 4001 8590 5854
2550 4274 3071 6831 4463 7926 122 4483 6929 4469 5772 7991 4476 4528 7838 4545 7999 506 523 5870 5521 1803 575 3349 4666 5766 6753 7041 602 4708 1959 5951 1972 3394 7097 2018 1742 2109 3425 673 5989 6001 2077 2137 421 6013 4811 735 770 3549 6039 3595 4943 8314 2373 1984 5125 3811 3837 7092 6294 4624 1086 5124 5170 3589 2486 6359 4865 2553 3888 1157 7500 1186 7507 7300 1169 2649 2580 2687 6474 2754 8645
2551 6782 252 6831 4483 5557 4534 1742 8002 6967 122 6962 491 1916 3317 8084 8090 3392 2235 8245 6162 5125 1086 8335 5181 3460 7507 6015
2552 6782 6831 348 4483 343 1827 122 1629 8002 252 1742 1953 8084 1971 3317 3392 2117 715 3597 872 4849 3658 965 6207 5891 6151 1092 5985 8458 6353 3858 5172 1160 6367 5106 5125 1086 3911 5966 6382 1184 7525 2768 3049
2554 3021 6782 6818 3123 252 1558 7908 506 3392 2072 5916 3317 491 3529 7993 1086 3930 7507 6422 1336
2555 5557 5529 5613 182 5654 6796 1695 252 7880 3044 4309 103 4463 303 4469 223 4330 7863 1775 4484 1671 7903 6779 297 312 5632 7934 4373 1562 3065 368 6934 6937 5799 5797 1860 1843 8026 1863 8009 5722 447 5830 1786 3257 5802 3252 5720 3254 2969 111 4534 502 3289 404 3232 4399 3286 1957 527 1916 1898 3290 6964 7017 523 7023 4633 535 2003 3305 6980 8020 4544 8002 581 600 7978 2943 4609 7074 649 5970 8149 672 7056 639 3423 8111 2133 694 4767 8166 2036 7162 4694 664 688 8238 667 5900 7020 524 1990 4904 666 3556 7176 2066 3637 8087 4959 3413 7320 7328 2373 7084 5935 948 7345 2342 5769 8412 485 3430 3373 7151 4878 1045 6006 6329 609 3335 1105 4710 5989 2095 7404 8481 8335 6349 6362 3883 3888 7479 6315 2560 2499 2068 2483 3900 7149 1194 3930 1207 1212 6441 8580 4013 1310 1213 1301 4104 1742 1193 6922 7945 7045 6873 6347 4870 4793 3296 122 7785 2026 145 3839 1750 3069 4537 8144 4271 5636 298 120 1824
2560 138 7813 2959 7812 3011 1629 170 6703 111 4328 6716 4283 7785 1616 1671 228 1689 5613 5557 6790 252 259 4309 5634 6782 4275 7907 4447 7822 1738 5607 5572 182 4463 324 1768 7926 3122 7955 1669 2969 1578 3138 4373 7936 387 3187 6920 7998 1867 3234 189 1887 7981 5819 1827 5806 348 6831 6956 1886 6752 4528 8012 8042 4480 3254 492 480 1750 1843 3181 4543 1901 4592 491 7995 6964 4582 475 6981 3220 4476 3253 5551 1778 3071 6819 198 1866 7838 7953 3030 3267 5855 453 5821 1945 7837 4399 3069 1900 500 8034 6962 5839 6995 1957 3238 7927 6990 4546 1830 1748 5851 7017 3205 506 2995 531 3225 4520 3318 168 3211 4639 503 8057 8077 8002 4566 3226 3317 1972 1916 4637 1974 1992 8061 574 8074 7033 523 5727 7022 522 7036 4556 3349 4666 297 4484 4537 7042 4663 7790 1933 4661 4549 1959 1775 5890 1943 5884 3313 3359 556 4653 1784 6976 4659 5835 581 5870 5795 511 313 3371 476 585 604 3198 582 3354 614 5856 5848 2034 2036 571 100 2017 4719 3396 2045 4559 5938 5942 605 6936 1882 635 5553 2006 8107 3310 1837 3387 5804 7882 543 7074 3376 529 4703 3390 5798 6718 256 7056 5769 1878 5916 5534 3337 2054 2072 3259 6907 380 7081 8136 6961 4700 618 609 5950 3261 660 7934 8145 7097 7093 440 5943 8039 4535 4735 4734 5766 4757 4534 627 3440 7101 8149 3451 425 4761 2104 3303 5895 4565 1742 4633 4678 2028 3328 134 2118 3450 563 3377 4771 4743 2070 5982 4622 2963 6705 1587 2133 6939 8050 8101 565 8144 6001 699 469 6006 711 8155 705 7057 2137 421 2175 5989 759 673 3439 5990 6055 8130 1873 7178 8216 7153 1857 3348 2168 770 8223 6072 3392 7181 3426 8238 8005 596 5896 814 5960 7066 3239 2234 7149 7165 8199 3246 7037 4777 6108 2002 6953 5699 7983 7188 8245 6054 1744 3479 2158 8252 7016 6082 7230 2236 829 6058 727 2089 5966 2066 718 3630 696 2105 4948 4675 3541 6171 3591 850 2243 827 4870 6185 801 848 5772 6010 2018 2215 661 6039 5900 7300 3588 931 2125 3609 7029 5935 7259 4775 6066 8314 7242 3548 7023 7159 4851 8275 898 3361 7320 5020 8110 4716 8017 6235 4723 8393 6209 2033 7014 7279 2408 981 1003 2398 760 3413 7404 5082 5087 6929 3729 1038 3461 7392 2489 3818 6305 2381 6281 8434 6322 6161 2182 8397 6262 1107 3820 2486 3276 6311 3819 5063 6310 3843 2111 3378 5150 1113 2443 3295 6294 5145 5961 7092 3833 7458 1112 607 4945 1101 8481 3839 2373 6332 1086 1126 6347 5161 3487 1122 3856 5170 7471 2534 5172 5178 5173 2035 6266 2535 5166 4725 6359 1129 3880 3646 1145 5179 2559 5190 5114 6315 5103 8436 6360 1170 8501 1169 8502 6367 8500 5192 2553 3859 3885 3911 2572 2562 3915 8505 5205 7497 7500 2580 3873 5213 2585 2561 8515 1201 7507 3933 6387 2588 3666 8478 1213 2088 1218 5220 6402 2611 8335 3962 3966 6441 3928 8576 3997 2671 4001 8590 1310 1300 6474 2687 2712 6515 6511 2750 2754 8645 4071 8452 6682 6688 3062 6679 132 120
2567 138 1676 5540 252 239 4291 295 7936 5519 343 4442 5758 4486 2940 7852 5649 4526 1744 411 4542 5812 8013 4529 6975 269 3239 458 6930 506 1921 4609 1567 4399 3240 85 1878 6789 5861 8019 500 116 1804 523 3317 544 8002 3229 3023 2005 3340 1587 2957 5890 4681 4570 7908 3363 602 4340 1941 8090 4725 4696 656 629 4639 7014 1796 7976 565 3305 3310 3423 4528 2001 645 2032 2123 4715 5752 7183 2205 717 8133 7091 7103 4826 2215 801 8266 661 2087 872 4910 8245 818 4970 8355 2061 707 2381 3717 2428 5087 5110 5103 511 8457 2487 5125 3853 8466 1086 3888 2555 5114 6329 3897 2572 6158 2580 6386 6387 4001 5315 4652
2568 6782 3053 4483 1742 4534 6831 4535 1911 8002 491 252 122 1887 5557 1886 6964 1959 523 4652 5901 3287 454 8107 8110 3392 1943 486 6698 2065 7093 4752 2035 4597 4792 7051 7153 7162 3451 2168 7107 8245 2175 760 4865 3252 265 8342 8383 1003 7014 848 3379 8238 6210 3595 5125 4945 1105 3387 5082 1932 7094 1086 3862 2373 3524 1184 7507 3880 6422 8335 2624 2649 6235 2754 2750 4061 2580 115 4327 4592
2571 7839 6705 2992 6741 4279 7813 5523 4317 167 1567 5549 114 4338 1586 3021 3011 7803 116 94 2969 1610 1616 1576 3030 7823 1587 7863 7871 4304 1583 188 3045 148 4374 5613 7894 6744 210 6796 1658 6790 5570 4328 4401 1710 255 1629 4407 239 7898 7852 3092 5572 1628 228 3073 4309 1735 1738 6789 3065 7831 1647 1669 1670 6784 4398 1676 5636 2995 5607 3035 2949 1662 1562 170 1677 236 4469 119 4447 1744 7936 3098 7908 4463 6884 1812 7955 6730 6813 7941 3037 165 6703 213 134 138 5705 211 252 182 6861 5654 4476 6904 7978 1768 5521 7982 215 5525 3168 7785 1558 324 1742 1843 5557 7981 402 1778 6947 1646 1689 6711 3053 3062 132 5699 2957 3226 435 7795 7812 1846 7850 4322 3033 120 3069 7838 3211 122 168 3234 3050 8031 4500 4534 4351 6962 3255 333 2993 5848 5831 483 3205 5837 1916 506 4549 4552 198 475 8009 6771 4399 1937 5839 6964 4607 3257 541 1748 1830 520 5790 8007 523 1910 3306 1886 3318 5721 5853 531 3317 1962 6968 491 556 8002 574 1966 197 5835 6831 5798 8084 1803 4308 8090 3287 1750 7048 7036 519 5770 2028 4606 5534 635 2006 8116 3349 3404 8136 2085 5927 5966 4708 8107 605 2125 3348 2133 4743 1953 5951 3392 756 3587 5989 3486 7162 7023 3595 4806 4910 3609 4943 6235 5007 7016 2015 3626 582 3425 607 4483 4535 5769 1048 2416 8397 571 7140 5125 5935 987 572 2400 1107 1086 8335 6359 5032 3811 2373 3885 3875 6367 2572 3911 1186 1201 1146 8640 4104 6539 2560 1545
2572 7818 1571 5580 1629 5572 7823 5523 7877 7871 1637 3098 1695 111 6824 3030 7894 4463 4465 259 5689 323 5693 7922 298 119 1689 1744 6782 6831 7870 4480 6881 7880 4439 1612 313 1839 6925 1811 3190 1850 6920 3036 7982 7980 5678 6836 5576 4483 6753 122 252 4304 6789 3092 1697 3033 1677 3037 1578 6689 207 1916 6744 6741 5848 246 4399 554 1948 7014 7023 8084 3317 5521 7087 3376 2133 2166 7140 5007 6235 3524 1064 1105 3811 1072 2483 3820 6206 3862 6329 1129 1086 2534 5173 6294 6359 8500 8335 7480 3487 5966 2572 1184 8515 1186 3933 7507 1141 1218 1213 2606 6422 3966 3893 4001 8576 8590 2687 4095 7490 511 297
2574 5557 252 6831 4373 4483 1742 4534 5816 8002 6782 122 491 4583 1916 506 4616 3317 8084 4652 8107 610 8136 2164 3392 7118 3664 4829 2373 2428 5860 4794 5125 1107 8335 4945 3901 8227 7507 8580
2583 6831 387 3169 491 122 6782 1916 5848 506 4570 3392 717 2252 4795 3880 2505 1181 1221 7492 2626 2709 4597
2589 6790 252 4398 7926 5626 6929 4534 3226 4546 4322 7877 7807 7803 4275 5527 4274 5798 3249 6962 3261 3254 5822 1742 7955 1795 6927 4483 1916 492 491 5848 5869 1959 3281 4634 486 134 3219 5890 1903 4672 3349 566 8084 565 4609 3309 3375 7066 2051 527 3400 3417 5938 3404 8097 5952 635 4715 4717 7058 3427 8145 4577 7097 4752 4714 5928 3317 5913 563 7109 2083 7114 2130 4771 645 2111 2029 2015 8171 585 369 8007 2139 2077 2136 8205 4811 6055 7153 4785 454 2160 770 2223 2192 3392 7242 2298 8300 872 3595 3636 2198 7188 3560 976 6235 981 8396 1003 5037 6240 5075 5884 3572 5959 1045 943 4592 8441 3818 7404 6206 606 7449 7438 7454 6323 5125 8472 5961 8463 7374 3843 3857 3827 3855 6101 4870 795 2534 2535 5155 3810 1146 5124 1155 1145 5183 3899 3885 5197 8501 2569 7494 1086 3911 7497 6350 2381 3888 2581 5212 7504 7507 1204 3944 1221 1200 6422 8515 1147 3966 4013 1304 1336 4061 6515 5364 8505 7016 4851 245 5534 6117 3813
2593 252 5519 3098 280 4274 1742 4483 1846 3069 4534 5795 122 8003 4537 6962 5848 506 503 1959 6976 8084 4429 4623 1901 4484 3269 3392 4708 5921 3317 531 8221 4945 4870 4806 7059 565 6235 2373 2414 1028 3445 7313 5125 7078 1086 7489 2572 3933 2626 2754 4095 2782
2595 5634 252 2949 6831 6782 4484 6703 7782 7981 5769 1850 4534 4537 122 8002 1742 6942 8007 3239 333 3271 506 5847 1944 520 541 4615 5853 5867 1909 4399 491 3302 7015 5721 3317 7036 1916 3222 8038 1893 2020 4697 582 608 4699 6976 6909 4723 8107 3404 4708 4740 197 453 8039 5798 5820 3305 6004 2123 4763 4647 543 2152 3487 700 6072 8221 8249 770 4778 4845 2236 5994 3524 6166 680 3637 8226 696 4948 2118 900 6206 2198 2342 7188 7212 6171 762 3511 2201 2373 981 4743 549 7037 440 4719 8252 6066 2168 746 5989 8216 3765 7312 3371 5884 8073 3232 4829 6055 3392 2002 5114 3410 607 1067 1996 4545 7449 7409 6105 5115 7264 1105 1092 8087 5141 5106 8275 8223 5947 7462 3819 2483 2496 5961 8466 835 5155 3845 2001 1086 7213 6347 561 2033 3390 7093 522 7471 3858 3425 4675 3841 5170 3859 8094 6367 688 4653 5166 8130 8141 1157 3888 4912 5117 5179 4725 5172 3899 6322 7489 8211 2576 1114 3915 2238 2581 5211 2585 1182 3933 7507 7525 1218 7499 6158 2709 2708 2712 6511 2754 2580 8640 6374 4104
2599 170 3021 1646 7852 5626 99 2963 2943 252 4448 6703 4278 122 3053 343 5741 6909 376 1784 3198 1846 421 8002 6831 2949 4483 3007 207 4328 7782 4381 5812 4578 5834 5831 6962 4271 213 6782 7785 5822 506 1811 475 4399 4610 4577 8017 4571 4330 1971 3211 8084 4484 442 3036 7022 6958 1547 1959 6934 2028 6936 3392 4708 7058 1697 635 605 8136 7101 4758 3419 616 2118 694 2133 8168 197 3317 4792 7153 735 4787 3524 5982 7121 8220 6066 7162 5973 2117 8111 3549 2235 2168 4948 6166 3595 8174 4943 931 6206 7188 956 7342 3738 5989 2485 1093 5125 4945 3839 6332 8466 6334 8335 5170 1146 7484 2373 2555 1172 2562 8221 2572 1181 8505 1184 3916 3686 1196 6387 7458 8515 2669 4001 1378 1285 2670 6819 595 5212 6313 7801 303 5772
2600 1562 5580 5557 2995 188 3066 3033 7839 1689 3058 1697 6777 4448 6755 3112 3050 236 6782 197 7955 1742 269 369 4330 138 1850 6936 6929 4534 265 5572 5721 4463 6947 402 4476 303 1670 372 3206 4447 5521 7995 4552 3234 5798 3231 3258 6730 5835 3245 441 455 4537 5795 1857 7812 1878 380 3279 502 119 198 4577 1921 8042 6910 453 1771 114 493 3296 465 8007 4399 8070 4635 3312 4639 1938 4632 7782 2949 6703 5881 2963 1992 122 4643 6831 5543 8074 491 5519 5806 595 512 3302 3281 3336 3348 1947 1775 6941 8107 527 4666 8106 5927 5902 4697 8133 3327 3410 4699 475 8116 6968 1959 8127 7999 4724 3419 5969 4735 565 4717 7078 2017 8163 592 2018 3303 5929 5911 2133 6010 4693 8166 3416 5951 2137 5943 602 5900 7183 6072 2139 7188 8226 5996 3392 2033 4741 4651 4652 4825 4768 3507 3388 759 8217 5861 7230 2192 7091 827 820 3604 3259 4945 3609 3479 6180 3637 638 4948 2262 2182 2215 3664 1861 3282 719 3451 785 3588 3686 7320 958 5020 2341 4870 8368 2373 8360 3569 6035 607 3626 5007 8242 8396 780 948 3750 6249 8275 3729 8345 4992 7407 3655 5063 3811 3736 8372 7430 5126 6314 2489 6315 1072 5834 989 7402 2015 8314 6323 7450 629 3820 7093 8472 7341 8054 7447 3845 3295 1096 5145 3378 3826 8466 8335 8469 5950 2159 5125 7453 7404 1123 3862 6347 5169 3487 1086 3863 6359 1105 5966 2548 2534 2483 3879 1135 6363 2560 7480 1133 1031 2066 5204 2572 8506 7489 6235 2583 3915 8505 963 5185 7507 3933 5124 6183 1213 6422 3893 3928 7572 2712 6396 1301 7552 3997 3966 8645 7599 1201 3901 1218 7796 4594 3836 3309 5087 298 454 2199
2601 148 6782 252 122 8002 2959 491 3228 8057 4534 4483 3314 1916 6831 3317 625 2085 3392 7259 8084 6185 4997 6206 3353 666 1031 943 6105 3832 2373 6315 2316 8207 6344 1086 3852 5169 2511 1149 3487 8491 7153 4725 7188 6235 4912 7507 2626 2630 7594 6511 1344 7599 2768 138 493 485 981 1141 5193 316 2712 756 3229
2602 4328 1562 3039 5558 5626 6782 7871 4292 1702 1716 211 265 7904 6767 5686 7908 5693 6784 3126 4471 6881 4483 380 5636 2963 85 1771 7981 7982 3050 213 3069 6946 5706 1754 6947 351 6861 4531 6927 417 4528 3202 420 5790 4529 6954 6962 5831 487 1900 333 1917 5839 6940 502 3281 506 1886 7896 5848 4546 5795 132 4559 1951 5867 8007 503 522 5818 3317 475 5859 5870 4632 571 7019 3098 7822 5885 5722 1997 8089 6831 1593 3353 8094 1996 7013 3331 6980 3294 8105 4694 7066 1959 5944 8106 4673 7034 582 3357 5856 8129 8145 8111 2074 7082 7020 3442 3301 4771 7077 629 2015 1953 8084 4699 2133 4763 3259 5999 3477 5956 2157 5900 3439 715 4829 8200 430 3370 2170 8184 2138 5996 664 3392 5964 5921 7205 7217 4675 4870 6113 4781 4787 3267 3587 555 829 6937 1988 8236 7172 3486 3630 868 3426 848 659 6035 3570 4821 3624 2243 3373 2158 616 6180 6117 3654 8174 4948 3430 2331 1742 8017 7328 4865 6171 2198 8368 7213 3709 1973 981 3238 3609 2236 3474 8005 1003 4777 8439 2381 948 6054 3777 3787 1048 1067 5082 7037 5103 5125 6156 1072 8048 6262 3836 1085 3770 2152 3847 3837 1086 6345 3862 5155 5161 1053 7084 650 5178 5181 1146 1151 5174 5183 1129 2276 8481 3899 6367 3852 8502 7490 1174 1126 8484 5199 6321 5933 6012 2580 6387 1201 1213 8543 2649 6441 1285 8590 1300 2687 1113 2026 2996 5204 4757 3037 1904 3335 8463
2606 134 1592 6730 3021 170 4311 4317 1637 7876 5572 3044 4399 246 5607 211 1562 138 6779 198 7910 1735 7917 7850 1738 7922 1647 5689 5693 7912 252 5636 288 4463 311 4447 321 303 3071 4351 7882 7838 324 3065 1775 1793 1784 4484 5704 6881 3107 1578 351 4483 5755 373 374 5743 3173 380 5576 1771 4528 5557 4274 6682 1850 2949 7803 1778 6927 4513 3069 418 4537 411 8002 1547 6936 8003 3211 417 434 414 5632 3208 1879 1875 4534 168 1863 7983 6753 430 8034 4571 8009 316 4558 4559 8008 480 3231 5838 5772 6979 8048 1886 1916 5848 7999 4584 6964 6989 3274 4564 4597 1908 5854 520 6995 527 541 7008 500 4590 2957 7014 8078 1964 458 3317 1972 551 4585 6968 5881 4633 1974 4651 1992 505 5714 197 5752 7001 8061 5899 1990 2003 5890 1999 1946 571 1854 7041 5900 1583 1571 122 6716 3176 1587 2032 1744 8094 3353 116 5903 3304 1824 3357 2052 4657 2051 635 3404 613 4626 4536 5944 605 3410 3387 3319 1984 649 4743 7093 650 8145 8141 3305 7073 3423 3335 5982 7108 5895 7020 2035 8135 8111 2108 5956 5920 2123 2133 5923 5999 3450 666 5893 5938 573 3477 496 2131 7153 2168 5911 6006 558 759 7181 8062 546 659 4837 770 7084 5626 760 3455 3337 756 7071 637 6108 3587 2066 2113 5892 4545 6067 7152 2170 3597 727 634 2199 829 7176 3561 814 4948 717 6169 2214 2243 7264 8321 3595 2292 4833 549 7212 8335 2252 2018 7328 4845 626 4549 485 956 5896 7023 6235 3513 5966 4825 3709 4963 785 3479 4970 2414 968 491 5967 780 981 3787 3601 7420 8441 3604 4849 7312 7165 2381 1072 8275 4867 7392 3811 2015 6206 3443 1092 1087 5125 6310 3530 1105 7447 2513 2078 673 6313 5153 3295 8466 3861 5155 2158 1122 3845 7475 6338 3852 6359 5174 1151 3880 3896 7480 3897 5117 1170 3885 2562 7483 5169 8501 1086 8092 3901 7490 3911 5170 3916 2583 2584 2585 5199 2518 7491 3646 3913 7507 7489 8520 2487 8481 1221 5063 3915 2485 1107 1213 2624 3969 4945 8576 3997 1285 4001 2680 7599 2750 4071 2754 3819 3398 1697 3035 6101 4343 4678 6962 3626 4610 5001
2608 6790 239 6831 1594 7945 122 8002 5557 5659 5699 4586 491 4399 3317 1987 4666 4653 2006 4610 3392 631 4764 2137 2056 7300 3595 5950 6082 8436 3658 1105 3839 4943 5125 6311 2373 1146 1096 7188 2560 2562 3911 2572 7499 1186 5221 6402 2649 4001 2750 2754 2724 4013 5172
2609 116 7785 6730 5572 122 4343 1646 3052 252 6782 6831 1558 5636 4484 7955 4476 6881 4483 7907 1689 5772 1850 3205 3053 5713 8002 106 3050 1748 8026 1867 1887 442 213 7782 138 5689 5835 6962 5821 3255 1768 6968 4591 3069 132 1878 4430 3198 506 6979 511 4542 4399 4549 491 1843 4534 1943 1938 1840 2949 6703 103 6925 7016 1959 2944 168 565 3295 2002 7812 4661 145 1784 4537 8084 3371 3294 4708 4677 5805 613 8101 7088 2029 8131 3393 4734 7097 2030 650 2077 4673 6964 5943 5626 505 2133 3450 6013 558 609 2066 8141 2014 3317 8163 3392 8008 2202 6066 5982 8147 2033 795 4652 5989 760 6945 3529 667 6026 4811 480 2175 6784 7264 1863 3630 7882 3591 8170 4948 3340 6169 2018 7242 6186 5966 8322 8299 520 5007 8345 571 3703 6113 387 1996 5024 2207 7098 8149 708 455 8295 3286 3548 3524 2373 582 5087 1045 6305 3626 1064 5126 5032 2490 7404 7430 4945 2445 3820 717 8458 5103 3729 3530 7091 6294 6101 1072 643 2474 2252 3257 1081 3463 827 829 3826 6331 1906 1113 5146 5125 2095 1102 5161 8481 2513 8397 5165 785 1129 5954 1146 5124 3899 1160 7420 5173 7480 6000 2015 1166 7188 2572 1177 6382 1182 6235 3911 2581 3915 3487 3897 7497 2584 3684 874 1187 7507 1207 1086 3944 1201 6387 6390 2649 8543 6441 6422 2670 1285 4013 2672 8590 4001 7572 5298 2573 2553 7300 8335 2750 2768 2782 8466 3513 6813 8005 3597 4610 4535 3261 5356 4463
2612 7097 7507 4534 3392 252 4483
2613 122 1637 252 5557 1761 3112 1822 1840 4484 3071 410 411 4528 1861 491 6962 5804 3317 8060 4625 3392 8084 7222 8249 2260 848 3630 939 5125 2544 1086 7507 2754
2614 170 4343 4281 3011 5553 1629 7839 94 6776 5654 5607 1710 122 145 5557 4448 5674 113 6831 7795 6893 6881 316 4417 7981 4537 3213 434 3226 435 3261 8045 4559 6990 1878 489 493 1932 1916 1935 409 5847 4583 3297 480 6979 3208 487 4589 447 5850 535 3276 6819 1666 5869 3240 1943 6718 523 4634 547 3246 1906 5837 3317 221 5870 4574 430 1904 567 5798 7028 4651 1980 4630 552 1974 6969 1999 581 2002 1914 368 461 3267 4525 6974 1903 568 4657 7790 4520 1669 439 3290 5705 207 3223 1803 7039 3340 5880 414 3252 2026 3331 8020 8107 2020 602 592 2036 8097 8112 5737 2054 3416 5951 7087 4570 8111 4712 2089 4724 4715 8164 4785 8141 8166 6012 6966 7098 610 8233 797 3350 7140 717 3630 2170 4948 2193 3222 7164 6166 933 4895 667 7117 6235 7093 5923 7179 3269 7032 6035 4797 3176 3717 8165 6981 2230 7279 835 7130 3807 4777 5083 7312 8160 5933 6315 8397 1988 6113 6306 3834 1092 6265 3827 8144 5925 3653 5153 5154 3321 1078 3853 5961 2538 7475 573 3872 2217 3839 5063 3879 1146 2238 4749 3895 2559 2555 7158 5193 5204 1196 3911 2590 1200 7525 6402 8543 7543 3955 2561 3893 5232 1258 3966 8576 3992 1285 1301 8640 2768 1086 6878 3548 7782 1544 2208 1194 7176 3487 2416 6101 2959 4275
2616 6782 4483 1742 5557 4534 8002 6962 1911 491 3053 506 1916 252 5848 4399 8084 3392 2137 6235 2373 3839 2572 8335 1086 7507 4945 4001
2618 1608 6782 7870 122 236 6831 4322 1738 321 1724 4398 341 1775 5636 6881 239 5713 252 6920 3211 4534 435 425 2957 8026 1827 1907 2976 491 228 3239 3253 6936 4504 6885 4542 4483 207 3392 4548 2168 7153 3357 5861 1908 566 3387 3264 4676 114 113 1906 6789 3222 7934 256 5570 699 2151 422 2108 431 3241 409 3393 2977 3482 136 6054 1676 1965 473 7064 1970 3327 5982 8042 4568 6072 1669 8070 1658 5911 595 6918 6753 6963 4741 634 3187 8184 8029 7181 3181 8179 7838 3451 430 2033 6779 6869 7164 3468 1618 7098 3303 3257 7034 8019 280 7831 5553 4630 1873 3293 3450 361 5923 756 5737 5927 3442 4735 2154 533 627 3337 7082 6856 4633 2157 3090 4697 2199 297 7193 504 3396 636 7205 1973 8200 5758 3229 4469 3299 7093 4862 4565 7985 3286 4605 1836 313 801 2135 5914 3220 1744 333 2152 3549 2034 3375 1941 6048 7995 2175 7176 4613 5996 5943 2205 3306 1960 7927 8097 2150 4678 4597 8130 6987 4536 4732 8008 618 1921 3455 5959 3331 3102 7184 4837 8039 826 657 820 4904 500 7107 6930 629 818 3309 1666 8252 3587 3595 3495 531 3073 3224 1997 3190 8012 1863 3630 5904 8164 5770 7242 8211 6945 3394 8083 561 5632 3238 2235 2017 3476 2170 7264 3208 8077 2138 7172 4710 2373 8238 2488 2511 3827 968 1086 5125 8474 8335 4945 2544 6341 7484 6235 7507 1221 6402 3997 696 8576 2671 7552 2561 981
2619 4328 1576 3053 7903 3065 7801 2959 3122 312 6831 7955 5706 3154 1768 6703 5607 1710 1547 3187 4281 5758 5795 6929 4536 7838 1850 106 3069 4528 4508 3212 3030 3062 170 6824 1587 4381 5623 1545 5537 3052 5634 3092 5557 3238 2944 8008 7980 4565 6782 506 489 6995 491 6962 3232 440 8002 1912 368 8043 5879 8073 7016 2963 1967 1959 5890 4639 1972 7036 3359 1974 3353 3271 3309 1996 3264 7034 5752 4673 8112 5920 5934 594 7009 4694 5952 7097 4752 7064 8149 3463 5995 4592 3204 6873 3256 2112 693 387 2033 5993 2152 2055 6013 667 2157 7193 2154 7153 2047 616 770 8184 797 3569 2171 3513 6117 2298 696 3595 6171 4778 873 2199 4959 7188 760 2215 7328 8355 965 2168 974 4961 2414 674 485 8360 3327 6186 5820 5032 3487 6191 6310 1092 5150 8434 6341 5155 1126 6338 3863 2544 3871 2511 8335 4794 6035 5170 1146 2553 2559 3896 1141 8503 1172 3885 3911 3886 2576 3910 2584 7507 2569 1270 4013 1193 7572 1273 1194 6474 2710 2626 2712 4061 2754 2687 8645 2724 4104 1344 4135 3997 1300 4322 7870
2621 170 5557 252 5634 3053 122 6793 6831 5755 1742 4529 5772 4526 3208 6703 5795 7801 8020 4516 1911 3258 6975 1856 3069 4584 511 3289 5848 4534 4559 453 4399 8002 369 1916 541 1921 491 508 4632 3317 8064 6962 6940 5804 4663 8084 7008 5885 561 3392 513 2033 1824 2031 8156 3363 694 7193 7172 4849 3479 6180 4867 4963 7328 2373 3729 485 3422 4970 1019 5125 4945 1146 3811 7507 1213 2649 7572 2754 4484 4483
2622 1629 170 138 6730 5551 6782 3053 5689 1784 6831 7955 1771 4343 7908 313 4330 3154 236 1670 5649 1742 324 4483 122 7982 4504 1843 6925 4520 1846 5790 197 204 252 5705 3206 4525 1863 8002 6931 4537 6918 421 3213 1869 8009 6945 1887 3234 3069 103 4311 5607 2949 4274 1646 7880 2944 1562 7785 7801 5519 5557 2959 5634 417 6711 1857 5824 7803 8034 6962 2969 1778 506 4609 4566 4399 4610 3260 1921 3294 520 1916 6976 5879 3037 4633 572 3295 1547 8084 5867 7871 3181 6978 511 581 5721 2026 1987 8110 2032 618 5896 5769 5841 4700 2077 5970 3430 3375 7088 8112 7094 8136 4758 7029 632 8127 2133 7127 8086 7098 666 646 677 2006 8107 3425 7121 3443 5904 4792 3468 2205 2175 2138 8169 7155 6032 616 6007 235 5954 5843 8042 4743 3427 4811 7118 3440 2015 3549 3476 4565 8174 2236 6108 2182 1946 2215 7233 760 8245 3597 841 4865 2281 6171 4948 4943 7188 3391 867 7059 8221 2364 3686 785 5989 3646 573 3595 1911 2362 7328 2168 4528 7014 7058 3728 6961 3729 8314 876 607 7983 2373 7392 3305 6202 6066 956 8450 6151 3198 5075 1072 4945 1959 5895 3524 5848 1105 3837 2441 7449 2474 6294 8466 7213 874 3839 4708 3317 6347 3862 8335 3658 2489 3487 6206 5170 6359 1146 1114 8484 5179 5176 7404 6161 4704 8498 3896 2560 8501 7490 3898 1169 5161 2505 5204 3911 2572 3909 5199 2562 2573 1165 6235 1184 674 7507 6399 1213 5221 3966 2649 6422 2504 3969 1174 2712 1206 6402 4061 2754 2579 4534 3238 4535 453 134 120 3229
2625 170 134 5607 5613 5626 5634 3053 5649 182 252 4309 2959 197 7908 5572 1646 6831 2957 1784 324 4484 7955 4483 1748 6907 6909 4328 4311 1562 122 6730 120 5557 2949 4528 7976 5790 1846 138 1843 5721 6929 7981 7991 6703 8002 4537 3213 417 265 8003 4351 1840 4549 103 455 3198 3069 1830 1887 7801 8031 3050 8034 1894 6962 5834 5837 7785 480 483 6968 1911 3255 4534 491 1923 475 506 493 4274 6782 3138 1670 3232 4399 5839 5853 4610 511 1943 4607 5869 3295 7014 7016 5805 269 5521 4330 3305 3317 1959 1886 7983 5795 1971 1778 1916 523 7033 5896 3300 1878 581 520 4661 5890 4563 453 3349 5870 5534 4666 3353 3340 3348 3328 3365 351 6976 198 2029 3371 6964 8110 1775 607 7882 3392 3404 1594 7088 7058 8136 613 8084 8145 3378 3071 602 522 7094 3440 4535 7097 3373 5772 7059 4652 2133 7127 4771 6001 8129 2077 2015 5966 421 4677 6979 571 4715 616 2131 4792 7153 5989 673 3487 7812 3425 4708 5848 7084 2033 6779 3379 8107 635 7101 4829 7162 3524 585 756 489 7205 5769 760 8245 4912 7217 3587 211 5799 2281 7230 7212 4743 5759 486 6101 3595 2168 6117 2018 5986 6000 4948 4945 4943 4865 4704 6166 572 7108 717 4673 1947 2111 2215 2036 8174 931 8005 3529 8017 458 8345 933 8221 7140 5900 8111 3486 7328 6113 5024 4622 6013 605 2002 7999 4811 1003 3401 8144 2414 6006 2136 987 4870 6066 3294 7404 6210 2489 565 4725 2066 5125 558 1092 3827 1105 3684 3839 1072 8335 2521 3463 5961 8466 5106 2035 3862 3321 582 3276 5155 5170 6347 5178 6209 1146 5895 5935 3448 951 8501 6235 2581 1184 1181 2584 2562
2626 134 252 6831 1742 324 6879 4483 1689 3198 1843 396 7981 4484 5721 417 5607 8003 4535 122 5557 8034 1911 7983 491 3296 523 7014 4643 558 572 3261 8084 3305 8136 2077 7153 760 4943 2350 5125 6235 8335 7507 1146 2671 2750
2627 5548 5559 138 6730 2977 116 182 3050 239 3062 1689 252 7837 7877 7852 5659 7898 7907 4432 145 7941 324 7955 3107 4483 6723 5727 7908 5742 5753 4500 7976 3071 1812 1811 5759 4351 4480 6909 1742 3205 5790 3198 6927 6711 316 7990 3007 351 434 423 134 374 122 5634 3222 386 8023 1869 5818 3202 1887 4551 3053 7927 1545 1583 103 100 114 7821 2963 6703 1581 6741 6967 170 101 4275 5557 8034 3240 4338 1562 5504 3069 5838 4311 5607 458 6968 3251 4581 491 1675 469 480 504 506 3287 1930 6993 2967 8007 1923 503 3286 4563 1947 3234 1948 4565 461 524 4559 558 523 8078 8061 4615 8069 3313 3312 4633 7023 1964 551 1980 548 3330 1973 1971 575 4399 5721 572 4330 197 1761 4622 8005 1893 581 8060 3276 5632 397 447 3328 5903 4661 2005 4683 5626 7032 4647 3305 7039 4484 5848 4309 4712 7056 2052 623 7983 2056 635 4686 4708 5952 8136 649 659 4716 2096 2078 4652 3306 4761 2034 5770 4734 4771 4764 2077 2124 582 3423 5975 7127 6001 2133 5919 7059 8012 694 5991 7122 2131 2116 2086 8082 8118 6962 3425 5769 8017 4792 616 8084 8166 3388 1784 5989 4763 3514 4829 417 8179 5993 4797 6054 2139 5935 4837 2169 6090 3476 5973 7084 5900 4725 2137 2201 2275 1863 3595 8249 872 667 3572 8221 4537 8211 863 7083 4895 733 6117 4878 6026 777 4873 2014 3597 931 2095 7025 2236 6206 4656 7328 2364 4969 700 8092 3728 971 2193 4955 908 2373 6209 7159 520 1959 956 8436 7356 4781 7162 4610 2015 8223 1067 1910 8397 8372 7094 8146 5126 7341 3836 1072 8472 1107 1105 3833 6305 6315 7242 2496 8468 1087 7437 2168 4704 1077 2521 7174 2061 2033 8159 3862 8481 5117 5985 6037 1123 3487 4945 5178 5170 2545 3839 2117 1146 4865 1141 2238 835 5125 1162 1160 2559 8149 664 5161 8503 8501 7490 3820 3911 951 3765 1184 8506 3859 6235 5001 5141 3901 2649 2624 7572 1213 8590 1344 2754 8645 4135 5232 3347 3811 5896 120 8111 2129 4534 611
2630 122 2976 252 6831 4448 1742 7978 4534 4447 430 4603 491 4641 6962 3318 1916 3317 8002 4683 2032 3392 4738 7097 3365 4710 2033 2107 4799 4667 6235 2358 2474 5125 2545 5178 7507 1378 3808 7791 7045 1086 4483 8031 4647 1270
2632 6782 303 3123 5557 4534 1742 6718 6831 430 3255 8031 5809 3289 471 5830 504 4504 1906 1858 1889 122 1887 8002 8057 6962 4351 252 210 2959 2947 6959 3300 6730 3314 5861 5884 3317 524 4738 2077 2005 7033 8129 5942 4732 609 5890 643 3357 3392 7093 7127 8163 4763 8165 6006 8153 2112 6003 4708 7162 7091 2045 5986 759 2068 4724 2202 8216 3571 708 797 6117 4743 4778 4878 615 2198 7213 8245 3595 3570 7242 5989 2104 4865 7462 8468 1105 7086 7449 7011 5150 7430 6323 1096 4761 2123 7029 4833 2489 3837 1113 5082 4794 3460 3847 2510 7458 3853 826 5170 5161 1122 3871 8335 2548 1146 5961 5181 6322 3813 3843 1129 2483 2168 1101 5169 3862 5184 5164 6362 6347 581 6066 6359 3524 6340 2559 1160 6367 2139 3839 8466 2562 2572 1184 6235 4829 7507 1213 3548 8590 4001 2708 4061 8091 8136
2635 134 5557 6782 239 4534 198 453 1911 5804 6698 122 506 5848 3308 8084 505 454 3053 616 1742 666 2136 5900 8275 3664 8412 8439 5103 7122 1154 6305 6314 6235 2754 1072
2640 122 6782 6831 4534 4483 3317 3392 5870 7507
2642 167 7863 4413 7782 3098 3090 7922 5689 6818 3053 4439 4463 6784 3138 259 3102 295 7934 6789 5632 6757 132 108 213 5659 5753 1784 6909 6910 4508 122 7982 3198 1839 7970 3071 351 8013 5687 1879 5820 4541 7993 4319 4328 7812 6680 4300 7883 3045 3092 1583 6741 1544 6730 3237 3254 6975 8043 8045 3250 2959 483 4583 4592 6703 120 3069 4351 1923 1858 6961 5855 1863 3297 453 3286 466 5848 1647 519 3292 1916 6979 3283 4271 3260 6964 5759 1954 7008 520 1957 6930 486 541 7015 7014 554 4569 3317 1938 530 7020 3320 8016 8007 7032 1999 572 6711 7041 4536 3349 585 3300 7028 5888 6831 3371 505 4520 3357 2020 575 571 4630 5870 3340 4694 4652 2005 7054 558 1965 4659 4717 3375 2046 3365 2013 6980 4725 3414 5942 522 2085 5856 1933 2091 3423 2078 649 4703 8009 5969 1742 4743 8145 2096 2072 6779 7822 8149 4673 3327 3440 4699 642 2126 2033 5985 7107 8163 8111 3465 694 699 8039 2164 4792 5885 2136 4794 3445 2137 6048 8164 4797 3519 3526 4732 2202 7179 2205 756 5798 792 1921 7217 770 4849 489 4597 8221 2192 827 7091 3506 2275 7082 2214 801 2111 674 714 7207 850 3637 663 3609 7181 605 7240 867 6185 8086 898 4955 3570 661 2252 7259 8313 1857 6067 2331 7128 3636 4878 4992 4613 6189 588 7098 3306 5770 2234 2018 511 460 900 8305 4851 971 718 2344 7233 3709 7365 3748 5063 3684 3626 7374 8442 8293 2352 3787 7404 1045 7408 7407 1048 8275 3338 8450 2485 3588 5106 2419 6322 1083 6141 7438 3823 1067 7454 1902 2243 6305 5155 7470 2520 5154 8242 1053 7447 1124 5161 5038 4961 5164 6350 2544 5178 2547 5150 6359 5181 2545 6338 7458 8474 987 2381 6310 8329 1146 5183 6363 5174 3819 6362 1147 2513 5117 1153 3899 2559 1162 3820 2524 5032 7462 5170 3832 5086 7213 8503 3859 5197 8505 2553 5189 5204 7495 2572 3915 963 7078 6382 2581 951 7480 5970 5986 2588 1207 1218 2611 7507 5221 1206 2632 2649 2670 8466 6474 1314 4943 2712 4061 6515 4912 2750 8640 4095 1378 6539 8084
2643 6831 4483 6962 122 252 491 3317 3392 4673 3787 5125 1086 3839 6206 6167 829 1113 3865 8299 1050 2549 5205 7500 7507 8525 1218 8645 5364 3156
2647 5580 138 170 4362 5570 2967 7801 7898 252 239 1724 3052 6789 236 341 4483 7955 4439 4469 348 6860 168 5746 7882 8002 432 7981 3237 3234 6937 6962 5838 3220 502 3239 3281 511 506 1943 541 8069 1971 1975 85 1558 6716 99 7795 4319 1565 1980 145 3311 6730 2949 5541 7042 453 5890 6689 4641 8090 3349 408 1886 7812 1775 455 4559 4697 1866 440 4725 7999 7078 5923 3375 5870 545 3228 3390 5848 5727 4624 2111 673 645 8163 5802 643 8007 425 469 5895 6006 666 4792 3300 8179 2168 4811 6072 3431 2135 3435 3513 2138 7117 4847 3340 3511 7213 760 7059 1992 3517 2281 7149 8217 6108 3430 4780 3570 6974 1996 2243 3595 2193 7300 2047 3487 8314 5884 2373 4849 956 7118 8345 818 4794 3684 8329 2489 5115 2483 2486 2316 1105 3814 898 2525 2521 3862 8466 6341 5181 3879 1146 1144 6367 3875 3888 5197 7490 5192 2572 8507 3506 1181 1196 725 3597 3944 5001 2600 7543 2624 4013 7572 2754 1193 2724 1086 3962 2768 7831 630
2650 6782 252 6831 4483 1742 5772 4534 4537 2949 3053 122 7782 1911 3258 506 5848 3317 5989 8335 848 7140 1796 987 2033 2137 2373 1105 5961 4704 3487 8500 3839 2562 7507 2649
2651 252 7893 6881 6884 6789 1804 6904 4351 1830 8002 1839 4541 6910 3011 3182 5706 491 4534 6962 4623 386 4649 7013 1944 3307 4582 4639 5894 1874 614 589 4688 3405 660 3317 5979 5970 1916 8164 4799 8236 594 8217 2207 2073 4343 7217 2373 5024 3777 4871 8372 5087 3837 1086 5125 7507 1213 6474 8645 4104
2652 134 6730 6776 4351 6824 3045 3138 5711 213 6831 5706 7955 5741 1843 442 443 4328 119 3280 6974 6703 3190 5869 4616 509 7801 1676 3246 132 6744 3317 441 351 3300 1953 520 7058 3392 5870 1916 2077 649 650 7127 730 3519 7193 491 2036 3587 5769 1742 4904 3425 7936 3593 3517 3150 2281 872 5895 3548 2373 981 3682 7420 2489 8468 2238 2035 1107 1105 2096 8335 3765 3839 8481 3862 3888 1169 7462 2521 2562 7483 6359 2572 3911 1145 1184 5199 3916 4945 3933 7507 8515 1204 5221 6422 3966 7552 8576 3928 4001 3893 3837 7497 2624 2611 5212 2443 7572 1213 2649 4061 7490 2754 1086 5961 4399 6711 7162 3069 5649 5772 4537 1146 6235 5966 4610 8005
2654 122 252 1742 8002 1875 4586 1916 506 5879 8084 3317 1086 7507
2655 5557 2959 134 138 6718 252 2949 5649 6779 3071 6782 6813 5711 6831 4330 1742 5758 7976 1830 1771 3098 1778 417 1670 7917 1594 106 7991 3205 1850 189 3213 5790 5521 3069 4275 1547 4274 103 6703 7785 6878 8031 479 8025 486 5534 8002 3317 1916 1887 4610 4549 4483 3252 8110 122 3392 7009 4534 4653 3309 2086 613 6962 2175 756 4829 6001 6180 380 3295 549 5125 1146 2572
2660 1583 5549 4317 6741 2996 5557 170 7823 1676 6782 3053 5634 7904 3092 114 252 6790 5706 1771 4439 1742 4483 1850 4534 6831 425 3050 4552 6937 6962 1887 506 4535 417 7791 516 4549 539 4661 4399 6703 5870 2035 5989 6001 4771 2131 2136 8163 2137 8136 4811 2018 3231 3468 563 3373 3430 2215 7212 7082 4528 4865 7188 3728 6117 6028 4653 5125 458 2381 5170 3888 6166 7404 898 2572 2111 1186 8481 951 1213 4001 2754 4279
2668 5572 6782 3053 252 210 1689 5613 134 197 5557 7782 7908 213 122 5719 3176 1562 4483 7981 3205 7976 5758 1742 409 5795 6947 3069 4536 1830 3198 1856 4537 7999 5819 432 1887 8016 5804 6703 103 1911 4343 1646 2963 6779 3255 2976 506 4568 8009 502 491 1916 5848 5772 6711 3224 1933 7017 1906 8084 7008 556 7009 4653 3305 7022 3348 3365 8107 3353 3371 2035 2052 3373 4708 3392 632 5689 5951 4534 5938 2029 2072 5956 4771 3419 6001 8156 4768 2137 4763 2117 662 8130 2136 6072 770 8221 4622 3517 8089 3317 707 7094 2070 4865 4699 8165 3637 5936 4945 7328 2373 6235 956 5024 981 5037 1045 4777 8412 5986 2398 3765 3819 5125 6310 1086 3833 8335 5170 3839 5181 2553 6367 1135 2562 1169 3901 8503 3911 3912 2572 5206 5211 2581 7507 7409 2593 4001 4095 2341 7490 5232 316 549 7922 2632 265 402 3241
2669 122 252 4465 7976 4534 1742 4483 6782 491 6962 3317 6831 3392 5125 7507 1846
2670 4288 5580 134 3021 1576 4374 3052 215 7870 1598 4401 3053 6779 168 292 4463 7908 303 4465 3071 236 5713 6831 122 4338 6885 7903 228 1768 6868 1676 6679 2949 4275 5520 6682 1744 2943 6870 343 3102 6907 369 7934 121 2970 7970 1827 7976 7980 1742 6920 81 7981 4525 4327 5699 6856 4516 3198 7998 7831 1778 374 5534 3212 402 1846 3213 5737 411 1830 5795 5807 4535 4526 3206 5798 5805 1878 4528 439 8034 1887 4483 1889 3181 4559 4484 447 453 6962 5834 484 491 4328 6703 5557 7917 4448 4432 7801 108 6884 1748 116 5634 3092 506 5549 432 2993 5848 4556 5854 6995 503 137 351 519 5869 5711 3290 533 486 4623 8078 5766 3305 5881 8070 3300 7022 3317 8084 7036 444 4624 1972 5820 3295 585 2029 2020 8110 8107 582 7058 4708 1867 3392 3396 3383 4714 6980 5944 3404 2045 3330 602 8106 3410 556 2078 3365 2033 2073 2066 2017 5943 4687 4693 5895 4740 5969 8149 5966 3440 4752 3229 650 3442 100 4741 3430 637 2118 2123 8155 2133 3439 7127 3335 2070 8163 5933 7108 5985 4792 2157 756 7153 3455 7033 4821 7203 4699 5923 2256 8221 3513 3595 3593 2192 867 2168 708 717 6166 8146 2170 5973 3486 8130 760 6117 762 5993 7115 3609 4945 4622 2151 5977 3370 8174 2117 7300 835 2084 4895 8164 2138 2154 3388 3626 898 6082 563 8313 7207 8252 2236 673 5981 873 4910 8211 4833 2364 8329 699 7328 5892 6058 4806 8335 6067 3738 3748 8360 2373 5989 3729 7402 3787 5038 3773 1048 943 3435 787 4943 1938 8204 5082 3367 5114 5005 3807 1861 3463 2398 4777 4686 7420 595 8314 8436 956 8397 3597 6953 4969 3811 8448 6305 656 2424 841 5115 3819 3754 5007 5961 7264 8466 1082 6141 1083 4581 3820 6310 1087 7259 2487 5136 7279 798 5088 3827 7091 7341 1093 3601 5103 1105 3837 3833 2492 2499 2513 8474 2486 3717 2525 718 1016 5049 4694 1121 2111 7107 1086 3826 6329 1123 8236 7471 1126 2544 3839 963 1146 3879 3871 8162 3880 1144 7480 1157 5117 1129 2553 6359 4865 3885 1168 2562 3321 936 6362 3897 3887 1151 3890 1145 2555 6344 7489 2568 3646 2119 7356 1175 8506 5192 2572 7492 6294 5205 700 3916 3888 2276 6206 5199 2583 2580 8511 1196 3911 1169 6389 4794 7494 1186 3915 1201 1165 8515 770 7507 4829 5145 2573 6000 3875 5220 2558 7497 1213 1221 6387 5221 7460 743 7543 6422 2547 6101 2611 3788 1094 2561 2649 5141 888 2624 3975 8491 5193 2708 2709 1314 2750 8640 2754 5341 2782 7442 3966 642 2264 464 6010 1893 5545 8124 5746 730 3277 7000 4665 3426 549 543 8381
2672 138 252 4534 3198 8002 4483 1887 6703 1911 122 1916 6962 4605 4607 1784 3295 3317 134 491 2109 5772 1742 6782 2133 2137 3392 7188 3418 3487 6206 2373 3839 1086 8335 5125 3811 7507 1213 6957 198 7850
2674 170 3053 122 6831 252 8002 3225 491 5804 506 1916 4534 6962 5557
2682 5557 7839 4362 6813 4274 5649 4463 252 3098 3045 6793 4469 1742 6831 4483 5727 4534 5769 3222 8002 3213 2949 312 7801 6703 5678 148 106 122 2963 6962 6782 491 7823 4399 3290 3295 3317 8084 572 519 6939 332 534 265 7983 3328 103 601 8110 3392 6976 4447 544 7064 591 2086 5989 2140 615 1946 2139 931 6166 7328 8223 3593 3211 8177 3418 8144 4549 4776 1031 8439 1045 5087 4797 3717 5934 4546 7402 2411 3439 475 6262 2441 1056 3488 2328 4603 6032 1085 5920 4806 2129 6141 5961 3551 3859 5178 5125 1072 7507 7572
2687 148 145 5572 170 1646 134 5534 5607 5634 6782 4399 6813 5636 1689 4381 197 6790 5649 4437 3071 1748 7908 252 3138 303 324 269 4476 1771 6831 6907 3198 1812 1850 7936 1830 4534 1742 1778 351 1846 1840 7991 5769 5626 8002 6962 491 5557 3317 8084 3392 4704 1086 4104
2692 5553 7883 6782 5613 5607 3053 252 7941 324 6831 1784 4484 6884 4493 1742 7976 5721 7838 4525 7885 1850 2949 1827 6689 5807 1851 5526 3222 5803 3252 404 475 5848 4476 6922 5850 5847 491 4504 7022 5557 7042 469 531 509 8002 8092 581 4708 602 2001 1972 1890 533 3416 3405 5966 4721 3394 2104 3392 546 7153 8153 4652 2202 6028 769 2217 3391 515 3276 3595 760 835 3569 4851 4992 7328 8061 717 5087 8442 5110 8211 3728 7392 3750 7009 8461 2238 8434 1072 6316 2495 7420 2243 3853 5172 7188 1133 1141 7444 5204 3911 7409 8511 8249 2586 2262 3477 1204 1218 2606 8590 8458 4135 6711 8136 3287
2706 7801 3011 138 134 252 3053 197 5634 5557 1562 6703 5711 5721 1843 417 4534 2949 1742 189 8007 5804 3069 6962 1911 491 511 5848 506 5870 3317 8084 4483 1916 4484 5772 122 8107 7985 7114 2133 760 7212 3595 7162 7328 4943 8101 2158 8466 1086 4945 7475 6359 2168 6363 2562 1169 2572 8335 8590 5315 8136 5170
2716 138 5557 252 1748 311 7908 6831 2949 5769 3204 417 7981 111 4537 8002 1887 5795 3069 4534 1742 511 506 5848 4399 4607 1916 491 4484 6703 7801 8107 2029 4708 635 3303 3432 8156 2104 8039 8017 2133 2168 4829 3524 7264 7188 3595 6206 6066 3862 5125 1146 8335 8221 2562 2572 3911 1184 6235 1213 2649 4001 7572 2754 1086 2967 5151 8136
2721 6741 122 1598 2990 3021 6748 5570 170 3045 6767 281 5674 1738 2969 3090 4463 3098 311 292 7908 1748 1795 346 5532 2949 2959 1825 5541 1558 7852 1541 6910 1812 404 5743 3187 7981 368 4476 4430 402 411 1850 7995 3069 3190 197 2940 7837 423 5607 4311 6819 6947 4552 3241 3247 483 333 6703 6753 5803 1669 506 4534 4601 1724 5613 7863 3289 252 4399 4432 4447 116 182 1587 1658 1947 7004 6995 1647 4577 5841 451 4609 8078 554 527 7017 8069 522 5727 7985 515 5797 5766 4587 573 567 6981 1980 3317 6869 5859 2957 8084 4568 1951 4665 4672 1974 489 1860 465 490 8029 7934 7048 575 3312 1916 1803 1988 545 8110 4632 3392 6986 1984 546 3401 635 7046 5944 4686 5921 3405 5952 8135 3400 7097 3419 4735 4743 670 7127 6001 4767 8171 523 2077 4596 5804 673 6711 5885 3071 613 2137 5856 7042 5649 3410 1742 4664 4723 3477 8143 730 8147 3416 7140 7153 3388 3292 4613 6980 5973 724 5986 6932 637 361 5929 8097 1778 8211 605 2154 6066 2047 5634 5936 7179 8221 6067 797 3569 4544 8199 4641 7176 1941 6108 7051 6930 683 3303 3439 1921 2195 5964 2215 4959 3413 4825 933 4948 3511 955 8314 4895 974 634 956 2201 440 7059 4943 3572 8368 835 2408 8412 3229 5063 4712 3738 2243 5083 8397 8463 3811 4633 7121 3788 2292 2499 4945 7409 8293 1105 6117 3832 6310 6006 3845 6341 2521 3276 8174 2513 3813 3541 5161 5164 5117 5959 3626 7478 1123 3526 3839 8436 5989 3589 3841 3319 5166 5181 2489 2152 3895 8275 6367 6209 3820 5197 3897 1086 7490 2136 1184 6351 2403 8144 3646 8484 7489 3916 2581 2584 2583 2492 6390 665 3930 2590 7507 2593 6396 7497 2611 6402 3962 1258 6422 6441 5221 4013 8442 8590 2708 850 2724 8640 8645 4104 5341 1155 1072 2129 511 4469 1996 5632 3053 4483 3609
2722 148 2980 120 5580 5634 4370 5649 4392 152 6741 7850 5632 3058 5529 4448 1793 337 6868 7945 4484 7955 6879 1822 6893 1778 1843 5797 7991 4275 4543 2943 4292 5825 425 420 8016 1901 5532 1900 483 3278 3292 1781 5534 8008 6993 4508 2949 1761 442 1710 7790 1979 575 8091 524 1974 2031 2045 623 515 635 3219 4565 4697 8107 601 6936 5952 4667 5699 4736 3404 4752 8145 4732 650 1908 1771 4755 4771 694 4703 4673 3271 646 8163 3443 662 4785 1973 2083 730 3361 687 4811 3229 4829 5973 611 2095 2073 2136 8048 7181 7140 5935 2217 2168 795 3572 7222 2256 1883 8245 2281 4933 7240 6016 8174 6166 6010 4963 467 3388 931 7328 651 4943 3703 3379 913 8393 477 3750 7259 2014 7298 8397 987 7404 2489 4545 7094 1918 2509 2513 1107 3832 3850 1081 5136 3853 1106 6314 2511 609 1111 2536 5161 7479 1128 6161 3858 6344 705 5181 1146 6362 1149 5169 1145 6324 2560 1170 8160 1141 3912 1169 3911 8236 3658 951 3901 2584 8511 1191 2585 5212 2586 6387 1207 2606 2626 2630 8543 1258 3955 2573 2671 6441 3883 4013 1310 4001 5298 2234 6059 5145 4945 827 2750 6235 5206 2754 4104 5341 6539 4399 252 1181 4775 400 6209 762 3317 2202 6942 2581 6932 4626 453 4308 7153 7496 5865 1882 5848 5824 2593 7213 4483 6962 5557 491 3295 3413 7926 6831 633 3259 8129 673 639 6813 1904 145 4351 170 8111 4534 933
2725 120 116 6741 1646 6679 1616 5613 6718 3092 1761 1768 6779 3123 3034 7882 1784 4484 297 5742 1594 3065 1843 6920 348 1593 1562 1576 1547 4279 5799 1778 369 1863 443 5521 1867 3234 5821 1854 1825 483 4575 1923 4592 4607 520 3292 8069 3308 571 573 5534 4629 2035 3391 3340 630 561 5790 659 8116 5954 3443 2104 2124 7181 558 3450 700 3572 4730 2158 3637 4825 4821 618 2319 3325 5024 8393 3379 5892 1003 5007 7345 2441 5005 5087 6210 6105 2495 8084 7437 6311 8467 3853 1112 3728 1123 4794 8436 530 5190 3895 7489 3915 3916 1177 2583 2286 5185 7507 7300 3944 8543 2649 8515 1300 2712 2572 8640 5180 8645 1086 8129 4534 5557 8002 5125 3818
2729 1608 148 3011 94 170 5557 122 138 1646 2970 6782 4309 4328 7801 215 7871 108 6831 1724 7980 361 1784 7976 252 6934 5741 7908 8003 1770 4528 8002 1867 4534 5570 6736 351 5804 402 5626 7945 4330 3222 6953 1889 6819 3053 1863 3254 4563 1901 4537 6975 1916 491 506 430 4399 511 3295 3290 316 5870 3050 513 1945 6703 5534 5830 602 5772 8107 1984 7807 1941 8110 7058 1933 635 8136 1742 3440 2133 7153 3524 3482 6055 636 4761 7188 2168 8221 7264 727 5825 4912 6166 7283 931 4963 2182 7011 8345 3588 4833 2235 2373 8017 6235 2341 6249 7104 2236 8412 1861 6262 2485 2490 5125 1105 3862 5180 3811 2414 2342 8434 2560 7490 7484 1123 6369 3886 7491 2361 1184 2581 2580 6402 2709 2754
2731 1608 4309 122 6782 252 3033 6831 4483 5659 7927 1742 3203 8002 417 8011 4484 5804 469 4574 207 1911 3273 1923 1916 491 3297 4399 541 8031 4649 107 1966 4615 1990 6790 1887 4471 7048 4659 6716 3392 2039 100 2057 1671 5937 2034 2080 2078 8107 5979 3317 670 235 2141 545 3481 4799 4829 7153 798 7222 696 872 2298 4945 4534 2160 656 6010 5832 4582 3279 7309 4762 7328 7091 5989 2195 3717 3684 3709 971 5848 2342 7377 8439 8448 3783 4961 6312 6314 6202 3811 7449 2499 7450 1098 8472 7264 5103 3862 1086 5169 5178 2541 3858 7478 5181 1123 3904 2576 6235 7500 5212 5211 7504 3930 3913 7507 7408 5141 1207 1221 6402 7543 2630 5221 3975 981 1270 8576 3912 7594 3911 2712 4061 8640 2768 4104 1378 5364 2782 5356 2403 1262 5049 6931 4308 7174 170
2737 170 5607 1646 7785 138 1748 197 1562 134 1784 3050 6711 4330 1742 3205 7982 3198 4528 6909 5790 5795 5721 4537 8002 2949 3213 4534 8017 8034 472 506 1886 491 1916 523 7014 3317 120 5870 3305 573 3392 5942 7059 3425 3440 2126 7094 4792 5772 7153 6066 7188 760 2373 2137 4945 1086 5125 3839 8335 1174 2572 6235 7507
2738 5543 252 5557 103 5553 2949 6711 122 5626 6813 7955 1744 3150 6831 6909 4534 7999 417 6947 5803 3214 5819 168 6966 1903 7995 1911 3206 4549 1923 491 506 4542 3213 3317 1742 7016 1959 5848 581 2005 409 608 2077 7101 3440 7084 8084 4559 2137 3222 7162 5895 717 6007 3394 756 7230 4943 5007 680 5125 6322 2373 5935 8153 6338 8335 7188 3911 8503 1181 1169 6235 1201 7507 3933 8590 2712 4095 511 1562
2742 1733 6813 2959 252 122 5557 7813 85 4314 176 6818 138 4483 5634 6831 6934 4534 1724 8002 5772 5769 1795 1887 6962 429 8008 5795 1911 491 6910 1943 4516 4634 1980 3317 1916 8084 574 4484 3392 1742 3451 2133 5989 683 2137 7193 4829 725 8238 2298 3630 468 4616 577 1874 7000 8157 4945 8335 8221 3570 6206 4943 965 2373 2202 3811 1105 1086 5125 506 6359 3912 7083 6371 2624 2649 7572 8590 6680 7490 1545 7785 7782
2743 1608 4319 202 6744 4322 3254 4399 168 4469 6771 1972 4330 5879 3053 4559 409 1974 5903 7020 3317 491 479 5678 1887 2066 2050 1812 2178 6013 8153 5707 3549 795 6003 8039 3231 3571 657 3570 2018 6054 7313 6240 3376 7454 3770 3855 6000 3629 5125 2562 2341 2584 7507 8543 8576 2709 5315 5298 2724 7599 1153 6515 5341 1361 1378 3215 1086
2745 6730 170 167 134 5607 4283 197 7908 1748 324 122 7941 4274 5576 6703 7976 3173 6909 1830 7801 5769 7982 252 3050 417 5809 418 5804 8002 6962 7785 421 5834 8013 5721 453 3053 138 236 3062 5557 1887 491 6782 3169 221 506 3253 6711 5855 4399 1562 520 441 5861 3069 581 572 5766 4661 3317 3392 2054 7058 555 8136 623 2035 2029 629 670 3383 7094 8050 4792 665 3548 615 7230 2262 2169 2136 8129 2084 8245 3530 4945 873 7264 2137 4851 3425 7116 4963 7328 7300 7188 956 2364 3511 760 6206 4829 7151 8029 5966 1072 1105 5038 3839 4704 3850 8466 3862 8221 6359 1146 6367 5172 6363 3882 1157 7491 3890 3911 5197 6235 7507 2649 3997 1285 1213 2750 8640 2754 3966 4533 2057 400 591 4442 3236 8457 5526
2746 7890 6782 7903 5686 3049 6831 7981 3053 252 1742 4534 4483 4281 5831 6962 3258 491 1916 4399 103 3317 1967 8084 6878 6987 608 6975 7058 614 2035 3392 585 5902 122 7055 8199 8245 7896 3432 3654 6884 8335 943 3666 5769 4825 2040 5883 4652 6013 3378 558 5020 4736 6186 3718 3354 2115 3543 7953 2398 5038 2414 5125 3813 4809 1092 6325 1086 7149 4945 8038 1111 2443 3851 6336 3818 7437 3882 7490 3916 1182 2572 7494 1196 2561 3930 6390 1201 1213 1221 3955 1122 6387 4071 2754 4135 1144 4537
2749 252 6831 6962 3317 491 5154 1105 7507 2768 2002 4534 5966 1846 417 1146 1784 3529 5115
2750 170 4328 6703 1562 6716 6744 5632 6730 5623 5523 4309 3066 5636 6813 6796 252 7839 269 7917 4437 6831 3138 1689 7796 4465 5713 3034 324 6824 165 4314 341 4480 4340 4463 1778 1804 5741 369 4483 4469 3173 5769 6870 6884 7863 1771 7980 4520 360 1843 113 239 5504 1836 3090 1664 2970 4400 4381 5743 1850 368 1846 265 4535 312 1840 3213 7998 1724 7970 2980 3206 291 200 6904 6705 1795 3162 4430 437 6921 5596 4490 7991 3053 4549 8023 1666 1892 5540 343 5818 459 1830 332 1767 8029 3241 3249 217 3250 402 111 3204 3211 456 3254 3256 4575 6974 6952 3279 471 483 1878 491 1745 6963 3289 4582 3273 500 3251 4597 4577 4569 4559 1933 4392 3231 421 5795 5649 447 4399 1937 1912 7017 4622 6752 4634 3318 1935 509 4624 3317 6993 5721 1919 7999 6976 1697 1992 7818 6755 2944 1568 85 4275 444 4663 4672 4659 5541 3359 3300 591 4685 122 1860 5855 6962 6980 3330 3303 1973 3348 461 571 5899 3309 3336 2039 7061 8107 1658 3396 605 5895 4681 7029 3390 4673 5944 7081 3389 2078 642 644 4726 2085 4740 4708 2030 3414 4710 5928 3340 649 4694 3419 4693 2099 3442 3429 8149 1997 5954 4764 1598 2107 8039 2119 313 2120 2015 4686 674 2127 8156 694 3367 8164 2133 627 677 5996 7130 8168 2045 2137 2151 697 3477 4564 1918 595 3322 6878 707 1964 3292 3485 730 8170 4792 5989 6004 4799 2139 8042 7077 7162 6001 6927 7193 3511 6011 4862 4829 7181 7093 8116 8207 3569 2079 7222 2175 3282 735 3435 2096 3439 3448 565 3549 8236 2275 4780 8097 4781 8252 4727 2129 667 4775 827 8321 2337 3601 6090 7213 4992 3595 760 873 940 4956 5024 5900 5990 2328 3709 6240 8393 4794 3551 5819 7159 5967 6186 4629 992 3353 660 4594 3754 835 8439 7408 7402 3787 983 7407 2428 1916 5032 1074 5126 3818 2373 1079 8442 5083 2499 7449 2490 936 8451 2419 1048 3814 586 5926 5088 1087 5142 3736 8472 6328 6322 6310 7430 5144 6337 6334 987 8434 7455 7392 2526 6294 5150 1121 3857 6325 5961 1124 7435 8481 1019 2511 8242 6349 2538 1128 6345 5170 2544 3877 2032 5181 1014 5186 5180 7484 1160 3880 7480 7490 5184 2569 2563 3811 6362 1114 1119 1072 1177 8144 5169 3913 8436 5179 1145 7492 1162 7341 2488 1056 3855 1098 6162 2579 7499 2510 5211 7500 6386 1192 1191 8498 2403 6049 2518 5075 2588 3930 1187 1200 7504 7507 6399 5141 1194 8525 7525 3944 6422 1258 3966 2649 3893 3955 3975 8576 5255 1285 8580 2671 1218 6448 3836 876 7576 2504 1262 2688 7572 6474 5146 1310 898 7188 3548 2710 2709 7599 3997 4061 2712 1165 2724 6511 2520 1336 5315 2750 1344 5125 943 888 1361 4104 1086 4135 8223 7446 714 6206 197 2136 2035 5834 3686 6753 5166 2509 511 858 472 3524 2483 3055 2561 810 2573 7151 574 3314 6265 3064
2755 170 5634 6782 3053 4432 7870 6831 6793 1748 6884 6878 122 491 5545 7004 506 1610 3296 5867 3317 544 7985 8038 600 442 8002 7088 3356 4696 380 4652 8145 4761 4767 3479 2137 3549 8236 727 5934 6101 838 4948 931 3413 3595 7264 6166 8084 1064 8329 5901 2524 5145 1112 1113 7447 898 2505 3850 2510 5125 2471 5161 8335 7404 1086 3862 4677 717 2182 3373 8481 5205 7507 1201 6448 8543 6422 5255 3969 2606 3893 3992 1221 3944 5298 3962 4001 2709 5341 2754
2757 145 138 5572 134 4311 5570 1695 103 2949 4407 252 239 5634 6779 3053 5678 1748 5557 4430 7908 2976 7785 213 1738 3107 4309 6881 1594 132 6744 348 120 5734 7982 5759 148 7782 373 188 122 1646 402 4531 1840 1562 4528 4317 1850 417 7882 7991 5769 5799 8003 4439 7801 114 6790 1846 4537 425 6730 4534 421 3219 432 198 5821 5820 3232 3255 5834 8034 1836 4500 347 5755 6907 3198 4483 3071 4448 5772 2963 321 6703 7976 3138 312 1775 324 4575 6968 6961 351 4558 5837 4351 485 491 493 1916 3092 511 1878 168 3294 1943 4607 523 7014 1742 1947 5534 4536 4330 1971 5881 3317 7033 4661 5890 581 2006 480 453 529 1830 1910 1586 500 5519 8007 6736 5713 5795 1863 5790 489 5853 4546 256 520 1887 5830 5699 6976 5553 3190 7983 1906 7936 7023 5607 3313 4679 1980 1975 6884 5870 602 3359 3371 7013 8009 545 3300 4708 7058 4632 3328 3354 563 6819 2036 8107 5856 4694 5895 8016 585 5798 605 505 582 5839 3365 4699 5805 4717 4652 5901 3229 573 4726 629 3037 8110 635 4647 634 4343 2033 2072 2066 8136 4673 8129 8135 4719 613 8084 1882 5951 2018 2077 4743 5927 3405 7097 3404 657 8145 2017 4741 5970 7081 4735 7059 4677 5923 1988 1893 3429 7029 3373 4682 3442 5956 3440 4545 3388 3425 8149 4732 7101 522 3261 1771 662 5943 4758 666 3430 7109 4763 7086 672 1812 694 8163 2133 8155 2136 8017 7051 5825 4469 7084 5986 3432 2131 5991 4622 6001 5936 2086 680 8101 4792 8184 3468 2178 5988 7183 3511 2074 4829 3348 8207 7162 5900 8005 7153 7181 7140 3587 7230 8221 673 6113 3448 4811 4948 486 5935 8174 661 4845 3597 6082 931 3626 7188 3487 3631 6235 3709 6006 3684 829 7356 7404 616 6166 5106 2489 6992 3570 1107 4865 1105 3837 1072 2029 1092 3378 4704 7149 3295 2414 987 607 571 8481 6066 770 8335 5161 5124 3353 5178 3879 8458 5155 5169 3729 2562 8501 1181 3827 6000 3915 7490 2581 3901 1146 2584 7507 3933 5205 2580 1218 6402 1169 2624 4001 7572 1300 8645 2754 4912 8466 3529 2035 5896 7094 455
2758 145 170 1646 6730 5613 7850 5626 5649 252 6813 1689 6790 3098 6782 7926 324 3071 6831 5759 4484 1594 4534 1702 421 8016 8003 3206 5831 6967 1586 3254 1911 3255 111 555 5879 4399 453 5869 5521 1887 8084 1916 506 8002 511 585 5881 5870 6962 548 3030 6976 8107 619 3392 4535 632 635 7986 6943 3426 454 4483 5848 7097 1984 8136 5960 8111 5804 3440 6995 6957 3348 673 8163 5989 666 122 2033 8144 4799 7153 2151 4792 4653 4768 8200 6066 2202 3549 565 770 7205 2168 5964 6101 3595 760 7242 3630 2281 4948 6180 8204 5900 6117 888 931 6166 4865 8393 908 8217 746 2373 3246 2344 3570 987 3684 6964 974 3211 4806 8275 3787 7404 829 2364 3811 4775 6312 4945 2154 4943 5901 2414 5103 6315 5088 1086 5982 5961 3487 1113 3827 3839 3862 5125 5161 4704 5170 1135 6359 1146 8335 5190 2562 3915 2580 8466 2573 3933 7507 1213 6422 8576 8590 2712 2750 4104 8645 132 491 6703 7801 4291 2957
2759 1583 7877 4286 7839 7801 3034 137 2969 252 6813 5649 5626 6782 6824 145 7912 3138 279 211 7837 6790 7955 6826 1796 5526 1724 6718 4469 6736 4398 5713 7936 3023 280 6893 3050 4483 5772 1843 3205 7934 417 5792 5795 6932 3213 351 8009 6831 1850 6934 7990 2949 7999 4463 1869 453 4552 3234 6945 1863 122 5634 2947 6703 1562 6943 1911 4563 5809 484 4607 4399 1916 520 1957 5869 7812 515 3276 1886 3313 4633 2943 4634 1920 3299 512 531 100 3169 1980 444 7796 3310 3317 556 572 3176 571 1748 3340 4661 5835 1931 602 8107 3373 2036 8111 4708 3417 619 1979 138 4738 4740 8145 2089 8149 3405 5894 5834 239 4771 6010 8136 4767 7074 5942 3470 7101 4696 6004 2109 631 7009 5766 3416 7081 3423 2072 297 4686 3427 2152 5570 1860 7850 3241 3410 6942 5956 1974 7908 8106 3257 1894 4715 4736 8074 2055 604 585 4724 5923 610 616 2137 8179 4542 8101 4755 4763 634 8177 1945 3440 4575 2104 5975 672 4545 6779 2113 5704 8165 707 1905 3519 5843 4703 3322 5883 3517 5892 2166 792 3431 6055 8017 3569 4829 4904 2275 2236 2015 2271 756 7181 8221 6039 733 7127 1919 650 3321 3435 4622 841 7164 7996 5985 7259 660 6090 2155 2056 7863 3338 3229 5995 3413 868 3609 7242 2168 3388 3597 4845 8216 4712 2252 3378 700 848 7059 6171 3529 7174 3709 913 7374 5063 8393 1064 2175 1048 8245 2414 2362 987 7392 2443 2381 7094 6206 4867 6035 6315 3827 2373 6323 1105 5125 3836 1092 4945 6305 5153 6294 8473 5961 8110 4752 3840 2031 3593 2488 5159 3862 1129 3589 770 3843 1126 7471 2511 2544 6353 5169 785 5117 3871 5148 3833 7478 2545 960 6344 5126 3845 5082 2499 8295 7479 5179 6349 3425 3684 8335 3487 5174 3446 8139 1149 8472 5190 1153 6367 5183 3888 8478 8500 1135 3891 3873 8502 8503 1171 1106 8469 2487 1169 2489 5204 3911 2572 1157 8152 2208 2127 2563 7480 1182 2576 5199 2581 2403 6235 1056 7507 3524 8314 7093 1165 6387 5205 8520 6396 6399 3896 1187 1168 3944 3933 6311 7491 7497 5232 2626 7552 2504 6441 6389 8590 6511 8238 4061 5315 5144 3777 3703 2754 6515 5341 4095 7543 2768 2722 5356 5110 5759 7016 3035 2215 6990 7995 4537 4678 3379 8093 7941 7903 635 8207 5087 456 7116
2760 170 5570 3033 5654 2976 1738 4274 4442 1719 3112 103 1646 1677 3123 6843 311 6793 7863 3053 6782 1742 4483 1784 7934 122 1822 1748 1778 4534 7936 5804 7991 5678 4484 5795 3256 483 5851 7983 447 8049 5798 506 4327 491 1923 509 4399 503 6954 5526 1957 534 1902 543 7017 5853 3320 8084 1984 601 3392 3404 3317 4563 4643 5921 4738 2077 8136 6720 8144 5989 7127 2133 6004 2137 3443 572 746 1846 7183 756 8220 7217 7212 3430 827 3513 8245 3495 3524 2182 2275 829 3593 3597 714 3214 867 8227 661 3599 3530 487 3432 7091 3631 863 2262 3529 6157 4865 3591 4825 8342 8252 6206 2364 2373 4785 958 981 2392 908 6235 3686 5038 2175 3198 6316 6325 1083 1086 6323 6341 1085 1115 2547 5178 1132 1146 1162 5189 3899 8500 8499 3888 8502 1155 1170 5130 3886 3897 2572 3901 7490 3859 3911 5179 1141 5192 1124 3887 3808 5206 5210 3861 1184 2591 7507 951 8457 5185 3944 2611 1204 1192 5117 2510 5232 3893 2626 6441 1270 2561 8467 6390 2669 8506 1218 7572 2558 7491 1336 3871 1262 3962 4071 1378 4135 7444 1171 2535 5966 2959 1206 3913 3865 2562
2761 6789 4483 6909 122 1840 4529 4568 506 6964 489 252 1786 3317 1882 4292 6693 3295 1966 4439 4724 2045 7081 2133 4743 6010 2178 8145 491 3511 8076 7205 4862 2033 613 7181 3392 3435 2373 943 6255 2361 8452 5038 505 4995 6130 7449 2418 6334 8159 3276 3529 7460 5989 1113 5155 3823 8475 8335 4945 5138 6332 8458 5197 2572 2492 6235 7507 2593 8645 2768 4565 677 5810
2763 134 120 3053 252 6813 1742 4274 2949 3138 4448 6831 1812 4483 1843 7981 5769 4534 5721 4537 5521 5795 4551 5804 3261 3254 3232 5607 1562 5557 6782 122 1916 6711 5634 7908 6962 491 506 1947 7016 7014 3317 4666 581 8084 607 4743 2077 4708 3365 7101 4677 2029 2035 4725 3348 5900 6001 2133 7108 2137 3524 6101 3595 4948 4865 3487 5966 5989 8345 2135 3626 6294 5125 1086 1107 7094 3837 3839 5204 1184 7507 1213 2649 2754 1378
2765 5557 225 6831 1742 6782 8002 4534 4483 6962 122 252 491 3317 631 3392 666 3379 661 4712 8107 8165 2018 5990 8221 4945 4708 3595 6185 6067 7298 7188 4851 2137 6210 3609 564 595 7356 7392 1105 2373 3839 6082 1086 3862 5895 5161 5173 1146 5181 3524 3888 2553 2443 1133 8500 8475 3897 2487 7489 5189 987 8501 7483 3885 2572 3911 5125 7507 1213 2649 7572 2754 2562 8136
2766 4399 6831 4483 4534 8002 122 5557 491 1742 3392 6235 2373 5125 7507
2769 2949 6813 1748 122 5537 5626 417 6962 1923 4534 506 4483 5809 4373 6782 4537 1916 7000 491 4615 197 572 4605 3392 3317 8107 635 8084 5848 3387 3683 2373 2391 5125 1146 3862 8335 2562 6235 7572 4135 431 3483 5022 4590 545 5138 3169 2416 3356 7795 1016
2770 170 1646 6782 5634 3053 211 3062 252 239 6784 198 6831 1748 210 3050 3071 3138 5636 269 6909 7976 4500 380 5759 7982 5649 1843 2959 2947 2957 7812 1836 1594 1850 3198 1742 3213 7991 5769 7999 4483 4534 5519 432 5805 1846 8002 120 7983 7785 8034 425 6962 5831 3261 4549 6964 453 3255 6968 3069 8009 484 502 4563 3286 5848 506 1916 4607 4399 1947 1943 1959 132 3295 1933 3317 8084 572 5721 197 4643 138 3349 586 3340 122 511 607 8110 5868 265 2035 3392 2029 631 3365 8111 3348 605 8106 3373 5966 8136 5901 4767 2133 8163 6010 7153 4792 4811 3448 756 2139 746 7181 1988 2168 3524 6072 827 3595 8245 760 6166 4948 4845 680 6180 7279 7188 7328 2364 7283 6210 717 1003 4484 5007 4829 3684 4542 2136 7404 1072 3811 6117 8474 5125 3862 5161 6347 7092 5178 785 7094 8458 2135 2553 2562 5170 829 2572 3916 3915 2238 6387 7507 5221 5220 1213 1160 8501 6367 1169 8500 8580 2712
2773 6782 6831 5557 341 1742 4483 4484 122 6962 3169 506 491 4610 3317 4630 585 8107 2077 7153 7092 2168 4845 4945 848 6235 2364 4943 2107 3811 1086 5125 8048 7447 7140 4806 5161 8335 5170 5966 2572 1105 2580 3820 1165 1213 2712 2754 8590 5769
2785 1562 122 5557 1576 6711 4311 6744 134 6782 3053 1658 7871 5636 1702 229 259 5526 100 1748 3044 4465 210 4483 341 346 252 6831 6755 5742 5659 4480 3169 280 5759 1670 3073 3071 7982 1843 3190 3102 1850 1830 4523 7912 5790 5707 4534 2947 1541 1744 256 106 372 417 6860 7981 1594 6873 1778 1771 5769 6819 7850 3208 1869 5804 236 7882 442 3069 6870 4537 1775 8016 425 7976 4484 303 4529 3238 1669 6963 1887 1863 333 3225 461 3234 6967 3252 1889 466 5795 5798 8008 4571 1878 414 3261 6974 1911 480 4545 3267 1914 1907 6968 7953 4547 1784 1916 506 479 3205 504 453 491 6962 3202 4399 1959 4607 3257 430 3292 4596 1943 520 3264 4568 478 6981 4581 4536 476 7017 531 6995 528 4560 3300 5830 4283 2959 2977 1910 4629 6878 4330 5536 5883 5521 8009 575 3295 3317 4688 7048 3305 2018 7054 7061 2036 3392 4708 3404 634 650 576 3416 4735 5969 2017 8145 2083 6964 4699 547 5929 4740 4624 3353 4761 2118 2077 8130 4741 7108 5870 613 7074 6001 3432 3450 8002 4799 730 4763 7164 6013 8147 2164 4724 8129 3446 687 610 2068 8155 6048 666 670 3482 3347 2086 3375 3425 8149 7183 7084 4626 2137 4736 4755 2205 4682 4656 2033 3468 4768 8184 5973 8084 2061 7184 4792 3517 6072 7193 8153 7082 708 5885 6030 3485 5902 4727 4845 5986 3529 8050 7093 798 7205 6055 2038 4866 4797 769 3593 2182 7086 8245 3455 3543 6035 3430 7176 727 3587 4749 3570 3514 8150 2192 6113 6959 4730 1997 3357 746 3451 5988 3390 3387 777 2120 8217 4948 8211 594 4865 8321 8216 931 760 718 5943 8221 6180 4910 717 848 667 3435 5985 2152 3631 3665 4754 8226 2252 8005 5964 2116 939 3609 3686 5007 7313 5024 4951 3224 3553 516 2056 968 5834 7279 2364 2408 3748 3709 818 2319 6249 6210 7345 3750 960 4829 7038 4583 987 5114 8368 1086 4992 1083 4878 1105 8116 2157 3836 6265 6010 2317 876 2129 858 3572 976 5961 850 3837 3491 1145 8457 8335 5970 6363 700 1135 7460 6359 1169 7490 2572 7507 2710 2750
2789 6782 122 292 7782 4528 4534 6962 1916 4568 491 252 3317 8110 3392 5914 7127 5770 770 3379 1086 5125 5170 7507 4104 6682
2790 5572 138 4328 6730 6771 5632 120 211 6718 6813 3062 252 7882 3098 7823 198 4447 6831 5659 3053 4448 5706 7908 1744 5570 4343 1784 7955 1796 6884 6856 3176 1594 324 6682 1812 7976 1837 1843 2963 6779 3205 4500 4322 4484 1840 4520 5527 3202 5719 4535 1647 421 1830 425 4351 7991 1778 6943 417 1863 5798 1887 6967 5831 5819 1878 213 6964 5809 6968 480 5835 3261 483 1923 5626 502 432 489 3050 511 5848 3255 1910 4311 1959 7812 122 5525 103 522 4558 444 4637 7014 506 520 523 3290 7016 6981 168 7801 5520 5890 3269 1933 4651 4330 5805 7036 8089 4661 601 3228 1971 8090 4531 3300 505 5820 8107 493 5896 1947 8110 1866 7033 614 8008 4659 3294 1943 5770 5881 4694 3328 2052 2077 3373 649 4559 2047 4708 4725 8145 2070 5966 7101 1771 7074 618 609 1972 2104 5607 3440 7127 8101 632 6001 7058 8005 6006 4534 4622 687 4792 4763 7108 5914 6953 503 8163 7183 3419 2152 4597 8179 4768 7159 585 8200 3321 8226 4743 4829 770 2168 2029 1953 558 801 8238 4806 3340 7230 453 3595 454 3448 8221 5970 3259 3530 756 3587 6782 7176 2139 616 7203 3353 2281 3570 700 4948 727 3626 7264 7084 718 746 4775 7242 8275 2108 2265 8245 8345 7212 8295 6171 5020 6210 8039 2373 2414 1003 8009 2381 2364 7151 8048 1045 3305 5935 5087 5083 4546 3276 7356 3257 3811 2175 7094 7279 1105 5103 3834 2036 4865 6311 2416 5901 8474 4761 1092 4870 2408 4624 6000 3837 4704 3295 5106 8466 1113 3862 850 3529 3833 2534 6347 5161 8481 7092 8335 5170 3313 5173 5172 5178 8458 3839 2549 696 2548 1135 6359 2538 3858 5181 5990 2035 5007 3379 3890 2558 1157 3897 7490 1086 2562 8501 7055 8469 3901 3911 5199 3487 7188 7489 2576 1184 3916 2573 1196 6390 1218 3966 7552 8576 3893 1213 4001 8590 1300 2687 2708 2750 8645 1689 2341 7870 455 829 604 269
2791 7882 122 6730 5799 8002 8003 4535 6962 252 211 1742 1916 1930 4534 7014 3381 2005 4716 3317 505 7074 8159 7203 7217 7264 717 8355 634 6037 1045 2489 4639 7082 509 3387 4963 6235 2583 7507 1086 7590 4992
2792 5557 170 122 5634 3053 6782 3030 252 5626 3154 6893 7980 7982 6925 368 6703 5791 437 6831 8002 5772 4534 6752 1541 6962 5790 2967 3258 1911 4563 506 453 3069 1904 5848 3221 4399 4483 7896 1932 1958 1742 1916 491 8078 1966 5721 328 411 3317 3320 8084 530 1938 3229 614 4484 1996 1943 2056 5914 7801 265 2133 4792 4343 2111 5936 7203 8221 1983 2275 3543 8170 5999 8305 5804 3631 3666 7328 7188 3709 6206 3777 6183 5125 3811 7092 3839 1086 5164 8335 1146 3487 3880 4945 7507 1213 2649 1258 4001 3997 7572 1300 6957 3859
2796 6782 252 4534 1827 5557 122 6962 1742 7812 506 499 4483 4399 8002 5572 1916 3317 8084 1966 3392 4330 3373 7953 663 2137 2238 4556 3594 2292 4992 968 2373 2395 7162 8252 5125 1086 3858 1126 8335 2572 951 6235 5211 1184 3916 7507 3893 8207 1904
2797 6782 252 6831 4483 122 6962 506 1916 3317 6235 2373 1086 2572 8511 7507 1742
2798 138 5580 5557 6782 252 197 6831 7976 4534 5795 8002 7785 6962 5804 506 1916 4399 122 5881 3317 491 3392 2137 7193 7188 4945 2373 5125 1086 1105 3839 8335 6235 7507
2800 1646 6782 6831 1784 5557 252 4534 348 6703 421 5799 454 6962 265 1916 4483 4399 5636 5762 3317 7033 4661 3321 6990 8107 3404 6790 635 563 7063 613 4708 6943 7097 7084 4743 6909 7140 4792 717 4811 3487 3524 4829 6001 604 6055 3597 4542 7205 7217 827 4945 7320 7328 3646 5989 3392 3811 4725 2521 1086 6347 3859 6359 7479 8335 8500 3895 8458 6367 2562 2572 5204 951 1186 6235 1184 7507 1301 8590 4061 8640 2754 2750 5364 8491 770
2802 4340 5557 6824 197 4407 6782 1761 252 3154 168 1822 1767 6925 4469 8002 3069 1911 1920 4592 506 6962 518 7801 1916 7016 417 491 1571 122 3317 4687 1562 3392 5804 6730 7074 7109 5995 646 592 7178 8179 3524 7117 760 7094 2029 6878 8157 7345 5125 3839 1086 6337 3295 1074 2532 1098 3862 5172 8335 2562 2511 2572 2553 6235 5211 3861 7507 5221 1218 2606 2626 3975 3893 2670 6511 2750 4104 2560
2807 252 7908 6831 4483 5769 1827 6703 122 5819 4537 6962 5804 3317 8002 1784 1916 1742 1959 618 2066 677 7165 3519 2138 491 2215 3543 2192 3601 4969 6235 6219 8299 983 3777 3787 1067 6271 6281 5088 8468 7091 6171 3811 3837 1107 2424 6315 3813 3788 5145 3819 2534 3589 1087 7480 6185 3879 5117 1169 3858 3887 5951 2572 695 951 1181 6382 5204 5166 1182 7499 3915 5193 956 3916 2581 2585 1196 2563 2580 2403 2583 5199 5211 7497 5213 1201 2573 3933 6350 6390 2593 2561 7460 5232 7552 7491 2649 8478 3928 7572 3955 8543 7594 7599 6511 2710 2606 7478 5205 2754 4095 4104 8645 2768 2708 2709 5007 8481 4135 5356 8227 3238 1184 8130 8088 1194 7188 6344 4327 5125 5874 3911 3348 1846 1191 4308 1258 1050 2586 1300 1567 5770 2671 6993 7494 6387 3913 4430 4699 3909 1213 8043 431 5825 2331 4013 5870 8305 3239 6990 635 1647 1086 6856 394 256 2624 4586 8457
2808 122 6730 5557 215 7782 252 3150 4483 1742 6831 386 8002 4534 455 6782 5834 491 8084 602 2047 6962 3317 3305 673 3224 2139 3392 8005 2215 1101 5125 3813 1107 2403 7507 1169 6422 1184 1086
2809 4372 239 6790 197 6831 122 4448 2959 7839 1744 1742 3182 5549 5737 3236 1911 490 529 6856 3212 3208 1897 420 2949 482 3318 7025 3308 4672 1990 4708 3404 5861 3392 7109 7020 4639 7162 577 770 5966 8092 3548 3513 6066 688 8252 2214 661 6082 8322 5895 4943 3595 6235 2373 956 582 2328 4867 983 2489 5125 1105 1086 3839 1072 2487 2521 6332 8469 3862 3811 1111 3845 5178 1157 5185 3888 3636 2562 7480 5199 3916 7507 1207 2588 8520 6389 8525 1213 6402 2649 3909 5315 4061
2810 7837 2979 138 5632 5634 211 6771 5557 3052 6813 252 1710 5636 6744 1558 3065 197 6682 7926 303 1748 210 1745 168 4442 3071 4469 7936 269 7955 6819 6793 7782 7908 7838 351 3176 3168 1768 380 6907 3150 5521 3204 297 4528 1544 6755 4351 8007 5799 5795 5797 3069 1867 8003 5790 8025 7821 8027 1863 1887 1578 447 5570 6784 5541 2949 1562 1911 113 7801 170 134 5837 7803 5830 5607 4311 3206 4584 5798 5519 343 6995 3269 453 4534 6782 506 5848 3276 4592 5869 1948 489 4535 8048 1916 503 3317 4615 3313 4641 1992 4633 3232 458 1893 440 4652 7033 1803 1966 3229 480 475 1941 515 3331 2005 505 522 1959 6961 5901 5890 2045 5914 8084 5870 3328 7059 2052 3383 518 4677 605 2035 613 2066 635 4741 5969 2029 7097 7074 694 2133 7127 2020 3393 3450 2109 666 8145 707 4546 7101 6006 7108 7183 3440 6945 616 746 8226 602 545 4653 4768 769 4845 770 7203 3514 1938 432 717 3524 6067 2170 8159 5981 3549 6055 2139 8039 8130 3357 7140 3435 8199 5994 8245 4811 2158 2281 7037 3595 8221 4878 827 8236 2033 4895 6166 873 2138 4806 931 7328 2364 4865 4943 4910 6117 3425 6113 8275 4622 1947 6206 5024 4870 8105 3683 3709 2125 8393 981 511 582 7063 5087 2028 2192 5063 5007 5083 2443 8436 573 485 2489 2135 3319 4704 1072 6976 7449 2215 4945 2496 454 7279 6209 6315 6311 8466 3392 2486 6281 1086 4794 5125 3820 4757 2131 5124 1092 1105 2521 3529 3487 665 3401 8162 8397 8127 3765 7016 1096 3862 8481 3833 5961 6332 3843 1111 3589 7092 6347 3852 5170 1119 3853 7188 5178 2548 5173 8335 6049 1146 3880 4725 987 1129 6367 3859 8484 4785 8502 2416 5197 8110 2572 3901 2569 3911 3910 3915 8503 1184 1201 5001 6390 7507 7489 6399 5221 6387 5220 3966 7552 785 8576 7572 8590 2709 4061 2768 2341 6943 2957 956 2089 4637 7107 2712 8171 132 8136 3359
2813 236 3098 6730 252 2957 380 6831 4362 1830 3198 5626 3053 4534 303 6782 1742 8026 269 8002 4483 6878 6977 491 4563 6964 3297 4610 1923 1784 1946 7017 1916 3317 4691 3359 3353 5520 594 605 7063 635 3229 662 2091 1733 7114 8156 8084 4829 4870 8200 820 8245 3593 5772 2298 6101 665 7328 5024 7449 5125 5154 1124 5155 3862 6353 5178 2483 2562 3886 1086 2572 1181 1184 2576 7500 7499 2580 5213 3944 4001 2710 1344 2754 1378
2815 1610 7823 1629 4328 1637 5580 4309 6748 7822 1669 5626 5572 4343 1784 6796 5634 5762 417 1851 1867 3241 3050 5834 3052 5613 4448 8057 116 1748 1562 7801 4613 518 3307 3310 8017 8074 430 4330 2003 8136 575 7908 8107 615 5991 4663 6066 3495 5973 4837 6048 6011 7222 797 818 3570 933 6189 3787 1057 6325 3387 5170 1146 3862 8335 7507 2572 1336 1086 2624 1916 2139 8084 491 4483 4534 3295 252 3317 8002 5125
2817 6711 1629 7871 202 6776 5551 252 239 6741 4381 3011 1670 4465 323 347 312 341 1795 4484 1771 5759 368 6884 7982 1840 376 1843 3173 1775 421 2993 5772 1770 4542 447 1867 1879 122 7818 5678 6818 3050 8031 3250 6953 444 479 6782 3255 8034 1748 5803 3190 1900 6961 461 1646 4537 8020 4543 469 3281 3240 1917 5867 528 1886 4564 1957 5721 3317 8076 6980 3322 1938 1974 1980 7980 522 7001 7908 5770 3299 4649 4665 8088 3340 7024 600 4683 8089 3359 7000 565 596 5825 8097 5806 6968 7058 3371 7011 2020 8101 7057 3290 592 3381 7034 2076 635 5942 4715 3426 5975 6988 6010 7122 2077 2131 2086 2112 3485 3405 548 715 3335 2151 2126 4785 5885 509 2116 3482 3367 665 4767 572 5856 8129 6976 8177 615 7013 7108 8083 8200 5954 6054 4678 746 8106 589 7178 5870 7181 759 770 2036 3432 4544 616 5911 605 8221 5943 6956 2234 7217 2111 798 6058 2223 6113 3448 6004 313 3517 2256 3593 4865 8238 835 2281 2298 4939 683 5994 7172 6007 4933 8174 6166 3637 4948 8165 7029 8211 2150 718 594 8321 8335 7165 4959 2331 3646 2252 939 7328 3665 7309 6206 876 4970 6162 4806 3686 8017 974 7259 2392 8329 5892 6158 7039 8266 8160 4629 985 2341 2105 4910 4995 3419 4653 1003 3752 7374 7213 2018 6189 546 983 3684 936 582 2117 7408 3594 8439 6262 7398 4749 992 5881 8015 5083 1031 534 7023 5032 5026 4710 2364 3729 2171 2489 3818 5900 5126 3435 5936 3446 5964 3811 841 2445 760 8130 7014 7454 8461 3413 5103 2496 7094 8436 3837 6323 6265 8233 814 7036 5150 5841 3813 3845 3857 5151 5130 7470 1081 5961 6338 5161 8197 1111 5178 6353 2544 7471 2520 3871 1135 650 7188 1144 1151 3879 1146 1132 5173 5159 3899 2534 1172 1168 3902 2562 829 8502 3851 1147 3888 5970 5199 7500 6386 1192 1191 5210 2583 1184 2549 888 3930 7504 7497 1200 7489 3933 3944 1207 1221 8525 5221 1212 7525 2606 1094 1213 1201 688 5232 2632 2649 8469 8580 6441 8576 1273 1187 1193 6387 3997 3513 7552 4001 4013 2688 2680 2624 7572 1300 3373 7599 2708 2722 2750 4061 1218 8640 2687 5341 6539 2782 8342 5356 1310
2820 7870 3090 1742 3228 3315 8084 3400 2275 3664 3859 8499 8580 769 1086 6962 122 3317 5557 1916
2822 1846 4549 1943 3317 3392 2066 5989 3524 7188 717 5024 2373 8242 2489 5125 1072 3684 1086 3839 5170 4945 8335 2562 2572 1184 7507 6422 2649
2823 5626 5634 6782 252 5557 6831 8002 1742 5795 6962 472 491 1916 506 3317 4484 5772 8084 4483 3392 5804 2068 2133 2137 6206 7328 7188 2373 3811 5125 3862 5178 3871 5161 5060 3507 7478 3845 2549 2111 8335 7149 1086 6382 2572 6235 7507 2649 7572
2825 6782 252 6831 5557 1742 4476 5521 1771 4483 324 7801 122 4534 442 441 1869 3206 3254 6962 4560 4575 4591 491 506 4589 5841 4587 1916 502 1944 515 5859 5848 8002 1905 5806 3317 1843 8084 1890 1571 4666 6943 3392 611 546 649 3439 7094 4740 3393 8155 4792 717 6055 798 3241 3264 3603 4895 7222 6026 5861 4904 3569 7176 7071 3587 2175 708 2105 8179 3570 7230 6058 8264 3594 8217 4948 6007 680 2215 3664 8223 3588 2162 6206 2364 787 965 2373 3379 908 3787 1053 1084 5125 2488 4601 2518 8474 6265 537 6323 3833 987 3819 3854 6339 8466 1129 8481 1119 3820 5166 1146 6353 8335 7484 6367 3900 8500 7487 8502 8501 3911 2572 1144 1218 1213 2606 3909 4001 6448 7478 5049 8498 2724 4135 4535 3238 7782 6990 2069 4623 7174 7151 8448 5966 4610 2238 2443 4605 431 7001 2089 6940 7985 4785 7803
2832 122 3036 7785 1689 6682 6796 239 1748 7801 2959 7908 4476 5607 7882 7982 4526 3098 197 8002 432 1830 8017 2995 3246 6962 1901 6968 1586 8034 506 4534 8007 3295 4546 134 5626 3261 421 523 475 1803 5831 3365 5896 7983 8101 4447 607 4563 4652 2052 4673 5942 511 4708 145 8003 5848 4743 1916 7093 4666 3401 8145 7991 7091 4484 3440 6001 6006 430 4792 2066 5989 7059 2139 8199 3529 2976 7108 2202 4829 650 7205 6101 7127 6907 718 2002 8216 8245 7159 2281 4912 3530 3373 4948 454 3305 888 6171 6206 8005 4806 2364 5007 2373 6210 5024 956 558 780 7356 6166 3594 7014 3548 7420 5125 6082 1105 3837 3819 3845 2521 3853 8466 1086 8335 4704 7063 5173 1146 6367 2068 1169 1157 5204 5199 5205 1184 2584 3933 1213 6422 8501 7572 1300 2754 5087 7782 8136 8207
2834 2949 6782 6813 5557 7976 4534 243 414 8002 6836 3190 213 7882 5521 5790 430 265 3069 491 6962 6718 4309 138 5713 7908 6964 4483 5678 252 6989 541 7016 5879 3317 8112 3392 8313 2141 4610 5170 3858 5169 2572 3911 7507 2492
2835 6730 5557 170 1558 120 4413 252 3053 1541 6831 3071 213 4476 4483 211 1742 1784 4448 1843 4484 1771 417 5769 4534 5772 1850 8002 421 3211 5649 7850 425 4549 1887 8034 6962 458 5803 1863 5834 6975 4351 1923 506 491 122 5848 4610 8017 1916 1943 1959 5870 3317 3305 1971 8084 4661 4652 4666 486 4708 4712 8110 3392 7153 635 2029 4537 522 2137 3524 4673 8101 6072 485 7222 4677 7155 7162 7034 3349 8221 7203 746 4878 3595 760 6113 4873 4910 3413 2199 4775 8295 2364 5007 5024 3665 2373 7356 3729 4734 607 6209 4961 1045 5083 2414 7420 4933 2488 6294 3837 1072 1105 8163 8473 4675 3862 5155 5178 6206 3811 1146 3888 8335 4945 2555 8484 3897 1079 1168 5166 8478 2572 7507 1213 2649 4001 1300 7572 2672 8590 1301 2750 4061 2754 1086 6235
2839 2949 1671 236 7945 4275 1610 7917 295 182 6881 6813 1578 3065 7936 3112 6790 6861 7908 6682 116 4430 1768 5741 1748 6907 7818 122 297 3098 351 215 7981 5553 5636 1562 6921 7896 1576 335 6942 3226 4526 3234 1867 5818 6711 8029 4330 5557 1836 5772 4549 7822 3222 6693 6962 1679 1905 4556 1908 1889 5848 5835 5790 5853 3053 1666 6986 3187 6782 5824 6946 4630 4483 6995 476 4597 3308 1830 503 5879 441 197 2005 572 5865 465 522 3317 1669 4683 8090 3369 1851 3389 1881 1920 1796 3371 530 418 376 6956 7058 581 4743 8050 7016 6979 7015 5974 6730 7093 3359 5719 1594 8136 4399 5995 613 4708 373 694 2133 7036 3365 8086 7073 6779 4661 3305 8205 4809 6013 3062 4829 6048 4596 5956 718 8207 3587 7230 4849 829 8245 3392 2192 4948 2281 265 6101 3683 3664 931 6831 873 2293 4959 5976 3618 4992 7342 965 6235 5994 974 3388 582 2215 2381 576 7159 6000 8111 3684 2414 3373 8242 5083 8335 4845 7407 5087 6294 5989 3626 7094 5125 760 6305 1113 2486 5986 3839 3862 1086 5170 5161 3852 5851 1146 8484 7489 1170 1144 1169 3911 5199 2572 7500 2584 7507 2624 2649 4001 7572 1301 4061 3992 2750 2754 8640 2504 1262 1378 4351 1710 5699 4500 5526 303 2979 2976 1141 2002 85 7782 2957 4317 956 3168 2712 425 7490 145 5966 635
2841 170 2963 7812 7785 4328 6730 1618 6790 122 145 6793 5634 3098 4309 6782 4463 303 106 3138 5570 134 4322 252 5557 4351 3168 3187 7893 280 6920 6724 7804 288 1843 5741 4500 348 1771 4534 3071 4439 3213 1778 1846 8003 3069 1812 269 373 1830 5790 4528 3176 8023 1840 132 3220 5795 168 8034 4559 6968 480 5834 3255 8031 483 6962 475 3232 3198 1923 5848 8007 476 6953 7983 7782 4274 511 1943 520 8005 1742 5804 4610 5721 1784 5870 5847 4641 3245 4609 3073 1971 7023 4661 7036 8061 521 586 8089 3353 582 455 522 5895 5881 8107 3313 602 632 6909 5923 7097 3426 8145 7033 7051 8016 4741 4736 7059 609 3404 7998 5995 5970 4725 8155 2066 2104 2133 5989 5943 8163 2126 7056 7108 6013 4763 756 6066 3524 2015 6072 7153 3549 2139 3448 2207 3435 3513 2135 7205 3392 6000 8238 2136 4806 3570 8216 3305 631 3595 717 2243 5966 867 2238 8314 3487 4943 5935 8275 4775 3709 4697 4865 5769 3317 1003 7212 491 3684 4704 8412 2381 5083 3321 2495 7449 6325 3827 5125 1101 2416 8474 3839 3862 8466 8335 1128 1172 2572 3888 1157 2539 3877 5170 5189 2534 1130 8500 5172 1123 6344 5169 1170 1160 7490 3477 3898 5204 5181 3895 5190 2568 7496 1181 3887 2576 2538 6367 1184 1144 2553 5183 1135 6235 2581 1129 3915 5178 3901 3911 2483 2584 2562 1169 1187 7507 3852 7140 3928 1213 2606 5220 6402 1258 6441 8576 2624 1300 1301 2649 7572 2708 6474 2750 2373 4637 3401 5174 7016 4399
2843 122 252 6782 4559 3392 2006 2108 7212 2408 1086 7507
2844 1586 122 6831 4483 351 3069 1742 1608 5557 252 3053 138 3256 6782 479 491 1917 5809 8017 506 6962 1916 1914 8084 3357 1986 602 3303 3392 3404 2066 613 8145 7153 759 4752 2215 7188 3811 2427 3820 6294 1105 8474 5125 1086 3839 8335 5027 6359 2572 5199 1014 6235 7507 3962 7543 1206 2670 7572 1300 7590 2754
2845 5580 6782 5626 252 6831 1830 4534 100 122 4296 114 442 3225 1907 6962 8002 1901 520 4609 3317 425 491 4483 3392 6878 5613 7048 7109 2030 2072 4726 3361 7162 6013 7153 6006 3549 3487 3277 6981 4612 7207 3589 5125 4945 3560 7094 7507 6422 8576 8590 6345
2854 4319 7801 1629 5596 1646 347 360 122 5572 4483 1812 4486 312 4279 5772 6925 4500 145 4274 6884 3004 1742 316 6934 8003 236 8002 409 3030 7927 1618 7804 1863 8026 5831 474 1897 4314 4534 6910 1873 323 520 4597 1916 5859 3292 5878 3317 1923 3274 524 3342 568 561 3294 4641 6981 595 8093 4697 5911 2001 3309 4712 3383 2045 4688 1594 5939 4726 4710 7064 8084 4666 660 4716 1900 5950 7114 2120 4622 2124 478 3449 4651 8171 1781 4594 2104 5991 2129 5901 546 5999 3470 4544 8086 2151 7117 4742 662 6072 6054 770 740 5820 2260 3259 6110 2168 5020 3717 7178 2293 6219 7029 5937 4956 8396 649 3709 8174 730 4762 3526 4833 981 530 958 7164 6130 6011 2414 5996 1886 1988 5032 5892 2373 2015 5082 2513 8507 5189 7484 2576 6386 8499 3902 3886 3888 1186 7572 2573 2750 1300 1196 2364 4725 4430 7490 7149 756 2562 3202 581 1135 956 511 303 3890
2856 5557 122 252 6831 5772 3053 170 6703 6782 5634 4534 8003 5626 5795 8002 4484 5804 1911 4483 491 506 1916 1914 5848 4399 1742 3317 4633 1942 3295 6962 4679 3392 8084 2133 7328 6206 900 3588 5125 3862 8335 7188 3839 2137 3811 2208 2373 2562 6235 2649 7572 1086 2754 4945
2864 5727 3190 3219 333 1911 6968 491 1959 5867 8078 1971 581 3359 2035 3392 7088 649 5964 4673 5989 4785 7127 3448 2015 3350 8101 8129 5986 4910 3729 4778 7345 5007 7212 5083 4865 2414 3425 4845 3529 3783 6240 7220 4725 3511 6294 987 6166 7264 5106 3379 717 3811 1072 8458 7091 2364 680 4948 1105 3837 6305 1092 5125 8345 2373 1113 3443 3853 4829 6206 5155 7404 2095 8221 3684 2202 3862 5161 1129 6347 8481 8335 4945 8174 6000 3879 2489 5170 1160 8500 1169 8144 4870 2562 5169 8484 7188 7490 3901 6359 2568 1086 3911 8501 1157 2572 5204 3859 1181 1186 5199 5205 3915 5001 6012 3916 8503 2581 7230 6235 1184 1196 6390 3933 7507 4912 2580 2111 1201 1218 8515 951 6422 3966 6387 2649 1213 2624 8576 956 981 4001 7572 8590 1300 3646 1301 1146 2687 4061 2750 2754 8645 455 5956 8136 2584 7356 485 4775 493 2712 1141 1803 5961 3888 549
2867 170 5557 6782 3053 252 122 6831 1742 387 6703 8003 8002 1911 491 1916 506 4534 6962 5848 4399 5804 8084 5975 7153 5985 4483 8436 3839 2373 3885 6235 7507 2572 1086 8335 2750 4945
2872 4476 5626 360 8002 122 3234 475 485 491 1916 5810 7982 387 4603 5848 3297 3295 8073 1990 8084 3392 5952 8149 2136 6028 7178 3524 4768 6953 3587 4948 6180 4849 2135 2138 931 7242 6235 4969 2129 1003 2490 3827 3841 6305 1053 3862 5161 6362 2562 1141 1191 3514 3859 8515 7507 7483 3911 7525 7572 3916 1301 1285 3252 5966 4959 987
2875 7818 5626 3053 3154 1742 4483 5557 122 8045 252 506 518 491 7017 5837 4288 8084 3315 3320 4563 3317 5534 5952 2139 3556 3392 7212 756 4797 2276 2373 3379 447 6325 1102 1093 1085 2499 3837 3463 6210 2286 2091 6240 6339 8335 5920 2483 1130 5961 1128 6353 2541 1160 987 8295 2572 7500 2586 8515 3930 7507 3913 7594 7572 6904
2878 6782 6831 4484 4279 4483 453 4534 3062 483 491 1920 487 3228 506 3273 6682 3202 252 122 6976 541 6906 4594 3317 4407 8042 607 3122 3392 5937 7087 7109 523 610 2120 4710 707 5856 7181 3587 6991 586 746 4895 3703 2373 8084 7312 3327 629 3461 3819 8088 609 936 3238 5125 1086 1101 8335 4945 3839 1170 5189 3765 8505 5204 2572 7444 2341 1184 2580 7500 5199 3930 7506 7507 6235 3891 1128 1201 6448 1310 2680 2709 785 1742
2879 138 5649 7926 3030 252 1628 346 5626 1562 2949 4463 213 303 7812 6907 3182 1846 1850 4534 6927 3211 4351 6929 6831 3234 7999 4558 4476 5830 114 491 1923 6979 458 3255 1943 3302 8002 523 1916 8070 3295 5870 3222 4666 7042 3371 4667 3325 455 3373 2086 2018 2137 6006 6001 605 3470 4647 3317 7058 717 6066 3524 8233 3549 2192 4910 6166 4865 4878 4948 673 585 5024 7356 1003 2381 4943 582 4771 8145 8005 5895 760 4829 5124 5161 8335 5170 5178 4870 1086 7507 4483
2881 7823 252 6831 122 1742 4439 6782 4278 1587 7507 1086 5125 5205 8002 6962 3317 8084
2885 252 1671 5527 6718 1689 4534 6782 122 4318 6962 7991 1916 7917 1901 1854 7982 6952 534 7023 606 3392 5939 5890 3306 509 3317 4286 3202 7941 3300 6771 6957 7903 3246 3450 4327 4811 8205 2199 6294 987 458 5125 7507 5220 5199
2886 6813 2943 6868 8034 85 1911 3232 1931 2963 5848 5855 3283 7870 509 5861 1874 5648 4291 4734 651 3498 6030 7240 3624 2373 8226 5125 8481 8335 5178 4829 2510 3839 3888 5190 1086 1169 2572 8450 1157 8506 1072 6235 7507 7572 4061 2754 6359 1378 6206 4945 1141 3241
2890 6920 7996 8009 460 3261 5769 8084 7028 3353 4678 1938 4726 2168 2111 3587 2281 7140 5954 3636 3729 8179 3430 1951 2373 7507 5125 3392 491 4483 252 3317
2892 5557 4442 1744 252 1879 3234 3252 5821 3219 2950 491 506 6782 122 7048 3317 8084 1990 1916 7983 465 7127 6235 2373 5125 4945 1086
2893 1586 2949 170 4274 1689 6730 4430 239 211 7796 5572 6870 1738 252 5557 1608 122 3021 4483 8002 4534 8034 6782 6962 3317 4666 7023 3300 504 607 4708 3404 605 3373 2109 666 3425 4715 2070 8129 3443 8084 7094 7127 2137 3430 5966 8200 5986 2168 4845 6082 3392 680 3463 3391 717 2202 2238 7083 673 7153 2373 7356 4945 5083 5125 3729 8458 1092 3827 5007 4704 3839 3684 3862 3853 1086 5155 5161 5178 2089 987 6315 5124 6000 5170 2414 3597 4725 4870 6359 3879 1141 2341 6367 3487 1157 1105 6210 5961 3548 7404 1169 2364 8275 2111 5935 2562 8503 5001 8502 3901 8501 2568 8500 7490 951 1181 3915 3916 5199 3911 1184 2572 5205 2581 4912 1186 2584 1196 7507 3933 956 6390 1201 8481 6387 3837 6402 981 8576 3966 2649 1213 1218 2624 7572 4001 1300 8515 2754 1301 4061 2750 8590 3930 8645 2687 2712 8335 6235
2894 122 4340 7863 3053 4399 252 7904 134 5686 6831 292 7782 152 2947 3030 417 8002 4528 3238 1911 5626 520 148 1892 5854 4601 3211 6826 1547 5859 5533 1849 3222 5848 3317 8017 3305 1996 5989 3450 2137 4878 8321 2373 4999 850 687 7091 5106 3477 1081 5125 7437 6130 2525 1126 8275 2424 3392 3811 7479 3911 7497 7483 3933 2590 6390 1201 6374 7149 7507 2498 8467 7525 6441 2708 1301 6511 3653 6470 2688 1262 4945
2896 2996 6782 3053 5557 252 1748 6831 7908 298 4417 1786 4483 6881 1742 5742 5704 1784 4508 7978 1547 122 2949 197 4534 411 417 1863 5706 94 5810 8026 1860 7985 5523 3138 5803 5795 4537 8043 1917 8054 6885 1869 3253 4600 381 4615 3317 520 561 3329 491 8078 1931 5848 5861 5899 3309 568 4596 465 505 1972 600 4679 1953 5901 8074 1923 1943 3348 2031 3392 7059 623 3365 7831 8111 5945 4715 3422 4738 2077 4545 3350 3423 7081 6962 5913 5947 5792 516 8084 8160 687 4314 637 4653 8147 8130 5949 646 2137 2152 7184 8002 484 3514 7159 7162 6072 7222 6108 6856 7172 2199 2168 4552 7165 7152 841 4912 4845 6953 3630 7007 2292 3603 4610 8320 4948 1903 3664 4811 4514 4795 8004 4959 8154 2157 8184 4939 820 848 795 7328 2033 7259 3425 2358 1997 2373 2293 3379 455 8442 3738 5812 2400 2489 1031 4945 5130 5142 7176 1086 8451 2521 3841 2065 5136 5151 3837 2158 5161 5975 1019 5164 2328 7153 5174 3855 3899 7016 7158 2555 1172 5172 1105 3916 6235 8335 1192 5125 7507 7188 3913 2649 2586 1204 8576 6441 2624 3955 7552 5026 1262 3665 4775 2754 7991 4486 4678 5559 6981 5170 3442 4476 1851 6101
2899 6782 6789 298 1586 4493 4463 1812 2963 1670 3055 1768 165 3162 5758 4535 6936 8002 4534 7801 269 4558 5521 404 2943 7782 122 541 5557 469 572 4708 5970 2074 2137 2205 8221 2199 2230 6039 2264 769 7212 6206 8335 4851 2373 2319 3729 8293 1072 3836 5049 8473 7462 2510 6331 3839 1086 3853 3589 7471 5172 5146 1083 5125 1135 1157 3897 1165 1168 3902 8501 3814 3887 2572 7507 1187 8515 3928 1200 6374 5199 1213 1218 2121 5232 2649 6387 7478 4001 7572 1300 5280 6448 1262 2428 1314 3992 2724 4071 2750 8640 2754 8645 6539 2687 3913 1581 3281 8171 4013 8101 7525 1285 3279 4288 5204 4095 7409 8498 2671 756 1193 2712 7871 5364 3916 1114 2586 5356 295 933 5835 3231 591
2902 4328 170 138 7818 6782 5557 228 1646 3053 6813 2976 1742 5713 1748 3168 5572 3202 6831 6962 7801 1916 4714 3392 4483 1081 7507 6399
2905 122 6711 170 5626 5634 6782 5649 6790 3053 252 1750 197 7908 1784 1771 6884 5720 335 6831 1742 1812 7976 5769 6909 7982 6878 4484 5790 3205 1840 1850 3069 148 6703 2949 7801 138 4311 3213 3211 8002 5795 1887 4534 480 1905 4563 4483 506 4399 2957 5867 5869 5799 554 4549 3232 3300 3317 6962 5890 5870 3349 520 1803 8101 3371 3389 455 613 635 563 458 8084 8005 7088 7097 3425 2077 2133 7108 491 7094 565 6006 4792 4829 6072 7205 2175 756 581 3392 848 7140 3378 2089 4811 6180 8313 4867 1975 2029 933 2215 3252 8345 8355 5020 7279 1086 8335
2907 122 6703 5634 252 1562 4271 4534 8002 1850 4483 2970 3256 1917 1916 6711 1905 7017 3317 1972 586 4677 8029 8139 4708 5848 5995 8264 6235 2373 7188 1086 8245 3524 1098 960 5125 2563 2572 2562 2571 7507 2626 7543 2724 6793
2909 2995 1629 145 1646 138 122 5572 6744 3052 239 6771 1647 3098 6813 1748 236 1738 5649 6790 4343 1558 303 210 7782 4447 1750 3138 168 4328 348 132 380 6909 6907 1679 1812 134 7976 1830 335 4274 5772 7981 6682 1771 7837 1850 4529 3065 4484 4520 4322 3213 3202 7991 5713 4534 6718 1775 265 3220 5809 5759 421 8009 5795 351 7785 8003 1846 148 7818 4311 5541 5570 3050 170 7812 5613 1887 2947 8026 3234 3238 5812 103 7999 6711 6703 8025 1803 5803 4560 8029 8031 8034 4330 3252 5699 5831 3254 479 1878 472 4563 1911 1863 480 5519 5839 5837 1908 3211 5847 4597 1901 475 8048 5848 1923 3069 489 4351 506 6995 511 211 7983 8050 3286 4607 3257 1873 1957 5869 3290 3206 1943 3300 4623 520 518 3246 1932 5868 7023 1973 3313 4639 1966 485 6964 1886 7926 7896 5851 3317 4641 1972 1938 5873 543 546 5721 4666 2001 1778 581 5770 3295 565 7042 3340 558 3305 4678 2013 4667 4309 3319 3371 3348 607 1586 8110 602 4601 3328 3353 4537 3383 7058 3392 613 4719 631 5942 3239 634 5798 7088 4743 5896 582 8127 3426 505 7097 2077 2072 5970 5969 4652 3401 4741 2109 414 4761 4758 7109 2112 2018 2107 3427 2123 6961 2957 7995 618 1857 5956 4653 4616 3416 7918 4763 2131 2070 7108 6962 5626 4792 2152 707 6006 8177 1670 6004 4825 7183 6072 6055 2139 8184 3529 610 2202 8111 5994 735 5989 662 8226 7181 2234 2236 4845 8220 7029 3556 3455 8144 4833 8163 4829 7153 3373 3511 6066 3587 4904 6039 7230 3513 4732 3419 496 454 7055 2136 8245 801 4912 3435 3588 7264 873 4809 2281 2276 8300 4959 4811 848 3664 8313 6185 6171 8355 8227 4610 4963 3626 8345 2215 7328 5825 2364 2017 2198 7342 661 5985 5024 2170 8223 4895 4910 7320 3709 3595 3222 2158 2192 7356 2262 7059 1003 3728 2416 7279 476 1953 8174 4878 2381 3548 2428 6010 500 6013 1982 8164 3787 7151 989 6953 829 4943 3388 8452 7430 5083 2175 7404 3541 6249 5007 6305 8200 3813 6101 4806 3461 2490 3818 2495 2238 1996 6315 3430 1987 3443 2499 8436 6325 5138 3832 5049 1105 3379 3413 2243 6265 6306 5103 3593 8199 6262 6311 8461 5038 8434 7107 3331 7220 1119 3820 1092 7392 6314 493 2111 2486 3863 5155 2341 3276 3862 818 6347 5145 8275 4757 1101 2538 705 6332 6210 4768 5178 4794 5161 7092 3839 8107 1082 3594 7471 7458 1113 3524 5181 2548 3646 5174 5173 5060 1133 7484 5179 987 5961 1157 7480 8397 8204 835 3530 7489 2553 3885 2135 2521 5172 6281 3897 3900 3887 2568 7094 770 6344 1181 7497 3915 2487 1115 3488 3474 2576 1184 1169 8484 3859 5199 666 3916 5936 5213 2573 2489 2585 7507 8515 6387 5221 1218 8469 2606 2611 5220 1126 6422 7552 7188 1086 4752 2649 8576 8580 5166 8590 4001 8503 2710 2708 6474 3843 5315 2750 4061 8640 5341 4095 8498 4104 5364 5356 8039 3858 1676 1262 4867 430 7300 3190 6117 7936 3597 609 8221 425 8155 1053 1836 2562 5966 6954 5895 1196 727 8335
2912 7936 7790 4484 1843 4534 5819 1742 1906 1916 3392 1970 2001 4768 7212 2139 3591 4943 8436 5125 1086 2584 3930 7507 4001 8576 1193 8478
2914 170 1761 3190 3206 6907 8023 6730 4607 3300 4626 5867 4633 5884 571 586 3369 602 582 3204 3404 5914 5939 634 2014 4575 5934 5947 2977 3422 3416 5959 1984 7101 5929 453 7039 7056 8084 8074 7046 8042 8127 5895 4699 6006 6004 6003 8155 8116 8163 7112 3423 4809 6066 2205 7107 8065 3549 7233 7130 2137 2157 4904 3572 2082 3458 8197 3528 3591 2198 2124 2135 7115 8174 8224 3595 6007 6054 8322 3703 7063 943 700 4910 7259 7011 3514 4943 2159 2234 8372 1045 7165 3770 5083 5110 6325 718 2182 5142 5960 1105 6265 6323 8345 3843 5150 3465 3811 1086 8473 5114 7430 8153 509 6294 3517 3788 7086 3684 7404 5063 1992 5155 759 6191 3853 2262 3491 6350 6329 8314 4826 3560 1112 5911 2511 4995 651 6281 1096 2298 2489 1113 733 6306 7480 6340 8478 3858 5184 5172 1146 2483 2553 8236 2141 5935 5082 1151 3783 8484 6344 3765 4908 3819 3887 1174 1166 7491 3890 594 2539 657 3851 5086 3850 987 2572 8505 3873 8305 6266 898 2590 2593 8525 6387 7525 1191 6402 2580 1186 1285 6448 1038 3913 4013 5255 2687 3928 4843 6390 5280 3992 2583 2754 8640 1361 1175 5341 4095 3238 2584 3400 3654 4600 4787 696 3604 5860 6360 5966 3440 3281 6321 2264 8227 7188 1973 3202 1846 730 6930 7804 7985 7409 6921 6314 3181 3930 3401 7128 7103 1997 2160 4652 4556 1874 8088
2920 2944 337 4484 369 3169 5707 4274 4463 3035 5802 1923 1748 3168 4634 7014 1971 3314 573 581 3371 7058 7063 3365 3353 2018 2033 1953 551 8136 8145 7109 6001 2133 4792 4764 8200 4811 6066 3373 2202 3524 7091 7222 2125 8245 4870 6206 7328 7188 3570 3379 7151 971 4794 3529 6000 5981 4725 1105 8474 3853 1115 8236 5124 5170 6332 1146 5961 8503 3862 1184 2584 8335 6390 1201 7507 6399 1155 6402 3966 4013 5280 2572 1086 3839 2750 2754 5125 582 5848 3317 5804 4945 491 3448 5966 4873 4483 456 8002 4399 7162 3295 1786 8221 122 576 8129 170 252 3392 2139 6831 2137 4534
2922 134 6741 1578 170 4327 4308 5532 2967 7876 200 6782 3053 1616 4309 6790 211 6744 236 1662 6799 7910 4432 1761 1745 7898 1748 321 4463 5693 3138 5713 119 4351 3130 4400 1812 351 4476 353 4483 316 6904 5755 3176 6907 4500 3102 6893 1827 3173 1830 6920 4529 1843 4484 7945 4534 7986 402 115 5540 6771 1840 8003 369 297 4525 8002 7990 5790 3219 6843 8026 8023 6929 451 1879 430 5806 1796 6930 1882 4565 5727 3249 8029 8031 466 5803 5762 5834 168 8049 5837 5835 4563 1905 8019 333 5839 269 4587 1917 3280 6981 1901 8048 489 4594 502 476 8009 3292 506 6964 519 8012 3281 5848 5853 3278 8057 472 3294 1954 1886 531 6976 4560 1916 505 8074 555 3317 1966 8065 5766 556 509 3300 3318 523 4623 7036 572 530 7008 565 3336 6980 7903 1987 6831 3327 2005 8053 8093 600 2013 4659 3357 3359 197 4528 2020 2026 608 3331 8107 5913 601 4666 558 614 3319 5868 4695 4626 4705 7060 2051 8097 3396 2035 2014 7058 5873 8092 6990 2974 3392 5942 630 635 2078 4723 3404 613 7074 6909 5896 3427 5959 4724 657 4743 7066 8145 7097 3401 8141 2074 670 8149 649 602 2029 8136 7108 5956 3393 2133 694 7127 5943 8163 3460 3450 3445 2116 8111 5626 495 122 5541 4694 699 417 1593 1670 2970 4811 7153 711 2178 616 3448 5988 2168 715 3511 8216 6055 4837 1784 3429 746 8221 3524 8205 8199 2135 3549 3556 7140 7205 708 6006 3430 3486 5801 2265 4778 3495 8227 7149 4513 8245 725 6054 6090 2275 4904 2281 863 8220 7107 2017 6953 7103 7159 2158 3637 4948 6150 6004 3474 8091 873 6185 888 3646 8305 4673 2152 4851 4716 8101 760 4622 2192 3570 5981 7320 6039 7328 7283 549 960 5895 2215 4943 3560 971 3717 2373 6868 8266 7279 3229 3198 3379 5038 3684 3426 3752 2079 2427 6262 3220 1045 455 6210 5884 4549 835 5082 3813 2443 1078 6962 5125 7392 2490 7449 8434 7091 3461 3788 6310 6325 8468 1092 1086 1072 2424 1083 5007 1105 1107 6321 3843 2398 8144 8160 6311 3295 1101 3841 2521 5150 3854 3837 2342 2169 5154 1096 1123 2111 5161 1129 5935 7458 2539 5172 1144 5169 5990 8116 1154 3810 1146 3859 6367 8496 3895 8499 8275 2562 8501 7188 951 3913 1186 7492 2581 2403 1169 1196 6390 2590 7507 1175 8505 2238 1221 6402 3955 2626 1213 7552 3997 2671 8590 7599 2724 2754 4104 5364 2782 6703 5976 458 2979 2957 7785 5527 103 8207 2949 2963 5087 6329
2924 5654 1738 4442 4292 7936 316 7976 4529 4534 4537 6943 8003 6946 4328 1748 5636 134 122 455 1887 475 6962 3053 485 2979 3202 506 106 313 3289 6964 3221 5704 3214 1860 6716 1836 3190 402 3182 5576 1637 3264 4607 5824 5869 6993 501 524 7014 520 3295 4548 1966 4666 1916 4351 523 5809 4708 3400 1947 4661 7058 585 8016 1943 7033 649 3401 3317 3416 351 607 8111 576 650 3404 269 8005 7108 8145 5759 4743 654 8042 5769 636 2061 5896 5973 5989 535 7153 4667 7101 1945 3487 2137 7023 8200 4811 3365 3347 568 7162 6066 5990 4829 8017 5993 4673 3482 2234 4870 2168 6779 665 8039 7217 760 3587 7212 7140 5659 4865 8221 770 2215 8084 8245 2158 3595 3529 3597 2170 6117 6166 717 4878 3391 2281 4948 3626 6171 4910 7220 7259 8314 848 3664 6082 3548 2236 3321 4677 7230 6105 4867 2199 7328 4943 8275 7188 785 6210 3488 8345 965 696 1863 8163 2136 707 4629 3331 5870 6006 5902 2077 6976 699 7059 4469 3375 3425 7127 1996 1941 5024 4771 5901 3429 5859 3430 1988 573 2364 458 5007 5804 2002 4652 1003 1906 4697 8412 2028 2381 987 8097 3728 1045 556 582 561 8238 2074 2418 5083 7084 2015 7404 629 3684 7356 6305 7094 6294 6101 2489 4704 5966 5106 3818 1072 3811 1081 2035 7091 3461 616 3373 2496 2373 3834 1107 1105 8031 2521 3837 5125 1112 6306 2513 5155 3862 5161 8481 6000 3589 5124 2111 3859 2538 5170 5178 2534 4725 3839 5172 1146 1144 4806 8155 6362 6367 3896 1160 3897 8484 3875 2562 3888 5197 7490 8500 8503 5199 1184 1169 3911 3916 2580 1191 2581 1186 1201 3933 4912 6359 6387 7507 951 5141 4741 1094 1218 6402 5220 2649 6422 3997 8501 8576 4001 8590 1301 1213 7572 1262 2624 2709 2712 4061 5315 1344 2750 2754 5205 2708 1361 5364 6539 1086 6235 6206 5557 2572 8335 8466 8101 5961 1300
2929 1695 4381 311 4463 3122 7941 7936 5769 122 4534 5804 4483 491 4274 134 5557 520 1914 3317 2029 8074 3302 4629 2031 3392 7122 7153 2137 4829 8321 2373 1019 3430 1086 6347 7149 5125 6235 7507 3530
2933 5580 5549 1629 4311 4340 1586 4328 114 5654 1676 5659 239 3138 119 1647 1761 5693 7870 7876 7917 1738 5753 4381 3150 6893 5727 3176 3173 1592 1804 132 7898 94 7982 220 1795 1612 5596 7807 6782 3126 4483 3213 303 5811 439 5807 372 3222 7837 5649 4534 3058 3227 3234 432 121 6954 6711 3053 3219 5521 5769 1878 1745 6968 421 7933 6974 470 3271 3255 6975 4523 8034 8049 5840 1918 465 1900 5828 5804 5721 4592 8054 475 502 3287 5699 6986 3253 4595 3050 4608 4607 3290 1942 4569 3245 6929 5851 521 1954 5855 1959 5867 3228 7986 5766 529 5714 7017 4624 3286 7008 548 1980 1824 1594 1984 566 3326 7022 518 1990 3327 3329 3276 563 8084 3336 4652 3349 5795 1902 8086 2949 2979 8091 3359 7796 4681 3353 3371 5818 3367 1803 614 7046 7061 581 604 7026 3377 4708 2034 5881 479 5913 2014 5935 5938 3299 3404 4637 3335 627 5939 1953 2072 3403 1960 610 4724 2088 8135 468 670 495 8149 7109 2118 7057 5613 694 7127 2133 6001 6991 3383 8157 3355 4799 4811 5968 8131 5974 3446 8155 7108 2050 1934 8159 3331 4809 5956 4826 585 8220 756 1857 3293 4862 4768 5943 3435 8221 2070 8227 795 8249 8199 3431 3569 2214 5994 2168 4904 8245 6007 746 8144 780 3587 3603 3259 867 3595 4948 8313 3665 8223 8314 931 4970 7313 6151 8345 5020 965 971 6240 6067 956 6255 636 5982 7164 6264 8442 6209 4710 5841 5087 4870 3325 3652 4777 3684 6191 8397 1014 8450 2489 2490 8434 6331 1102 2521 2105 7094 1111 2482 2535 2544 607 7438 6359 6113 1153 6363 1160 7444 6367 5180 770 3904 7490 8503 8502 3887 8475 3910 5204 5163 5007 8506 3858 5991 8335 5138 1192 2584 2561 5212 1132 3916 3646 5001 3601 3788 785 7504 1204 7507 5221 874 1203 8543 6422 3966 6402 1273 3997 2680 7576 8469 8515 3928 8590 7572 2672 6474 1314 2724 4061 5315 1344 2572 5179 2768 5173 5356 3524 8200 4275 1930 623 4590
2935 7818 3021 3090 7908 7839 119 4448 346 213 1830 6910 7976 348 3053 1843 4525 7936 4476 6939 4351 198 431 4543 5613 103 7800 2963 101 6703 7813 5525 5536 122 1598 4311 5802 1863 5806 107 1872 5797 1889 1679 265 5820 4571 6753 4563 3279 1917 6752 8049 4584 1676 6981 4560 8054 3289 3297 3271 1933 4399 381 5867 528 1916 4304 5873 543 111 8070 3300 3102 1971 8082 8057 1992 5884 6831 496 3356 5906 4691 7008 3276 3328 3340 4632 245 4708 3233 4595 630 613 2078 3403 5855 1997 5766 4693 5902 4700 394 657 5966 8145 4764 2119 7114 2020 601 7101 8093 3477 7084 8177 4792 687 3519 2175 3225 2055 3549 476 3220 2260 637 868 3630 8321 7300 4825 3526 607 8355 1941 8363 2341 6210 3595 983 4777 8335 3787 5087 3560 1988 3367 2489 3601 6090 989 2364 3820 8458 1098 1106 3775 2202 3530 5961 3463 2171 1107 1124 3841 2513 1122 8466 1130 7151 8461 7404 5190 1170 7490 1174 7188 2572 3859 6367 5117 6390 2586 8515 7507 3839 3975 5255 6448 8580 2680 951 2722 1344 2754 6539 5153 7392 585 4757 3754 2061 1129 7525 3895 3483 3487 400 3916 3818
2936 4274 6831 4483 3198 122 252 4534 6782 3317 3348 3392 1086 5161 7507
2937 122 252 6782 5626 197 1748 1724 5557 4483 6885 7978 7976 6909 138 1778 3073 4534 7801 134 8002 1742 8034 3254 5831 491 1923 6981 1916 461 1954 3069 2949 5526 3317 4330 7048 3392 8145 2133 8017 2164 4792 7153 3487 5804 7158 6055 7178 7193 2260 6962 760 2168 8266 4865 3748 2373 573 1072 4997 733 705 7162 8466 1086 5161 4945 8335 2572 6235 7507 3944 2750 4061 2754 4135 170
2940 122 170 7802 252 6921 6771 1748 3053 5557 5804 1742 6831 4483 1875 5795 3249 3261 6962 8002 1907 6782 4535 491 4399 484 515 523 6945 3317 565 3392 3417 2085 2018 8145 5970 4673 643 3328 4792 4742 7153 2137 616 4862 2236 3548 3630 8221 6166 5936 873 8335 2238 2373 7151 700 814 6262 8305 3609 5083 6171 7094 3820 3811 6315 5103 8469 2486 2489 1105 5155 3862 3839 6347 1126 8481 1146 5181 5125 3890 3888 717 696 2559 6367 1160 1157 1165 4865 2572 2580 7356 3859 5199 1186 2573 6422 3893 6402 1213 3962 7497 3837 1086 2649 2708 4061 2754 8640 1201 5356 4520 3206
2943 6782 3053 252 6831 4448 3205 4534 1742 8002 5795 6962 3231 1889 4559 5831 380 1856 8009 111 6932 8034 1916 491 5848 122 1943 6682 3240 566 2037 3392 3317 2155 2126 648 2373 5125 4945 1086 4677 6235 7507 7572
2946 5634 3053 7908 122 6703 134 1784 5557 7804 4483 7801 6831 8002 6962 491 506 3295 4610 3220 3050 8136 2133 3391 7153 8221 7188 6080 3511 2168 4945 5125 8466 3839 3862 2572 2649
2948 6782 6813 5704 351 122 6921 6831 4534 5798 491 3295 8064 6990 3317 524 4569 3392 7917 6013 3299 8199 567 6969 3287 7029 4862 4870 7217 2170 2234 6910 256 7011 7121 6180 474 913 6117 7420 5125 1154 2553 7507
2950 6782 252 6831 5636 4483 4484 4534 1911 2943 489 491 5848 7033 6826 111 122 8110 5795 4829 8027 4699 3595 4694 7283 2373 3487 1092 3839 1086 3443 2243 3853 3317 5205 7507 2649 7572 1301 1300 4061 3843
2952 1547 5527 4283 148 5541 2963 7813 4319 2969 1598 1629 6718 6744 2979 182 189 5613 2992 6790 210 5632 7882 1544 1697 3030 211 4291 3065 4304 5525 235 7893 3090 4439 4373 1679 4447 4398 1689 2970 4274 7908 170 4311 122 252 2949 1562 7801 134 265 6730 7782 1775 1748 6868 5713 4469 3122 3055 6884 3150 4330 5743 7945 387 4322 6861 373 6920 361 1843 396 6881 1768 6925 1724 1836 3205 7981 1850 4483 197 351 5649 417 411 1778 3069 5799 3198 7976 243 335 4484 421 8002 346 5769 1742 6711 1846 3226 5809 1837 333 5804 8016 297 3138 5795 4556 4343 4535 1887 4534 4558 3258 1889 3254 466 3247 1878 3261 6962 425 1882 8012 6977 483 1866 5770 3257 4566 4591 6964 502 472 6752 8026 3168 6869 1770 5821 475 8015 5847 5533 5678 3297 6989 5824 3260 3053 491 3286 4399 5746 7985 5831 5803 1886 1943 5711 4584 5548 5869 1750 3289 1558 168 2980 8054 1933 5867 3252 4542 6946 520 1954 5576 8049 3300 7008 5855 453 8070 6755 7014 458 1928 5810 1858 4582 313 1781 8007 4504 5880 3299 6976 145 8065 4615 1812 7912 1857 1967 3318 6969 8073 1918 115 1666 7015 7934 4565 6856 5802 6995 515 3306 1786 1971 575 2006 7029 7033 1999 518 2003 3340 3294 6767 3317 591 4665 5894 1796 6748 1784 2957 5884 4663 530 3281 492 3371 8107 582 519 2020 1988 594 5861 2005 5772 3387 1916 7013 3213 5727 6957 5942 631 605 613 2033 3410 4710 512 5952 636 3355 5960 8135 5934 4531 4586 5966 1614 4362 3350 432 4735 8084 2126 5956 634 4716 2133 8159 4761 666 2115 5974 5976 2113 2137 4792 565 6003 4780 3482 4560 5843 8145 324 3477 8017 4677 3587 931 3630 7309 6117 872 8329 939 3597 7188 2168 5024 7313 8314 2293 2373 3543 4610 7356 2002 6249 3548 3770 3461 956 6311 5970 3811 1092 8474 3837 2486 7435 8473 2509 1053 2243 3843 3839 3862 1086 8335 2535 6326 2549 1145 6367 1162 1157 7453 3810 5174 7460 3873 5049 4912 6329 2562 2572 3885 8502 3886 5158 2553 3911 7490 3897 1168 3910 1186 6382 8496 7499 2581 1169 8492 1196 8515 6387 7504 5086 1105 3933 7507 5951 1187 6422 2649 1273 1193 8590 2710 2754 1128
2953 138 1586 7823 3021 1628 1583 4328 7801 7883 1612 7885 3045 134 7894 225 6782 3064 1702 1689 3092 6824 5634 6777 5648 4439 4448 265 1768 3138 7941 1738 7926 4476 324 5713 346 6831 4484 5741 3053 4471 1742 4508 5543 7936 4533 404 6929 6682 6936 1778 5743 351 5807 3231 6956 3234 1666 3233 1866 3202 5799 8043 1911 1892 1878 5848 3281 369 3297 6995 513 520 4607 528 1664 7917 4319 4311 2949 3307 121 5533 122 4288 114 2980 6962 1943 5879 3317 1966 5878 1980 8084 1985 4615 5809 566 1979 1967 4633 2977 1974 5890 4683 7812 3365 2033 5870 2034 3373 4407 3392 2036 5952 3381 2047 3426 650 2055 476 4735 4480 7101 7108 7074 2104 8156 2108 2133 2151 6001 2166 6055 616 8221 6113 7205 7230 4829 2260 2068 5976 4904 3511 2199 2182 7240 8083 848 3560 6117 7313 8165 6987 787 6264 7342 7398 1045 7259 7402 2158 1072 4995 3765 6316 8329 638 1087 3238 7430 1092 6171 4793 5144 5125 2215 4865 3847 2292 5925 6294 6329 4768 1126 1128 5953 561 6349 2471 4867 5170 8481 6359 5178 3879 5184 3444 4794 1170 2568 1174 5197 2572 1177 3913 7494 5199 2362 6235 2585 5212 3928 1207 3944 7525 2606 1221 2611 1218 1258 2624 6441 6402 8275 7572 1304 6474 1301 2750 2754 8645 4104 5341 6539 2993 6010 709
2954 108 7877 6782 7823 5649 252 7890 235 6723 6831 1761 7926 211 1784 5693 323 4374 4484 7850 5699 4483 387 6925 1742 3205 1837 409 213 3102 8002 4439 4559 8026 432 5805 5795 420 5772 6962 1887 489 4587 3253 5839 491 4392 7894 506 4351 215 1670 4304 484 3264 6873 4399 539 3248 1886 3267 5878 3317 3286 1946 6939 5721 5881 1937 6711 5888 8074 564 2006 5856 4683 372 8090 1953 2032 527 8107 4695 5914 7058 2034 3404 1959 545 4536 2035 8111 8130 594 8159 5943 5936 7121 8177 705 2133 3498 7077 2136 2195 7165 683 2138 8199 2260 3630 888 4948 931 6166 4997 898 4865 7164 873 6235 943 6219 787 7283 6207 8238 6262 2414 572 3684 2398 5110 717 3530 3599 5060 3823 6310 8463 2364 2496 8397 8345 1086 5161 5082 5166 8223 2541 5170 3855 8335 1084 8501 5179 3875 3901 5032 7220 1171 2532 2572 1168 5199 4725 8236 1072 5211 5001 6390 2590 6387 2649 7572 3916 1301 6511 2724 8645 2553 5197 3909 7497 4061 2750 4135 2710 2754 5364 2568 4775 2443 7179 454 604 5551 6082 2215 7051 7430 5825 120 1300 465 7342 4811 4677 2001 4904 519 4610 7115 3818
2957 4319 1586 6718 1565 4328 4340 138 7801 6748 7883 6782 200 202 1664 6790 6813 6796 252 4407 4432 5557 7926 7908 321 1748 7870 1768 3112 1750 6784 1795 7936 4373 4483 1811 378 213 4493 351 3176 5719 7978 4520 346 4528 145 372 7934 3190 1775 6925 4500 1778 6914 333 5758 4534 418 313 411 1545 3202 8009 3169 3229 1881 1840 5804 4338 5819 8012 6861 474 1894 1879 4558 3254 5799 3257 2959 140 5613 204 7818 3033 4311 1581 2947 3223 5623 5553 6736 1919 5549 3208 447 3289 6969 5860 4584 3232 3269 4605 168 6995 484 4607 5851 1943 1932 1954 1934 1886 4630 8073 5847 6962 3308 1985 6979 4629 3222 5891 1803 4665 3314 7025 5874 3357 5890 1893 6957 1944 1860 6752 442 7013 4661 2020 7045 2013 606 3365 6943 3361 574 3337 6930 2034 4693 8107 3392 601 3363 2035 7041 4725 635 5769 7058 615 5952 3422 533 1960 4724 4694 5966 7074 3423 8145 8148 610 665 6976 618 5950 8129 2086 4678 7086 2127 2133 2068 2120 6001 2104 699 3455 2117 8105 643 7155 4447 4829 7183 6015 4597 3440 760 1996 3529 8233 5976 696 2018 4866 8220 6013 4821 2230 7082 3264 6006 8155 4948 697 6082 5936 4865 6171 637 6158 8313 6185 5986 801 826 3413 4778 6054 4749 680 2238 1947 6180 4963 8106 8184 8329 3597 4910 7328 2358 958 5020 785 6162 2364 2362 2139 5885 714 2115 5900 983 3569 5005 8110 3718 6210 6249 943 3729 3449 7408 3787 5087 2428 3655 2002 5115 2489 7430 3519 7404 2485 2488 8434 818 1087 6294 8461 4794 7176 2061 4812 5124 1098 3834 8397 3836 7437 688 8467 7320 6324 1107 1045 2509 8345 3850 667 1105 3853 5161 1096 8335 3852 2545 6346 1129 5178 3839 5173 1144 3882 6341 5184 3883 1151 3880 1153 3858 2553 1166 1169 3875 1157 5170 3885 8501 8496 3895 6374 1175 3912 3911 2561 1177 8505 2576 3901 6360 7458 7092 2584 2207 5205 1200 6399 1203 3915 2626 2630 3896 1218 2504 5232 7572 4013 7594 5280 8590 2708 2709 1301 5315 1361 6511 2754 2768 6885 511 4775 2202 2047
2959 122 5626 6782 6831 3198 4534 1742 1812 8002 252 6956 3112 3245 483 3232 506 1594 6716 7803 491 3317 3295 544 8084 8016 3404 573 607 2052 7094 2068 132 1941 515 4558 3425 2136 2157 6013 4469 3392 7203 516 6066 3524 8221 6117 2364 2373 4712 8412 5125 5136 6322 1092 4785 1105 3839 3862 3888 2558 3911 3901 4912 1184 3916 6390 7507 7572 4001 8590 2750 7409 7036 7927 6679
2960 5557 5634 252 6831 197 4484 7908 1742 4483 369 5769 5772 3053 170 122 6703 6782 8002 5795 417 4534 511 5848 4652 505 3335 5900 4771 3373 4837 2033 6013 616 6962 8245 8084 680 4677 6117 4878 3595 7342 4570 582 8216 4542 632 4806 1045 2398 2373 2364 6210 3813 2485 491 8458 7404 486 8101 717 8314 1072 5106 3837 5125 6166 5169 5173 1086 5966 1213 956 6422 2649 3966 8576 3530 6387 5124 6474 1300 7300 3862
2962 6782 252 6831 4483 1742 535 3317 491 8221 1086 7507 7140
2965 7894 6796 6813 1647 239 221 4447 6831 4274 4534 1742 4569 5689 4288 5869 5804 6962 3317 575 8084 4663 5843 566 7048 8091 4694 4659 3394 623 4664 8144 2133 7193 8216 2131 7233 3403 3593 8345 3355 6146 2392 2373 1003 8448 7402 3811 5145 7320 8466 5161 8469 1122 6359 2548 2558 3885 2562 5125 7507 7491 1213 7572 2768 2579 4715 4483 511
2970 120 4317 138 2979 3052 5557 239 6793 5607 3058 5636 5576 5626 6782 4448 3071 1771 1812 3050 1742 1836 1843 6925 316 5719 5759 6718 4469 7801 3069 197 1689 1778 7908 5795 1840 198 1830 1887 5821 5534 425 5805 6962 134 6968 8002 502 491 506 5848 475 417 4483 5818 3299 1943 1906 6953 543 3228 1679 4430 518 1892 103 2947 252 5541 6909 581 1971 3305 7033 604 3319 5527 3317 4771 7162 797 8039 8442 6067 2373 6166 2499 1072 5178 5190 2559 1086 8507 5199 7507 8576 4001 2754 1361
2971 5607 138 5634 6831 3053 6703 4483 5742 380 4466 1839 417 5772 6884 4534 1840 2976 5812 6962 5835 4569 122 252 492 4399 1748 520 491 1916 8084 3317 4667 503 197 8093 3392 3404 1959 2074 2018 5927 4624 8163 2131 2154 3432 4729 3306 8200 8101 2205 8159 3569 2168 4677 2124 6113 4728 956 6249 6167 6306 3279 2398 2069 3783 3811 6311 5988 5125 6323 2089 7442 7437 1081 626 2495 8474 3839 1086 3863 1146 8335 3880 3882 5186 3895 8152 7455 3431 8484 7507 1186 6396 2750 7483 2754 5364 6511
2977 3138 1843 4534 7801 5804 252 4483 6962 1742 4399 3317 4945 1086 5125 2572 6235 7507 1213 3483
2979 148 6744 6682 1541 3053 211 5607 3065 4399 1676 252 239 213 6779 1670 3098 4343 198 5636 1748 7908 4463 303 6831 1689 324 7945 4322 348 120 3150 351 3176 380 5721 4500 5769 1742 3202 5758 3205 5790 7999 1840 1867 106 5799 4549 5803 5798 3234 5819 3211 7991 4520 3220 3198 1887 2947 1629 170 2959 1558 2944 5519 5570 2963 7812 4291 2949 7801 103 1646 3254 4275 2979 5831 116 5809 1878 4563 483 8031 134 2976 3206 4274 1886 458 489 3069 6964 5848 3294 502 503 500 520 4607 491 1943 7014 5772 3252 4624 3392 2036 1953 7097 814 6235 5125 1086 3839 8335 4945 2572 3810 7507
2980 134 7823 170 7871 5613 1671 4309 1677 6782 5636 3062 3092 1689 265 4308 6831 1750 4439 7933 4351 4417 6868 4484 6861 137 373 2950 4529 1669 4500 400 85 4504 1846 4533 7908 7795 6703 8002 197 3235 5821 6954 3206 8045 3258 1911 4575 8049 469 5839 5834 497 3214 4322 453 5648 2944 5557 4304 2979 511 4398 4274 122 138 4483 3053 7017 5521 6682 7008 4542 5881 8069 1953 297 6990 4661 4653 2013 8084 7054 7999 7058 610 8110 3303 3389 2047 3396 3392 2001 8107 7029 7081 2084 2076 3423 5914 7088 3426 3404 2083 571 4652 7093 4559 7059 535 6724 5862 3293 7101 3425 6962 3317 6976 6964 3213 7108 3443 8111 4829 7162 3468 3556 3524 797 6026 6113 3276 506 3595 760 3455 7159 8217 8169 8094 8159 6171 3631 7264 2252 5981 933 4992 3588 4851 3430 7039 5892 417 3754 2150 5103 7392 5063 2193 5125 4945 3833 3826 2443 2520 6337 7462 3487 8335 2539 2538 5170 8461 3401 8473 3839 3865 6359 5180 8466 8498 3888 6360 1086 3911 2572 3916 6235 1184 7507 1169 1213 7572 2710 6474 2754
2983 7871 4465 4448 1742 5743 122 6782 3212 5549 269 5557 5795 5804 4534 4317 5812 483 6980 252 5534 5791 5687 5867 3321 7927 495 3392 4738 1911 541 3309 8084 2125 2137 5956 4829 2135 3664 7011 4447 2373 7188 4825 3827 1086 1107 4945 7033 6322 2015 2505 8335 3852 3487 3548 5144 3897 7220 3911 8101 7507 4535
2984 7839 1562 116 134 7803 6782 4374 207 3053 6730 252 5557 246 1748 5607 6755 3098 4381 6831 6789 4469 7955 4330 5741 348 7908 4484 324 213 3050 6893 1804 1742 5759 5720 351 6904 136 3187 1830 4476 1658 7991 421 1594 7976 8003 3205 8002 4537 441 8013 3122 7998 8012 7981 5795 3211 8026 5805 1786 5834 5821 4534 5549 2949 1629 2979 7801 4317 6703 5525 4283 3255 3240 6958 491 6981 4545 5853 1917 3251 1866 475 4610 5848 515 520 3283 8070 465 548 5804 1966 265 4542 1886 1971 1964 544 509 563 4606 4559 6968 4605 3305 1965 3317 571 4630 568 4663 503 3300 402 6975 7015 3349 1990 4652 5856 561 1890 4560 600 8090 533 574 269 6980 511 2032 5921 585 4643 4686 7058 7060 2054 2051 551 1916 5870 3400 4708 5904 1856 3383 5942 7953 455 573 5885 2083 8106 5734 7088 3442 7101 3052 3340 8087 7098 594 8097 8168 2077 6004 4622 4697 211 5950 2120 7082 5613 6001 699 5999 8101 2086 4792 2137 707 4752 7153 4767 616 6953 432 1984 469 3458 2035 8179 2155 8084 2138 3569 770 717 5989 4912 3595 4870 3435 7162 7059 7188 3597 3626 841 639 644 6210 8116 826 6206 3379 5860 480 489 8057 848 3425 858 6240 4594 3289 6185 764 3548 5960 4584 3684 5005 1028 3393 6306 8136 6113 3752 3729 987 1072 2489 3594 8299 5126 4694 486 3811 8314 6265 8457 4945 1092 8458 1105 5935 6161 2518 5125 6101 3839 8345 2505 5966 7298 8469 3862 3855 6012 5155 948 1115 2544 6349 3856 6037 5178 7011 5166 5164 5174 5170 5169 6322 1119 8335 1146 3899 6344 3888 5189 3491 8500 2562 1169 5192 1168 2569 8473 2572 3916 5199 3915 1184 3913 2095 695 5205 7507 6390 2590 6399 1201 6374 1203 5220 8576 2649 2624 1204 3969 8543 7572 4061 4001 5315 2750 4104 2535 8162
2985 5521 170 4311 4309 148 122 6782 138 4381 1646 198 4274 4437 288 3065 4463 239 4398 213 324 3168 1827 4500 7837 5790 421 1742 4534 442 3211 8002 1923 458 4483 511 4399 3295 582 3348 6962 3392 3317 5125 1086
2986 148 1581 1558 4327 5557 5689 1795 4483 6907 7976 332 7907 5769 3036 4534 5721 8002 422 4543 1571 269 3234 425 6967 5831 3250 8045 6975 5839 491 211 1916 1919 6782 2950 1646 101 6720 1565 4314 4275 4399 2947 1931 7790 6964 1942 541 1892 469 4634 122 8070 1975 3317 4343 6718 4615 7022 567 4566 4641 8084 3307 3257 1770 6987 530 1974 3319 6968 1990 8089 7041 608 3371 3392 3315 1857 3363 1984 8097 4531 5649 3312 1697 5851 7114 7101 3410 6000 4792 1910 197 602 5804 6048 8226 6072 8199 797 3556 3350 3474 3206 7034 4565 2086 3593 8245 3321 3357 3517 662 867 2139 727 5801 2192 2201 4945 4948 3591 8355 6039 2358 6235 6240 1003 908 607 4943 8442 5087 1016 936 5083 989 8457 8452 4806 5126 1880 6209 5913 3819 609 3827 5967 955 1057 5144 5125 1086 3839 1107 8155 6317 6262 3775 5150 4661 8335 3826 6338 2061 8092 8160 5178 5170 6341 3840 2135 2534 6315 1144 5173 6210 2171 5180 1153 6360 1174 3886 5189 8503 1146 2562 1105 1129 1177 2576 1168 5205 7130 2483 4912 6374 3820 956 3859 2590 5212 7507 6399 7491 874 1196 2573 1221 8525 2611 1204 3969 1050 8576 1182 8590 3928 3962 898 2750 2754 1378 5945
2987 170 252 1695 197 1662 3058 7839 4304 116 3138 6718 5689 7802 4471 4480 4484 3069 7927 7908 215 3053 2943 5626 152 4308 6703 5795 1846 3073 7796 6688 1781 6967 6962 1907 7782 1908 386 506 1916 4309 122 5824 1568 8002 511 4399 5804 3295 1948 7016 3312 7009 4655 6940 439 1972 556 2032 5861 3392 3325 1984 361 631 7001 605 1966 3300 5879 466 2949 4694 4738 8084 5959 4568 2082 522 3405 609 8111 3446 3430 7153 2137 2155 687 3486 2170 5964 3524 6066 3548 2234 8221 3517 3603 6067 4910 661 2052 3413 654 943 5024 974 2373 736 3787 1086 5145 5125 6105 5148 3853 2202 2486 5114 7437 2489 7279 2088 2539 6206 8335 6329 3826 7136 3777 3609 3896 3899 5190 2534 2572 1184 1191 7507 1213 5220 2649 1273 5124 7572 2724 2754 6362 5356 1285 6314 829
2995 122 4483 1923 6782 1742 6962 544 3317 8002 3319 4534 1125 1086 7507 2709 5125
2998 6716 148 81 4317 4362 7831 7871 4374 1571 5580 6799 3034 5504 6796 4442 3033 201 2993 7870 7908 1616 1562 7933 5634 4373 137 3055 4469 122 5557 7941 5766 387 1822 5636 6910 6718 213 3069 1850 1578 4526 1770 4534 1742 6947 1784 6869 3162 437 3211 1866 5769 5804 4483 8026 447 432 6819 1887 6959 4504 4480 455 1775 8009 6932 451 1878 6925 431 3252 459 4528 5809 7945 409 4569 414 4575 4578 1911 3245 483 487 4542 6968 5693 491 3255 4523 1858 3260 4577 5795 5699 3257 497 1923 504 506 4587 8042 3295 3220 4399 520 5854 1943 3290 1933 5737 7986 4564 5867 509 3300 534 1921 1880 3294 505 5721 7013 1970 1971 6730 6991 555 5705 5807 1965 8074 197 544 3329 1916 571 475 6976 8084 5884 7033 5649 4653 2003 3271 4663 6958 3353 8093 3328 4278 2944 602 2020 2039 610 4689 607 2031 2051 7061 298 3381 3393 7060 4708 545 4688 3400 2054 623 4694 2957 6909 625 3394 5937 627 5942 635 2078 8139 2084 7093 4622 4712 4656 3442 3440 8144 660 8120 516 8163 4767 4771 103 2108 582 8083 5929 5966 3470 5913 696 8157 2136 5991 2014 5959 6010 636 4792 3468 5986 662 4829 7140 6055 4837 3474 4862 2223 6067 3225 4849 820 2158 2168 6856 829 4590 3595 848 6082 4895 867 2139 6166 6117 2066 4948 631 3664 7059 3665 939 7174 818 958 3729 637 6249 2154 7213 511 2419 3754 3752 8436 2362 3439 6281 3814 2489 1072 6141 6334 2510 5106 7453 5150 1081 983 5153 3862 4997 8461 8335 1123 5164 5165 1086 2545 5173 3880 1144 5159 8498 5190 1160 5189 5146 7490 2568 5086 3858 6374 1141 5192 7500 3933 1193 2593 8515 1203 6399 1213 7525 1212 2626 3955 2649 7130 8576 7594 8613 6511 6515 2750 2754 2768 6680 3307 8464 2195 3315
3004 6767 1671 4399 6831 4476 346 101 7803 7982 4534 170 5831 6782 491 1942 252 3317 482 572 7033 5899 529 4688 8110 3327 5921 2018 1666 6941 594 5942 7088 5902 7097 4673 8145 8149 8107 2133 2113 8157 6001 2033 2152 455 4811 2205 2155 3445 618 565 3426 3549 8245 5950 3392 5007 6255 7298 634 2373 4812 2051 2168 1960 8452 2520 705 5154 1122 7435 5151 2526 5125 5165 7484 5190 1086 6235 8335 4001 1301 2754 4945
3006 1567 7883 5654 239 3066 7904 210 252 4400 1793 324 421 4543 4374 3223 8049 1911 6703 1916 122 1568 5536 1918 3219 5519 288 6954 502 3276 3290 1886 3317 6969 8073 3305 8060 8084 3251 374 1970 8107 4678 2076 642 3405 3414 8112 5929 8133 2133 5934 8070 1857 4919 4926 1938 4878 7320 8335 6235 616 6166 8448 1086 5125 7136 1111 2511 2548 2580 7507 1258 5255 2671 2624 1336 8640 4095 1378
3009 6703 6782 122 1676 252 6790 5790 4330 213 6962 5835 4534 7782 348 469 1887 3276 3312 4483 4607 491 3392 5572 2015 2047 6831 5843 670 8036 631 1984 7118 3470 4825 5993 4833 5020 6055 8393 2215 4904 705 2486 5179 6314 1083 1157 2576 1192 2768 265 4327 111
3010 170 6782 7882 7907 1738 6831 119 6836 4374 1628 3050 4483 5704 3219 1545 6730 122 1742 1781 8019 3317 7024 5883 425 1908 4568 529 5914 2035 2137 2201 2131 2111 4610 2091 2175 2328 3287 8345 8316 8499 3850 1135 1196 7572 3997 5356 6402 4135
3012 2949 4309 170 1646 5557 6771 6782 3053 7908 7936 4484 7982 4513 4534 8002 1846 3211 316 1878 1768 6962 5839 5821 120 5848 453 1778 1943 4634 5890 197 1971 8084 3313 4673 581 3353 1742 5626 2015 7058 4717 8106 2077 649 3419 2099 4761 8144 5914 6028 2164 5721 7153 7057 6072 2137 6066 8200 8237 3392 4677 2111 3317 3595 8017 4483 3637 7328 8314 4571 8345 6235 956 491 3684 948 6262 3658 4757 5115 2489 4704 1072 6315 3295 3827 1094 3813 3837 1105 6305 3839 2243 3487 3853 1086 6332 3862 5161 3880 3882 8484 8503 3859 2572 867 1184 5199 2581 2584 1196 8515 1201 2611 1218 5220 6422 6402 2649 8576 1258 6000 2555 7572 2573 6294 5315 2750 2754 4104 6784 2712 493 7149 1861
3013 6782 3053 5626 5634 252 6831 1562 3069 417 5769 5557 6962 4483 7976 6784 1911 4381 1916 491 1923 3052 2969 511 5848 1959 486 4531 3317 3295 4667 3392 4484 2133 1742 8221 7188 4943 4945 5007 2373 2168 1086 5125 2649 2754
3014 116 4317 6771 7823 200 4392 1558 7802 3049 1671 2993 7863 4401 255 2943 5541 4437 321 7941 1768 1784 5713 4448 1724 1647 335 5755 387 2950 4275 7978 5527 2959 4271 6705 4373 281 1843 368 3211 4529 5687 3190 6736 1812 3234 7785 3202 1827 4552 1881 348 3069 3252 6963 5810 5837 8015 5649 6977 4575 483 4586 1882 4582 3273 6918 6969 502 8054 119 3282 2974 6979 6939 3235 4551 7991 1930 7983 409 6885 3297 3269 1873 6870 1796 1913 4603 525 316 531 539 500 7008 1932 548 1975 313 4587 7022 5891 4649 7015 6987 551 1967 7032 576 442 3342 524 4283 5689 6831 5868 6730 4291 7013 3353 2020 619 3389 565 5890 8036 7000 3396 2055 2057 7011 2065 5944 3394 623 4725 4723 4738 644 3423 642 545 8120 522 5795 8145 3427 472 4637 1984 4717 4732 650 7109 394 4763 672 7060 7113 1958 4752 4767 5950 3264 594 5927 5923 8106 2104 697 7127 8170 3443 633 6936 6976 7953 3477 4729 4787 2157 646 3485 4693 4799 3481 730 5921 568 4795 4736 4809 5959 3286 3514 4597 5943 6055 2097 211 3511 511 6017 4862 767 5974 7203 3482 3549 795 8238 2234 2079 8236 8249 3337 1658 7098 4780 8237 476 2001 760 8130 801 3253 638 2173 605 2175 8150 6032 735 616 4904 6003 4699 8233 5936 4613 2215 7063 2207 189 3444 4933 2193 2162 835 4948 5801 4480 5991 7071 4939 3595 2182 4622 3618 8204 6171 8322 8345 8159 4639 2018 2198 6158 651 6130 958 7328 7059 965 956 4895 1987 3717 7024 3665 4873 6255 3529 8406 2418 1953 3754 8341 6288 777 8242 7420 8450 5083 2398 609 5103 2489 2485 3818 8329 3377 1087 2424 5088 6331 1053 5060 2135 3837 8467 1085 6337 3820 2364 2526 7430 6305 7220 7447 5153 8342 3857 2511 7470 558 3855 7093 3738 8335 4821 3872 5169 7453 6353 2541 2505 6310 5173 5174 6341 5178 3856 3609 3883 700 5138 5186 5990 7458 2559 3899 6367 5189 818 2553 2509 6369 1149 2035 8503 3897 6039 2572 8506 1157 6281 5901 7489 2579 5124 7500 2584 4995 6387 3646 2483 631 6390 2573 6399 2606 8543 2624 8576 2671 1177 2709 1115 2722 2712 4061 8640 5364 6539 5741 1181 6322 5699 6049 3487 2362 3381 1594 3548 2265
3015 1586 6730 5572 1616 138 252 100 211 6790 7882 7926 122 7837 4483 353 1742 4439 1647 7953 3071 3138 2979 346 2959 7980 1850 7998 8003 4534 3211 3150 7999 3213 4291 113 2976 1738 369 3206 374 1878 1890 7983 4565 5795 6964 417 480 5841 5534 1748 1784 6962 4568 453 492 8034 4399 3225 4338 8039 7014 8073 5805 529 444 4643 1803 3317 5894 4696 2020 5895 7058 491 3294 7059 2036 7063 601 1932 5541 3371 6942 2078 8074 2076 576 616 4535 3327 1997 3427 8149 7101 5766 7057 5823 7051 3444 496 5914 3370 2124 6793 1953 5990 7071 6976 5996 6711 631 6012 707 637 645 2077 7165 2061 3556 3569 7212 2168 5956 2281 4878 4570 4811 3631 8174 8165 888 3664 8221 3476 3373 8009 7242 8169 3487 425 3392 770 7033 5024 3729 989 2381 3541 4719 8146 6105 1067 7026 8002 5007 6305 5060 6334 3847 3827 8469 4704 3837 3788 6331 2111 2510 1947 8200 6346 2238 5124 3859 2544 6000 5966 5106 2411 3524 8484 6367 3862 2135 8500 1141 1020 1157 2562 3887 3911 2581 6235 1196 2583 8515 2555 6369 3933 7507 1213 6402 8525 2624 8576 7444 7572 8590 3886 5166 6448 1218 5315 4135 4610 421 197 756 6909 4785 1750 3035 4605 1836 493 3030 1544 5759
3018 100 4274 7782 5541 7812 6703 134 103 116 2976 7785 138 5607 4275 4309 7801 5527 2949 6782 5549 4317 170 1558 7813 3092 111 2995 1738 6796 5557 7870 288 7926 7908 6744 3138 7837 4448 1670 168 6779 6819 236 4439 1677 1748 5572 6884 5741 7982 7912 211 7945 3053 5758 6870 1812 7998 6907 3205 409 5727 122 1850 4300 6918 335 1778 1867 1744 5632 136 1676 1586 3220 6752 1846 425 120 4534 3211 6929 6831 1863 5759 3222 5769 2993 6869 132 5649 4537 417 3234 8023 5821 6945 2957 4500 3198 1879 6909 5795 8002 7882 3254 1911 3255 1882 1887 6711 8008 3228 5626 5841 5720 6968 1906 4566 1923 491 484 1916 489 506 5848 4549 6962 5804 3287 1784 502 5534 511 5853 4399 5867 5869 1959 519 509 4483 4605 3300 4559 7014 1964 6946 8073 7016 3322 3317 1594 572 3313 7023 3321 4643 6990 4652 573 7033 4666 581 3353 585 311 8110 607 3392 3404 635 7088 3426 5966 475 5956 6956 2070 8084 4771 5982 2111 8144 4777 5989 2133 8155 6001 2131 3432 5770 369 523 4792 6004 3429 5986 756 8216 8221 3443 4845 4806 680 2281 5990 3631 2215 7059 7328 3487 3684 2373 458 1003 7404 8436 5083 956 5007 3657 5103 3379 3378 1072 7094 6305 8474 4785 3827 5961 549 3862 8481 1129 5161 5178 6347 1135 3888 4725 5172 1086 1157 2562 8501 7490 2572 3901 1181 1192 1186 2580 6235 6387 6422 2626 3966 5205 2687 2754 2712 4945
3020 122 138 170 4328 5557 6782 5649 4309 145 303 1562 1742 351 5831 506 491 1923 511 5853 1943 573 6909 103 3371 607 6703 3392 8107 2035 7936 585 3250 635 605 3317 7088 3373 3425 3348 2133 7059 2015 5769 8005 8017 5989 769 8221 760 2215 3548 3595 2281 717 7328 6206 1971 8355 6235 2373 1003 7094 1086 3853 7356 6359 7507 8515 1213 4001 2750 4061
3022 148 2959 5570 116 170 5613 5649 3035 252 5626 1768 7803 3071 7955 351 1812 120 5772 1830 7782 7991 1778 3205 1689 4484 4534 4529 5759 5804 1836 132 5805 8016 1923 3069 6711 511 1911 5835 3237 8084 7995 1742 1953 2949 585 4666 520 6703 604 607 613 4545 5839 1771 6962 7936 8017 4792 666 2175 1086 987 3888 1166 3886 6387 6448
3024 148 5558 7823 138 134 1562 1616 5557 6782 1646 3040 252 1639 7898 3053 211 7926 3035 1761 94 5689 1631 5634 3138 3044 1784 2969 347 341 6831 4490 5742 5559 7882 1742 5693 7837 3176 6907 380 223 1578 7976 6904 3004 1837 6920 3071 145 106 6878 1750 1675 5797 85 7782 1545 1541 6947 1670 8023 455 1863 454 1887 3182 3231 3190 5832 1889 5831 6964 491 3279 1908 1890 5830 3278 3211 119 489 6979 3212 4595 511 6989 3290 3246 5860 3307 1957 5795 475 4609 7017 6936 4597 553 3317 5844 3314 8065 430 1827 5809 189 4633 4666 1849 5519 269 3253 7042 7945 556 8090 2026 8039 8101 7813 99 7821 115 2051 4676 3392 607 2078 3365 3405 107 2034 2032 1898 4735 7097 6703 7088 5770 8129 7025 6956 1960 649 8074 5966 672 2074 8163 3465 613 2131 6001 6003 2137 8086 665 6010 6028 8171 7014 7098 2104 1992 688 637 7164 3549 8233 5960 2215 8200 630 2192 4849 3431 664 616 8094 5943 595 6066 7212 8199 2154 3571 2015 7240 8076 7172 8252 440 777 4712 4821 7011 8313 7091 4945 4926 7112 3664 2337 6186 7300 2201 3597 6183 3686 6161 2344 7328 5024 7059 955 2198 2159 2162 605 4943 940 1839 2362 6219 8146 2038 8376 473 5022 2364 3517 2236 4777 8383 5977 530 974 936 3754 2428 8412 3376 4560 5929 7320 1016 5038 2294 5884 5895 5901 2037 8031 4910 7430 2489 5125 3609 6171 8451 3401 1092 3482 6249 1972 3827 7115 3375 7458 4581 7447 3843 3487 1085 5138 2511 3826 8467 2535 6326 6353 1031 7453 1105 3858 2262 7484 2013 683 1150 6359 2562 1169 8174 1074 2568 8105 3910 3901 971 2576 1157 6049 2581 6235 7499 6035 5206 898 5193 1196 2583 2585 5180 5213 2573 5205 2590 7507 3933 1135 5141 3944 1142 5185 2624 3666 3893 6441 3969 7420 3992 3928 2688 4013 3916 7494 6090 1310 3966 8590 3962 8613 2709 7599 1336 5103 6539 5356 2403 8197 6779 6784 3853 3088 132 3839 5759 5082 2979 8245 6101 103 100 5854
3033 122 6782 6929 4534 1742 3235 6962 3317 1954 8084 5869 863 5125 1086 6235 7507 4061 421
3038 148 6748 252 6831 4483 4534 122 6962 491 425 5881 3317 3392 1742 4829 2392 5125 1086 8335 7507 2750
3039 1608 5634 5570 4483 7978 8002 5626 6962 511 491 3295 3317 8084 6831 608 122 4741 3392 4767 3442 7162 3666 4969 3658 4956 3560 6066 3378 631 4775 4794 1045 3367 5060 8452 3594 5088 3807 5114 2489 6325 8468 7407 4727 2486 5125 8245 2428 5145 1111 1056 1129 1086 1125 2286 2538 8335 1101 3852 2534 5169 2342 3859 7233 3820 2490 5082 1081 8474 8451 6362 2572 5206 1182 7492 951 3916 6382 5205 1177 8492 7499 2580 3910 7500 2581 2585 2583 3930 1201 2590 4725 3933 2573 2584 8506 1174 6374 5141 1212 7525 5220 6402 1186 2630 3955 1187 7572 4013 3928 5255 7188 751 1304 1262 7590 1301 1310 2712 6474 4061 5315 2750 2632 2754 1344 3992 4095 2768 4071 5166 7491 1378 6511 6539 2782 5364 4135 6369 2969 5770 756 6680 1784 81 8101 7945 7790 8130 6210 3030 4531 4655 115 5557 8204 8029 7804 4400 8155 7494 2560 2709 121 103 6779 5759 3238 431 5001
3045 4319 170 2957 1646 7802 4398 122 1811 373 5758 4483 5721 5769 8002 4528 6831 5804 5634 6962 1923 5848 520 502 2963 3317 4330 491 252 1742 8107 8084 3383 635 3392 1964 2136 4792 3487 677 4945 5989 8335 6206 2373 6235 2202 7420 3847 1105 5161 3862 2548 6360 1086 6161 7507 7525 2572
3063 2949 6716 5649 211 134 3071 5521 269 1748 3065 7936 6782 122 1547 1784 4476 5519 119 324 7955 106 7934 1670 1768 1742 7978 380 6907 7804 6920 385 3169 6771 396 281 3173 7981 1850 4508 5769 3069 3190 4543 432 1840 8026 1869 5798 5834 1911 5821 484 6682 3050 148 252 1892 480 2944 5804 3261 4531 4607 4399 1959 506 8048 7020 1990 5805 7785 581 4661 6831 467 3336 1972 607 3317 7058 1744 649 5896 2014 564 5766 3401 8107 2076 6976 5927 3440 523 4710 4537 7094 2104 563 5895 1830 565 673 4771 1965 5989 522 4622 483 2139 8017 4792 5705 7084 7181 6072 616 1916 5632 696 3443 5986 5956 2281 848 3239 3597 829 2202 6185 6180 8221 2033 931 760 4752 6206 3529 7188 7283 2002 6210 7328 5020 5900 956 908 2364 3609 2373 7298 3684 7127 687 2137 717 3198 2089 8436 2489 491 585 3295 1105 3837 1085 3589 3839 5961 2521 6359 3862 1126 3888 3880 2548 1153 5966 3871 8501 1157 1184 8502 8469 7507 4912 1186 3548 6402 8466 7504 5199 6422 2710 8645 1086 5125 5356 4135 2572 4785 197 4275 8002 213 1594
3064 252 2967 4330 324 1742 6831 1558 5553 1837 122 8002 4483 114 5804 3231 6962 8031 372 6782 506 500 4600 8036 1916 491 5890 4534 3073 3317 2109 3439 693 665 3392 546 7153 2168 2136 4829 6030 3476 705 5889 718 818 2373 8275 4955 3572 2192 2202 3729 5087 6332 1100 987 5125 1082 1086 2580 1207 8580 6441 7821 4686 8505 241 2328 111 7871 3310
3071 148 4311 236 5636 6796 6813 3053 6782 324 3138 1748 6907 7976 6920 1850 1745 4400 4534 5721 3107 6856 120 6711 6909 1887 453 3261 8002 5799 1771 1911 6968 3255 7982 5613 4513 138 210 1646 5834 116 7838 4309 5848 1943 5869 523 1916 1959 3295 5853 4569 1971 8093 7033 6976 4673 3317 8107 607 602 122 5895 7063 3392 252 3401 5795 8136 616 582 7101 3425 4771 6001 5900 3460 4792 4708 7162 4829 503 7181 2168 8245 2159 6117 4945 931 8345 6162 2342 5024 717 2002 1003 8314 987 3684 2489 4704 1105 1107 3487 3847 1082 3853 2536 5170 7430 7188 1086 1174 3915 6235 2403 3850 3933 1200 7507 6422 7552 2649 6441 8576 4001 7572 1300 2750 1270 2624
3073 1629 3123 1744 337 1676 122 5743 4483 4529 5820 6945 4534 6962 6782 5848 472 4407 491 6976 8084 3336 465 601 3392 7041 7066 623 8200 3517 2202 4948 5024 5985 5083 2414 5125 3728 6322 6347 3910 3839 3930 6422 1086
3075 6831 4534 1860 491 4545 6782 8002 475 484 3317 8053 4607 4399 8008 8070 1919 4613 1962 5916 5903 3417 496 7024 2072 5927 478 3303 7108 8166 1781 6981 6039 3392 8207 3630 5976 3570 618 936 2373 3370 3479 8224 695 7029 2011 7449 1092 1084 818 1086 5125 7507 5220
3079 6703 5634 3053 6831 252 4483 5557 7801 8002 4534 454 114 351 5824 6962 1923 1916 506 3069 122 3317 1990 1742 8084 3392 8101 4738 5989 8107 7153 2168 3595 6206 6066 8335 2137 2373 5125 1086 3839 7507 4001
3080 2980 6730 122 170 252 6782 4330 4476 3168 1846 4484 4534 3069 417 4483 2949 4319 5820 6962 341 469 1911 1923 491 3249 4586 3241 506 6979 511 4605 3260 5557 1919 4610 522 6974 1958 3317 1971 402 549 4708 5944 8136 7097 2068 5936 2137 4829 6930 571 2036 5860 634 2243 629 7107 8174 8322 3787 2373 5125 4945 7454 1086 3839 3463 700 564 3390 6189 913 7039 4939 3560 5159 1078 6336 2127 1096 8335 6359 2572 3901 1170 8502 3859 5197 7490 2341 5204 1184 1135 4785 6235 7507 2649 7572 5173
3081 1671 252 3122 303 6793 3050 1742 3053 386 3228 5526 484 491 3317 3331 8101 609 122 4945 6082 2192 4955 7063 8469 1169 3901 3879 7494 7507 2649 5315 2754 6910
3084 252 6782 4483 3122 4398 6831 3092 7981 417 5607 5613 6920 4534 7999 6962 5790 506 1916 6964 3255 489 3300 4597 122 1812 5557 4633 7926 3317 8084 1972 505 198 8090 7033 3348 571 4661 2029 3252 7058 3365 2020 7983 5868 4708 5942 558 7088 2034 3327 8145 3404 3425 4752 3435 673 491 6028 7108 8136 4732 4792 239 699 2005 7159 2136 7101 605 662 8177 1866 6054 6013 4811 3511 7181 7086 5843 4768 769 4699 7153 1771 2162 2111 3486 3392 2168 7205 4725 3340 2096 2152 8236 2215 8199 3587 4878 7230 760 4806 2135 543 770 3529 3595 7176 8221 8184 4845 8165 650 8174 3524 522 7078 8204 4545 717 3430 7203 2281 2033 6082 661 5920 873 7220 2262 2117 8200 3570 7242 4910 5900 718 3637 4948 8223 6067 1988 616 8005 5024 981 2202 7279 1003 5989 3373 696 8275 3684 8436 3487 6305 3811 6265 8050 2489 3813 8458 5990 3379 1092 6322 2424 987 5007 7094 3837 3530 2521 7213 3295 3862 7014 2002 8474 8481 5161 6347 3843 5125 5124 5169 4794 5170 3879 6367 1160 5181 2015 1147 8501 3911 8502 2341 7490 8345 7162 2572 8503 8484 5199 5935 5205 8335 7507 1086
3086 122 252 5557 6782 4534 6831 491 4483 3392 3317 872 1086 7507
3092 252 4415 6782 4493 1742 6974 6946 4569 1900 1886 4547 586 623 5945 730 7093 2139 5994 7193 2205 769 3391 3392 6101 3511 872 3630 8321 931 8087 8165 8472 8245 2364 1072 7468 1086 7437 1105 5166 1144 5190 3904 3897 1170 1126 8511 3930 7507 5141 7492 4945 6441 4061 3913 8576 5835 4476
3093 7823 2979 1629 7812 5580 170 1576 152 1586 4309 3036 6771 200 7898 4398 6813 1724 7903 1761 1748 7926 3045 1784 7908 4469 3168 1804 387 380 2969 7934 6868 1541 2944 1850 1544 6909 6884 411 3190 422 5742 6947 1778 4535 3102 4543 442 1840 5557 3208 1812 5704 455 8008 1887 5818 189 456 3030 1879 4574 1895 7821 7991 5649 6964 454 4563 3251 4591 8025 1750 5792 4577 7790 4583 5799 506 3221 1954 4546 4486 541 4634 3311 555 7986 1679 531 4330 4606 1857 1990 556 505 1962 3307 3342 4672 586 4659 4697 3327 2039 7058 1916 614 7029 8107 3392 1965 3400 5525 7813 1578 7818 4291 4311 7801 4726 5944 4688 2047 5966 3294 8145 4568 2077 1941 6001 2133 7086 2119 4764 5956 2109 1824 1944 2980 4700 4752 4755 2178 5895 2137 634 5954 2108 4308 707 3455 2217 3317 3426 3542 3405 1803 5795 417 8252 4904 2082 3246 3543 4483 8264 3517 8150 3587 3524 3313 7091 4542 8179 2168 6067 3591 4534 2036 4959 873 5900 8221 522 670 4963 8017 4537 3474 3597 7059 7313 955 4956 4943 5020 7342 2236 3379 582 3752 6191 3783 1045 1048 8442 3773 727 7407 2286 2416 1067 1028 2362 5114 3818 2489 1078 2018 8168 2070 6316 5884 3765 5142 4910 6332 6306 2524 2424 5151 2127 3862 3819 8335 2538 6281 7471 1096 3827 3852 1129 2381 2171 1115 8503 5161 7480 3885 2562 3488 7094 3853 3895 8501 2572 8481 1086 3839 3910 3487 2571 1169 1126 2558 6082 7499 1196 7500 2584 7491 6390 2585 7151 6345 5124 3933 1194 6387 8520 5141 1218 3955 1213 8580 7576 8590 6474 6511 5315 1336 8645 5081 2593 2583 7365 132 5572 8136 5125 5896 3843 5772 491
3094 252 6831 7802 6679 5678 7818 4471 3050 1742 4534 3090 5816 1824 3234 6782 8002 5659 491 1916 6962 5805 8048 506 7017 5899 4439 3317 3392 8084 2096 4735 2121 8313 2139 931 4541 8159 2192 2373 1056 2068 3811 1086 3823 6337 6240 4704 3604 630 5873 2584 5855 3271 1273 4945 4104 1258 1935 8467
3098 491 8002 506 5848 8084 3371 4768 2373 6235 1086 3839 5125 8335 8501 2572 7507 4945
3102 252 6782 3034 7955 197 4534 6946 1742 5869 3317 4792 8236 7220 960 5125 6316 3853 2572 6235 2590 2089
3105 170 4288 6793 3138 1748 312 122 1837 3071 4483 1742 6703 2949 3231 6943 6962 3220 1916 491 6954 5848 1886 4607 4566 5881 1830 252 8107 8002 7055 3293 2055 2085 7087 8139 2096 4716 8147 4715 2133 6001 4799 7033 2137 5970 3549 7230 3353 3276 3361 939 5865 5024 2373 981 2029 1057 3818 7094 6980 6315 4945 3862 3852 8335 8474 3859 5169 6363 2572 7507 6387 2708 7850
3110 6782 1562 6831 4330 1594 3168 3176 1742 3198 5795 1887 506 1916 1923 511 1784 122 3317 8002 8107 2029 3392 2133 4829 7153 8221 4943 3487 6206 6235 1003 5125 1105 3862 5161 1086 3916 7507 1213 2649 3911 7576 4061 4135
3112 6718 4317 1616 3011 7823 4328 198 6784 1647 210 116 6793 1689 6813 5632 6771 4309 5613 4291 6744 7837 5607 4311 239 6703 252 2949 1562 4463 1629 170 2976 4469 1558 1646 3053 6868 1771 3150 7955 335 7850 3050 3062 7908 3168 311 6782 1748 269 3176 4500 380 7903 5636 7945 5758 324 348 6909 1843 4529 1837 211 1850 3202 7785 3071 1594 1840 213 1830 3213 6831 168 1867 5790 303 5809 8026 458 425 3234 4549 3220 8009 4552 8031 7801 5831 3239 4351 6968 5834 1911 3255 480 5839 316 145 5837 1901 475 489 1923 472 5853 6995 6979 1886 1943 525 3232 7014 3318 1972 5851 519 134 4651 4652 5890 572 6976 3313 7016 4637 1679 8073 8090 3359 600 5835 3371 4526 604 4292 8110 1812 120 132 2029 2020 5772 670 3425 573 7136 3392 3317 4483 8002 1916 8321 5024 5900 4943 7458 4673 3560 6210 3589 4712 8474 3853 2483 5125 3443 3888 8155 1181 6235 7507 6399 1086 7543
3118 4399 6782 3071 297 348 343 4483 1822 7978 1594 7981 1850 1775 5634 3107 411 1562 3211 3234 5798 5790 485 3256 1856 252 6962 476 4279 1943 475 4607 4309 3290 1886 5869 453 6986 1959 543 3317 505 120 8065 1987 4653 6939 5867 7032 565 4666 3300 5890 489 6856 8054 585 589 558 3375 3392 3294 3401 4716 625 613 8149 5966 2104 2036 8163 4624 567 630 6001 8090 8179 2168 8184 7162 7153 7028 735 746 5870 4829 8220 3455 6006 3450 7107 718 8017 1908 8223 7217 4912 616 2275 2260 8224 3435 8252 3477 6166 3487 3595 663 6180 4926 696 3560 7188 6206 8345 958 7313 2373 4623 981 987 780 4865 2489 2488 2490 1094 4945 5125 707 6311 2521 3820 8466 1105 680 5155 3862 6347 5174 2443 5186 1145 6367 1170 2580 1196 3888 2584 2585 5205 1072 1201 7507 2381 7300 5199 7497 3839 6374 2632 3966 2624 6422 2674 4001 7572 1300 1213 1314 2709 4061 2750 2754 5341 4104 2687 5364 5356 4135 503 3379 4806 3717 6082 2066 6953 2215 7094
3123 7823 170 6782 3053 4308 4469 3205 8002 4525 6831 6962 506 491 6981 5848 4399 4483 122 252 6682 4534 1954 1742 465 585 3392 5913 575 863 2158 6113 4961 2395 2373 3286 6209 3787 5088 5125 7437 5153 1086 5895 4736 3729 2584 7507 6399 6474 1141 3962 2361 3035 485 6953
3133 134 2949 120 148 7804 5557 122 2959 170 4317 1576 1562 2963 5634 5613 6796 3066 6777 1671 116 1675 239 5607 6790 7801 252 3030 138 7908 1748 316 5632 4442 4309 119 6703 6831 7894 6718 7955 1775 5769 165 4483 1836 1768 3122 7837 6789 3205 417 3069 5766 8003 346 5689 5755 269 4484 1856 5804 5819 4534 1887 5772 324 5795 5821 1894 7999 447 1911 1840 3176 480 5831 1917 6936 1616 4583 3053 409 6782 3206 1923 491 8057 506 519 4399 4577 5869 5623 1886 1943 1945 3240 4504 3071 5805 7782 3260 1966 8076 500 7934 1938 3299 7019 553 7011 6918 3322 4480 4641 5699 1964 1946 7023 4407 4362 8005 4643 6990 7032 5719 568 7009 2002 7953 486 5911 5534 3353 7983 3287 3232 6968 6981 6730 4678 2014 1916 8002 458 509 3371 606 585 2013 511 197 8094 4677 8110 2052 5903 1953 3381 582 5942 613 1761 3365 7046 7991 5944 7054 4723 2080 4647 5951 2006 5914 4740 5885 5848 7088 633 2066 2065 3398 3419 7058 3347 3404 2033 5956 7057 3355 5895 573 2112 4771 2084 8127 5982 4763 3317 2070 8084 7059 2104 4762 1754 5991 3439 4792 2136 6001 5973 2122 5843 6004 7155 5964 8177 4806 6013 5954 2168 7181 3392 6055 760 3476 2108 637 5996 2175 8124 7101 8160 2152 3440 4730 8083 756 820 711 7233 6039 7205 7203 3529 3570 6980 2202 629 5943 3455 3513 872 3553 3393 2298 7264 2170 3556 3507 7116 4951 732 6007 6166 8245 7112 801 581 3378 4910 7240 8174 454 7037 3597 4652 1878 2029 3609 7283 719 4793 4825 3591 936 7328 6054 6206 785 908 6209 2331 7063 3276 3379 5967 3631 7259 8345 3748 1031 485 7029 2364 2427 2398 1038 7392 5075 1056 6262 8457 7449 8468 645 5114 753 5060 6310 5985 7404 2445 7025 3811 2490 5145 8464 572 7104 5090 6294 6316 4945 8162 2414 5106 6323 3820 1965 4997 2443 6281 7447 3862 8242 8153 7458 798 3833 5891 2061 989 8473 1126 1123 1107 5850 8481 7471 7093 8436 5063 3463 1096 2276 6345 7437 5125 6353 5989 5169 705 7475 3871 6338 5933 3856 3446 6306 6344 5083 2491 2539 2424 4752 2548 3736 1105 1154 1129 1119 1146 7092 2551 3855 7453 2047 4757 7162 5186 1145 6367 5190 3895 1153 3657 8498 1111 1122 8450 3896 2486 3858 5900 615 8211 8501 5170 3902 2521 1172 8484 2488 7483 2562 3819 3487 670 3826 5975 3813 4725 1169 3911 1166 2572 5970 7489 867 2135 1176 1181 5969 5197 3901 5117 6360 5172 3915 6350 3646 5199 3865 7492 1192 2238 2585 7158 2584 8152 8316 4794 5966 8511 1086 5213 6235 6390 1186 2590 2568 5961 7504 2553 7507 6399 3933 8525 3928 7091 2381 2611 6422 2630 3893 3966 2567 956 2649 3524 2624 6448 5255 2671 8580 1193 1285 4001 8590 1301 1300 7491 7594 6363 1336 2750 6511 3850 6515 2712 4095 5364 1201 6539 2342 6893 1141 5110 8036 780 2088 8136 3401 1784 8092 576 7016
3136 6831 252 5557 122 4483 1742 4534 8002 1911 506 4399 8084 6962 5772 491 7153 3811 3839 8335 5125 1181 7507 2754 6322 4476
3137 122 5557 1664 252 1840 4546 1742 6962 491 506 4607 3317 7033 8089 3392 1916 649 3468 2373 1082 5125 8335 1086 6235 7507 4945 6240
3139 170 145 252 6831 1748 6789 3069 7936 7982 7908 1594 269 213 4483 265 122 6730 3052 1646 506 6782 491 4399 3300 3317 168 602 7097 717 3425 4811 4943 6210 2373 6235 2572 7507 639 8124
3140 6782 6831 303 122 4586 1916 4432 3317 4607 3422 2123 3626 2337 1003 7507
3141 1616 5558 170 5626 221 3062 2976 6782 6824 292 213 1748 297 1784 335 346 3168 1843 4534 3205 324 417 8002 1770 6831 3211 7790 6945 252 3206 8026 3050 1883 5825 5812 8016 380 103 99 7800 4274 81 7813 4291 4275 1562 5527 2959 3254 7802 7807 7821 122 1544 8043 6968 7812 116 120 2979 491 5727 1916 5533 3261 3256 5848 506 7999 3176 1933 4543 4607 1947 3307 7991 3198 3271 3314 5521 4643 4651 5802 7001 189 4649 5914 3355 5868 8110 4705 5839 4708 8107 3392 3391 6909 1594 2013 2029 7097 1812 3331 2099 4725 2111 5883 3439 5870 6001 2136 2104 7084 631 2002 8090 5834 3491 4811 2033 6072 3388 8249 6082 3603 4741 2170 6026 3419 523 717 594 6944 3626 3246 931 6166 5020 7092 6209 3595 3748 987 3601 3548 2414 7409 8293 8458 6316 3811 3832 2525 6305 4575 3378 5155 5170 1086 3852 5136 5178 6341 3859 1105 520 4785 3911 5204 3915 4870 3895 6387 1050 2586 6399 7525 7543 6422 2649 7590 1304 7480 1165 2768 7796 1701 5519 3286 1155 3425 5161
3142 3053 5654 3073 252 6831 1689 7803 4483 6789 4526 1750 7998 5557 269 5809 425 4529 4534 6943 5830 4546 297 3252 1742 5607 7837 1892 6962 8043 491 489 5798 1910 3286 4584 3295 493 3294 414 515 8077 574 581 2005 3340 7033 6976 558 608 3328 1928 5906 3392 545 563 5944 3317 606 8129 8002 4719 7127 5769 5919 7184 6032 7117 4777 6010 4541 5893 6039 8174 667 8252 4912 7212 3517 2201 3541 8211 3530 3570 835 3595 7152 3631 3686 8396 2419 3748 5087 780 5989 6305 3813 7420 974 2486 7122 2416 5125 5961 3820 1126 3843 2541 3871 2549 1105 1996 5124 7489 1166 5935 7499 7497 3910 3915 7507 6399 2624 8590 3885 4135 7475 2135 5704 2238 1778 7151 6954 7313 2089
3143 6730 138 170 6782 252 6831 3053 7908 324 1784 1812 3050 3138 6909 7982 5721 4528 8002 4484 134 4534 3213 1742 3234 4483 491 475 1923 103 122 5848 506 493 6962 511 1916 6964 3317 7016 572 5890 6968 3371 4652 8110 3392 1911 2066 2083 2018 3348 2133 7108 5900 6001 5989 6013 7153 3524 4829 770 7217 4945 2364 6206 7356 2373 4865 6235 7176 3811 5125 5124 1086 7188 5199 7507 1285 1301
3144 3040 4483 8002 122 4534 5557 252 6962 6782 491 1742 3392 4708 3317 4829 4948 7188 6206 5087 3837 3857 3862 1105 3811 3839 2562 3911 1184 8335 6235 7507 1213 4001 7572 2649 1086 2754 4095 2572 5125 4945
3151 5654 252 6831 1670 5769 3213 6946 4543 5795 458 1742 1883 6782 506 491 1964 3317 8017 5859 3330 8107 3371 7088 4697 7059 571 4653 2033 7240 931 6953 1003 7178 8442 960 5125 7259 5178 1086 7507 1203 3910 8434 404 8005 632 6058 1921 4849 736 4656 8162 6363 4601 8087 1056 8160 4826 677
3153 122 252 6782 1742 8002 4483 3317 2373 7507 5125
3155 122 170 1562 138 5613 5521 5634 252 1742 4463 265 1689 7982 7801 1843 5557 1850 4483 3198 3069 7976 417 7882 4537 5795 6711 213 3234 3213 132 5821 8026 6730 458 3211 239 6929 4407 7999 6782 1878 8034 5649 3255 491 3228 5798 506 4563 4399 4607 6995 1923 4610 1943 453 520 5805 1959 1778 3294 4534 7850 6962 3202 7023 6961 5881 1916 3317 5626 8084 3340 3349 4661 3313 5890 585 3359 607 2029 8110 8107 4317 565 4274 6703 4708 3373 4535 1953 632 7903 5721 5970 5966 6001 2139 2152 6010 7059 6072 3529 2202 6066 3392 756 3511 3276 3455 2192 4806 6101 7188 801 666 2243 7328 4943 7283 6206 3626 2373 3435 8223 673 3548 3729 6210 5964 4945 5106 680 6117 5125 8245 7094 3827 1105 3837 4704 3862 8466 3856 2443 1129 3859 8335 5170 5007 8481 2341 2534 8458 5178 4785 6158 2562 2568 1157 3911 2572 5199 6235 5205 1184 3933 3915 3530 6402 2611 3909 2649 6422 7572 2712 4061 5315 2750 6688 2959 493 7785 303
3159 167 1629 4328 5572 6730 6782 3033 3062 252 6824 3098 182 7917 4447 292 4463 5711 7903 134 1586 7831 3053 1795 5742 7955 6881 6831 1811 7801 4322 360 3168 259 213 6869 3150 6870 380 2969 387 6914 6856 5521 3204 4529 1837 4528 5707 404 400 4525 106 6947 4351 7896 8002 4483 3050 1839 5804 6952 6884 432 85 2940 5533 6689 1863 3241 5824 386 6967 5815 298 466 5799 6954 3254 8043 472 483 4575 1911 3232 3007 1905 372 3261 7999 4546 4592 4583 6964 1923 6991 4563 453 4558 469 1937 4399 480 500 4545 1933 189 528 541 6993 1957 531 3283 539 1959 489 1962 7985 5722 5839 1967 547 7014 5859 3314 8073 5805 3317 1916 5850 4652 5853 6987 4639 4633 491 458 546 4663 1997 2956 1840 3357 3359 5770 1960 7048 7011 1969 7046 3371 2026 2020 2039 607 8110 5921 1866 7026 3365 5820 7058 1860 8136 5856 7097 2035 4537 565 246 3440 7813 2963 7818 7109 5543 4752 4767 694 610 7127 4319 2137 3313 2029 7086 613 8170 2123 2970 3477 2151 4308 3410 3416 2033 6013 4792 7116 699 8019 8179 4811 7055 769 6940 3445 8200 4780 6058 7217 764 7176 3394 425 746 3479 820 638 2275 1742 7172 5841 5986 7240 7203 465 654 5895 8204 661 848 5993 4948 3572 3561 4895 3618 6157 898 801 3664 718 8105 8141 3560 8159 4997 7283 2373 5007 5024 6235 3246 3418 3709 7356 931 4992 2215 7309 1003 6162 7320 2252 7312 556 8436 8441 6974 2398 2364 7404 485 5881 7995 2489 7449 1072 5088 2510 6321 5032 3837 1092 5124 3832 6305 1123 6294 8466 3850 2066 5106 5161 1086 5164 6350 6101 4757 5169 6341 1132 6359 2545 1149 3826 2135 4945 1105 4715 1147 2558 6367 4738 3871 987 5179 7122 3765 3813 1177 2572 3907 8484 2580 2581 2584 2585 5001 3944 2626 3966 8590 7599 2754 2712 6054 4623 4542 1975 3873 4278 8039
3161 122 6782 252 6831 5772 1742 8002 8008 3249 6962 5795 5848 5557 1910 7015 566 8089 4792 8252 6206 6255 5960 5820 5125 6315 1086 8466 6000 2061 1144 5970 3907 7507 3933 1213 6422 3962 404
3168 170 1662 1658 6782 6784 5607 3037 6813 3052 2976 3062 7800 6744 1745 6718 6831 7955 4483 7917 4504 5772 1738 346 5769 4373 7998 3205 1836 7991 3069 421 8003 351 3211 4534 480 3261 5798 8031 7801 1562 4274 2949 8002 1916 1843 6703 3246 6962 4563 3317 522 4330 4643 4673 586 7908 2036 602 635 7088 2066 3404 6907 2077 7097 455 7981 6979 3443 616 3448 3430 8101 7184 2175 756 7181 687 7205 3392 8145 7213 8245 4878 5801 6117 4948 873 2395 5024 8050 7220 2002 3529 5125 7094 7264 1105 987 3463 5124 8458 3827 2521 3862 8466 5155 3839 1129 6359 8500 6367 8503 7490 3859 1186 7507 3933 1213 6422 2649 8645 511
3171 170 4351 4413 7804 6831 122 148 5632 1796 1586 252 351 6920 7978 5557 8002 1710 4546 5634 5689 8034 1894 4534 1738 4591 3181 3287 2980 145 7823 491 1916 493 472 8057 511 1843 1837 7983 3053 4398 5859 1676 6744 4483 3307 440 561 572 1990 5890 518 5805 4330 568 582 4663 8084 3317 3400 3383 5804 4484 5951 4596 4732 8070 2139 5986 2137 8127 931 3658 5020 6235 6962 801 3787 1086 2262 1119 4643 3765 1146 5169 2373 4945 2424 2562 1184 1176 5199 2583 8515 7507 1193 2754 7945 5212 6013
3175 7917 1911 3239 1959 3317 252 8224 8295 3624 7341 6266 5125 2754 933
3178 252 122 323 6831 1742 3138 4531 4534 8002 6962 1916 491 6782 573 3392 5952 4740 2055 6039 7264 5211 2624 2674 1082 5125 1761
3179 6831 4484 7982 1846 5557 3211 4549 252 4343 4351 2959 4534 1843 6929 1742 3295 491 3317 7016 1971 7033 1873 3371 608 3365 3392 4708 2035 2034 631 635 8136 2089 425 4559 7108 5956 2137 2139 8179 5904 770 2234 814 683 4865 746 2111 2182 4945 7188 5901 5024 2373 3655 6249 8412 1086 2499 8335 5161 5181 5172 4785 3907 3911 1184 5205 2584 3933 7507 3966
3180 170 4311 1664 7883 7839 5607 1646 4439 298 303 321 5759 4430 7978 7982 1812 4484 3205 417 3213 6959 1869 5805 1878 122 8026 5821 4549 3261 1742 168 491 6782 2970 4610 8078 3317 3255 4643 4351 4666 1803 5820 3348 7058 3392 2052 649 4559 8145 1886 4771 3050 5999 2202 7094 4811 4837 3549 5964 8130 8223 7309 931 8345 6082 6981 2056 2175 2373 455 616 2414 7063 8144 6013 7084 8393 2428 5083 2035 7356 6294 667 2489 6319 3811 5125 3657 4865 6313 8264 2260 3529 2538 5161 1153 2089 3393 1174 2588 2585 3933 1213 6402 3966 7552 1301 1336 6511 213 1830 265
3182 1562 134 170 138 4328 4309 145 5613 7803 239 108 1587 220 5572 4463 5636 1767 7908 6813 1689 4448 1748 7955 7953 380 3168 332 1771 4351 6782 5521 7936 324 5557 1843 7981 5769 3071 1594 351 5634 213 1812 1742 337 3213 1778 4442 4526 1830 5551 4465 303 6831 1840 3211 265 269 8026 1750 6952 7983 6929 5519 7782 7785 4274 3220 1911 3234 4565 3242 1878 5809 1544 5841 3258 1900 3212 4603 5520 8057 3255 493 4607 1948 3290 4634 5878 3314 1971 3313 8074 7001 7008 4652 1990 5899 7991 523 5890 520 3300 566 585 500 6995 3295 4678 4609 2032 3371 6909 602 8116 1988 4483 605 5942 5804 8136 455 3348 3317 4597 6968 7059 3373 8145 7101 5954 4537 5626 616 670 3413 2082 7108 2111 3404 5920 7084 2033 4811 3410 2155 2175 4837 3401 3524 4862 3549 7203 2223 4870 6101 3548 3306 4673 3587 7121 6006 2096 3487 2137 3595 733 7212 2061 4910 8199 2154 3631 6141 6026 3392 5649 7328 3654 1784 6206 760 661 2198 2364 3488 2381 582 1003 5063 5026 6210 1048 2136 8233 8144 718 1072 5115 3728 898 3837 4725 5007 2521 6341 4865 5145 3517 1112 7213 7092 1125 736 1122 2538 1129 3843 4943 3871 5178 3839 8481 6000 6367 8335 1169 8501 2581 3930 3910 1201 7507 6387 3896 2632 1300 4061 2750 1301 491 956 1719 6711 458 4534 8249 3872 5504 5623 252 7910 3303 5937
3184 480 1911 122 4483 8002 4534 6962 7991 491 252 5809 6782 1916 4399 1742 6979 541 3069 8017 6831 5901 3050 3317 8177 5125 3845 1172 7507 1086 3944 1965 303
3195 7812 2949 5553 6782 5557 1616 2977 5607 4430 5713 259 4340 119 4469 5527 1742 1744 4534 442 1827 4516 414 5837 6861 1908 1731 8027 5851 1901 5818 5879 1980 4330 7801 1568 4651 3340 8089 4641 5901 5903 3376 7850 6954 4597 4483 2072 7084 5956 3294 8012 659 3479 8174 2198 6067 6210 3511 6209 491 4845 8458 5125 3827 5190 5996 1086 8469 4666 5205 3636 7507 2687 3287
3196 170 4328 134 4311 5613 116 148 5572 145 3052 6730 5636 6790 3037 7876 168 1748 3071 4463 1689 4448 6703 4476 3050 6796 1771 3138 7955 3053 324 351 1742 7936 6907 1594 5534 5769 1850 409 3198 5790 265 5521 1846 346 6711 6929 1768 7996 6909 1830 1618 425 3213 1812 4274 2949 6831 7782 1793 8003 3234 2957 1878 7941 5714 5803 1887 7785 3254 480 1911 3211 6981 3267 492 8031 4603 511 8002 5869 525 7014 7023 1971 5853 6968 4330 520 3295 581 4672 3317 4607 3381 3392 3363 607 5795 1881 2056 8131 7101 4743 4726 3355 4758 5916 252 602 4695 1941 7054 637 8149 3451 2123 5989 2035 4799 8177 7164 6000 2137 5954 7181 3455 7184 8226 491 8216 5935 6066 7179 6017 7217 770 798 455 4755 6962 7084 2158 4752 2260 1928 6028 2275 4912 4866 756 2193 7259 872 7264 6101 3587 4865 7212 2111 5966 3514 3529 4948 2243 4825 2262 458 3507 939 931 3683 8305 6006 5800 4870 616 4757 4622 827 2001 2201 648 3657 785 6209 2215 1003 717 3597 573 5005 6210 3750 4943 3599 7404 5087 5110 7356 2496 6206 8130 943 6186 493 1072 3811 6281 6337 664 1987 5961 8368 8473 2525 6202 3839 5155 3853 6141 3862 5161 7475 2548 7058 8107 3589 3858 2168 3885 8275 2568 3912 3907 4826 1184 5001 8505 3532 1201 7491 8314 6396 7494 2630 7495 6387 3966 5232 3886 3997 5081 2649 2710 1301 5315 1336 6511 2754 8640 2632 4061 875 5210 94 5170 5125 2018 5576 5772 6255 8136 6389 5895 2534
3197 4319 5557 5613 6782 197 6831 1784 3053 1742 1748 4483 269 4463 4500 7981 7982 1843 4274 4535 3069 265 4537 3211 1887 8002 6962 1911 480 1878 4534 122 252 134 6976 4317 5623 6716 502 2947 506 145 7812 1916 8048 4304 1679 493 6703 5526 5848 4291 4399 5795 1947 6979 523 7016 3305 3317 572 5896 3349 5521 5900 582 8084 3392 565 8107 5970 7097 5759 2133 5790 558 616 7101 3425 7059 5772 6006 7162 8163 7181 7230 2281 7140 760 6082 8221 2373 6210 5125 1086 3839 8335 2572 7507
3198 5557 1629 5634 6682 1646 3052 103 7976 4534 252 4483 6962 491 3317 4564 3280 3361 2963 3392 5986 3435 3260 2234 4866 4862 3595 5937 8144 6108 8130 2495 5933 1960 6101 3839 3524 2563 3911 8249 1184 5125 6235 2510 6344 3930 7507 1204 7572 5315 7945
3200 5772 5837 5821 1971 8005 564 1886 7060 432 605 8145 5834 3373 3365 2129 2035 3432 7162 7153 2168 756 2077 2137 7188 2111 8221 6090 8168 7151 4948 6185 6166 801 7240 7084 2202 2136 2238 2364 3487 2125 5007 753 956 3709 2018 8238 7059 2230 6058 6953 2408 2095 2414 5087 3787 8314 1057 5106 2489 5125 2496 3811 5136 1105 5154 3845 5981 5124 3839 3862 6345 3814 4943 5178 5169 814 3843 1115 8474 3597 841 2013 785 3896 1169 3897 7489 2521 2562 3911 1146 1086 8503 5197 951 1184 3916 6235 1186 8335 2580 2584 6390 3933 7507 3901 2572 6331 2555 8525 6363 5199 1221 5966 6387 5086 6162 2649 4912 3837 1203 4001 1193 7572 2672 2674 2710 6474 4061 2750 3997 4945 2568 3966 1908 2513 1735 6698 6836 1545 6962 3264 6688 3317 3325 303 1141 213 6682 7782
3201 4319 5529 1598 5570 167 3021 137 1610 7871 1565 1612 217 4374 7894 4413 1716 210 3073 3092 5654 7898 3098 4309 3023 292 5636 211 5576 3138 4343 7863 4448 7917 332 7775 4465 5704 7837 7936 337 6868 6790 7926 7870 4430 4483 5572 7907 1812 3065 335 204 1796 6907 5755 3168 213 380 3187 1804 3011 3102 221 1669 6755 122 7927 5759 4439 4508 5769 256 1742 1837 4351 1840 5678 1744 3030 5791 5705 3190 402 4520 409 7998 418 1846 8002 3202 6947 136 2970 1770 4537 5800 423 410 4543 7991 7922 434 8023 4541 4526 1869 3234 3219 8026 4552 8031 3239 8012 460 1830 5824 228 466 6963 4574 3237 8043 6962 4563 5798 3245 3231 4575 4565 3255 5838 8008 8016 1900 7882 5699 1909 484 1907 5762 1889 3279 3252 5837 4587 506 4592 3235 5795 4486 4573 3274 3282 504 4582 3289 381 453 5841 2944 5520 1568 85 6703 7839 5523 1664 170 207 81 2963 1937 3280 116 121 4292 113 1586 5519 500 515 6989 1754 1587 5839 7822 7807 5861 1957 4607 1906 7008 4609 1947 3307 3300 7813 1908 4634 7017 3294 3302 8069 5884 529 7000 1972 1980 8082 3317 1928 553 5890 7023 577 3321 1990 4666 4663 4640 1992 5868 1918 3336 1902 1910 5722 5850 6943 4653 7048 1962 6711 3228 565 1697 5632 4447 1997 5812 3349 2957 4399 6869 8107 563 3371 4673 614 3387 4705 3390 2030 8110 7064 3396 8106 2046 3315 2054 4545 545 3376 615 7046 625 5938 5944 4717 7063 582 4686 464 3410 5947 4700 7087 3423 3426 8027 609 5954 631 2080 571 650 486 8145 8094 4735 7101 5976 7109 2119 5970 8164 2118 5995 4764 7108 2133 2033 694 3335 4381 646 7074 5956 1733 2157 2113 5721 5943 2136 8153 2178 7098 3222 619 3429 6932 7103 634 2152 2096 3506 3375 659 4544 632 746 7183 2139 8101 3511 4829 8226 2055 7162 5994 2105 4626 4837 3549 4682 2116 4762 2234 6066 2199 770 2108 4768 801 6004 7205 2082 3449 762 4734 3299 2170 6059 2069 5981 3479 4590 3211 3354 4904 673 3593 3495 680 7207 4606 3350 8252 637 2192 5895 4873 3450 4560 4729 2201 8295 2264 2236 4939 8159 2235 5929 425 2138 4951 4948 3637 6180 6168 4776 5993 3609 7152 8320 5919 8321 6130 7242 477 3435 6166 2292 6158 732 8223 2286 2014 2005 3328 3306 7300 5892 559 3588 3561 931 3626 827 4969 3595 2293 5923 6930 955 6033 960 958 7313 787 8368 7342 976 5024 3717 2328 4996 983 6255 8266 4955 3601 2408 7279 3748 727 3709 6189 8168 7233 4871 4757 8441 7037 5897 7408 3770 948 1056 3754 1953 2414 6067 1067 5026 3807 1028 4770 7420 1057 2491 4778 5082 5935 2490 8458 2038 3736 485 987 688 5007 2499 7449 1077 550 5949 6325 7453 7437 7014 8468 6329 6316 5141 3836 7220 2495 6337 4867 2524 2424 7435 7213 7392 7104 3443 3861 8469 6294 5106 7430 874 3684 6322 3788 2505 6332 8434 1130 1128 3851 3463 5117 7094 4945 2535 1123 2537 5169 1941 5153 5178 2541 5161 5901 3488 5170 1014 5151 1053 5166 7478 5173 3820 5181 5063 3877 1105 5060 1126 1146 7462 2520 8481 6362 6058 7020 664 1145 4843 7115 7484 4712 4781 1160 5190 1150 2560 8503 5189 2553 5982 1170 8496 2562 8501 2035 8299 3847 2571 2572 5197 867 1175 1086 1181 3911 1184 3915 5199 6235 1102 1192 7500 2583 4694 651 6360 5192 5212 2584 2573 1186 1187 6359 5001 4752 3646 1113 1207 3944 6390 2632 1258 5185 6402 1285 1155 3992 8590 3928 5179 7446 2709 2710 7599 2754 8640 4071 2532 1378 6101 5961 1078 1988 2969 4523 1904 3238 2095 5986 4870 3597 503 509 7122 2381 3233 1960 5989 6209 476 6117 672 1107 6082 5211
3210 4308 5545 5557 6782 145 3053 252 6831 1738 7908 2967 4476 6878 7927 351 4322 1742 1843 4500 4534 369 5795 7999 1676 8002 6836 3202 5804 1562 5534 6688 3206 5831 6977 5525 1911 1916 506 491 4483 5848 6962 3257 1948 4637 1846 3356 8090 1959 606 619 3392 623 634 7097 5851 8136 380 631 2029 4732 2123 2133 4727 2137 8163 7057 6066 5990 7212 872 3595 7328 3665 7342 3686 956 4777 5005 1003 733 3748 5110 2485 5125 5114 8174 576 2486 3287 8463 4704 3843 8466 5145 1086 8481 8335 3839 2414 6235 2572 7507 6422 1218 2750 8238 3446 4283 5966
3213 138 5557 6782 252 197 4407 6831 4483 7976 417 4534 8002 5772 1923 7801 8017 491 4484 5626 3392 635 3365 1916 670 724 4778 7162 616 2168 6066 4945 916 2175 7328 2373 5022 2381 6235 3595 5024 8223 5007 8136 3653 8441 5088 7447 5125 2521 1086 8335 5173 5169 3839 6361 4821 1169 3911 5199 3916 5210 2572 7491 7494 2483 7433 2588 7507 1213 4061 3962 2768 2782 6396 5211 7495 2124 4447 1677 6322 2496 6337 3357 3281 4694 1124 2510 1361 411 6255 6054 1176 5553 6369 3910 7259 7122 1181 4705 4292 333 8062 2558
3217 5557 5623 5795 491 3295 1959 3317 3392 2035 7059 6013 2118 4870 2215 4943 2158 6206 7063 3560 3684 3837 1086 3839 5178 6209 3879 1145 3631 2562 3373 7490 5221 3944 2606 1218 3966 8576 3997 4785 7494 2712 6515 1344 1689 5659 5636 103 619
3218 122 5570 4341 5623 1664 6782 7903 6799 1735 1761 292 311 347 341 6831 4483 1594 1822 81 4534 6927 2995 321 3249 4573 4578 4480 491 509 6962 7804 7017 8073 3317 4407 554 85 5520 1990 116 4665 4666 591 8093 2032 606 3392 5891 1937 3202 3036 348 4764 2119 5996 5995 2164 4787 1742 7184 2205 2223 8236 2217 8249 4862 3556 3571 8166 7164 3205 872 3425 826 939 940 8363 965 2095 6255 7178 7341 1825 5082 5114 3857 5178 1113 1160 3899 1153 3904 2569 7500 7499 1192 5211 2403 5935 7507 2591 5141 1212 1094 2630 2680 2504 5280 7590 4061 6511 1336 2750 2768 5341 4104 4135 2089 1874 6679 7130 2070 1861 4300 6049
3219 122 5557 1742 5558 4534 491 1916 8084 3375 3317 3392 5125 1086 6235
3221 122 2949 6831 7801 1784 5719 5721 252 417 3050 5795 4534 1742 6962 491 3317 6782 8084 1824 616 2133 3435 3392 7153 3862 5161 3839 7507 5341
3224 6782 5613 252 6831 1742 122 5557 6962 491 8002 5869 3317 3392 4771 5900 461 6991 1086 7507
3228 4332 122 1671 167 252 4296 3052 7908 7981 4537 4483 1558 7017 6954 4542 8053 586 6989 3787 5125 3811 3823 2136 5178 1086 7507 2750 4811 7800 4708
3229 122 252 4483 1843 6962 8002 7894 491 3317 5891 6235 1086 5125 7507
3230 148 1562 170 116 4309 7801 4328 134 5613 138 215 4274 6703 6782 1646 5636 5557 5607 168 145 1748 4432 4448 1689 3122 5741 1771 106 7907 3023 6813 7955 4463 4311 7936 213 5572 1830 1812 5521 3198 324 252 5759 6907 5769 7908 4476 5634 4351 6831 1850 1594 3213 8003 432 265 1742 3234 1840 5795 7983 4483 1878 3050 4537 8002 5839 3069 8009 1887 491 3256 6724 122 1911 4534 1959 4592 5626 7009 4399 1999 4653 197 417 6962 3313 3328 2005 4652 1784 3295 585 3317 429 8090 5804 4708 563 8084 4545 4484 635 2029 649 5942 650 5970 3357 8145 7097 3426 5834 7093 1796 455 4771 7084 7153 6054 3410 8163 3359 4763 699 4767 7127 3257 3440 4811 4761 7101 4768 4622 3053 2137 3595 6206 8221 7188 3392 3371 2034 5848 2373 1048 3435 6325 5087 7430 2485 2443 7091 6315 6113 5990 8463 6323 8436 1107 3833 1105 8466 5124 3862 5161 5155 8200 3853 1146 3888 5081 3911 2572 1184 2562 2403 7507 1212 1187 2583 1094 5088 1213 2649 4001 7572 4071 5125 2754 1086 8335 1056 7782 2949
3236 4275 1608 2940 6716 1593 2969 5519 2944 2979 122 252 7801 5557 7908 6703 6909 1843 417 5769 1742 4330 5804 7785 4534 170 5834 1778 5772 6962 3198 5795 5790 4399 1830 523 4661 8019 197 1916 4508 1923 132 3329 635 7058 2091 1973 1970 7020 2104 7130 5950 4673 687 8002 2215 491 3299 3392 6206 2358 6235 3717 6189 4569 4826 7212 876 2328 8412 5927 1825 1951 7279 2001 3748 3394 1003 7153 5115 4945 5125 3317 1086 2373 3839 3862 7188 3810 8335 2572 2581 5205 7507 1207 1300 5686 4535 6943 4483 8295 6831
3242 122 252 4463 7912 1733 3073 4483 5557 8002 6943 1857 491 520 524 5890 2947 2005 5860 3392 2109 1858 4534 4771 4639 8165 4865 6105 8252 8275 7033 2293 3304 5141 5125 3788 531 5145 3890 1160 8500 5190 2568 1170 3897 1086 3930 7483 3933 7507 1207 7525 1212 5298 6474 2724 4061 1378 6551 5341 4849 635 3222 3432 1273
3247 6782 111 6831 4534 122 491 4483 3392 5022 8640
3249 4281 7904 3055 6861 6782 122 5557 6771 5541 1843 7982 4534 1629 8002 4483 7801 5805 3206 6730 3004 4439 5570 7818 5824 252 2969 6831 487 1544 6964 5848 4601 3290 1856 6819 5870 523 7985 3317 508 3320 4643 7903 8084 6723 1992 3359 1972 1587 2030 387 7980 554 5952 7088 659 8135 3328 565 629 8130 651 2133 8145 3357 3524 1945 3392 7188 2265 8245 615 4696 7153 724 760 6885 7264 6108 7986 1003 5885 4699 746 8166 8335 5993 7298 3788 5125 1105 1086 705 3839 7471 1101 2547 3865 665 8223 2539 8458 863 5138 6367 2572 6235 7507 1196 4001 2750 7945 5798
3250 5580 138 5557 6782 252 3092 4483 3198 5769 4534 5790 5795 3034 5634 1923 122 4399 1943 7785 3313 3321 4686 8107 8084 3392 3317 3593 3683 841 8329 484 4825 2373 981 1048 1105 4945 5170 5206 2572 6235 1177 7420 7504 5221 5341 297
3251 1784 6831 8174 7507 252 4483 4534 1086 3295 491 3317 3392 122
3252 6711 170 7823 1562 1671 1670 4407 4274 6831 252 1742 122 3065 343 5755 182 4338 1843 7837 6782 5713 1830 418 5699 8002 6796 4548 4534 6703 3254 480 5535 3264 3271 491 489 1916 515 458 7017 5867 1919 4559 4609 486 3317 5883 5880 8084 556 7026 3329 490 2005 2013 602 535 472 3348 8110 511 5804 4659 5848 8016 4679 5649 4708 573 5951 7093 7882 5769 4761 2137 616 3286 3511 6066 8207 7140 7188 3276 829 5772 3259 759 8216 4821 7242 3593 3570 5890 3379 3709 549 3594 4678 8458 2496 2483 1086 3461 6329 5115 5974 1081 8474 3826 5961 8335 3820 8500 8501 7489 7507 7525 1213 688 1258 4001 1285 1181 4061 8640 3588 4135
3253 6782 6831 4483 1742 7998 8002 4534 5557 122 1887 491 8012 1679 3317 7008 8084 3392 7017 4799 8393 2168 981 2373 5103 1101 3811 2511 3839 5169 8335 8467 8503 2572 2649 8576 6441 5255 8580 2671 1086 4104 4574
3259 4288 7801 3033 4328 4317 6782 6744 114 2980 1669 3138 4483 1804 1742 6755 6711 6796 5759 7978 3071 6904 1843 7917 3150 3205 8002 4480 168 148 5557 2963 4311 2950 4556 5537 5535 5769 6962 4338 5821 5527 3107 461 3255 480 1914 6929 1916 1923 6976 3260 502 5837 3037 435 3287 475 503 3295 3281 1886 8070 3300 1953 3317 7013 3315 508 4637 1874 5534 571 4643 3342 255 1610 7796 1987 7048 5860 8073 2039 7060 6909 5714 1761 4708 1938 5870 607 545 5770 3370 7056 5966 5901 2045 8127 3442 5982 3446 8149 8116 7082 5936 694 2125 6006 4792 6952 7059 3498 7162 8017 759 7055 3549 4870 650 769 3394 2135 3529 714 3443 6017 4904 3587 4575 3571 814 2199 6945 3507 2073 4939 6039 634 8227 4948 2215 3595 6030 8355 5007 3626 3654 677 5024 2341 1973 6082 7356 2414 8393 3748 7298 3684 6249 8131 5865 3686 3461 4606 516 3431 5959 3787 3728 680 818 7037 3405 3594 5087 2182 1028 2015 5110 5060 4585 8452 5088 5114 8458 2443 4613 5130 6294 2154 3788 7011 2061 1092 5125 2487 2171 6325 2088 3765 3823 3303 7453 700 1105 6315 3819 8466 2496 6329 3837 2342 5155 8153 3862 2544 5178 5049 5170 683 1135 7462 6359 1146 3880 5161 7475 1145 5185 1133 1153 5082 2538 2559 1144 2068 3891 3897 2521 5124 7489 8500 2568 8502 5179 5199 1176 1186 7499 5192 1184 2403 2573 2586 6390 951 7497 8515 3893 6422 2606 3955 1218 3969 2671 4001 2672 1285 3992 1300 5298 1336 4061 1361 2754 2782 6314 303 472 454
3262 122 4322 138 1646 1610 5540 3040 4392 4327 202 7870 1689 5634 5607 211 3062 252 4340 6813 145 4429 3058 1738 1748 1735 7907 7850 3098 4439 165 4463 303 3138 3088 5551 4448 347 5741 316 6861 7882 5632 332 4476 5742 188 213 348 3176 1812 5727 1804 3150 4373 1670 6907 4330 6920 2944 4520 4516 136 7934 7838 3206 1850 6937 3190 351 7981 5790 4480 4525 6929 4558 1544 4543 7991 1887 1827 8031 3154 5821 8034 1742 1872 6954 3254 1911 4586 1909 483 3228 420 1923 1916 491 453 4597 511 1919 5848 6946 3240 4589 4568 4399 3283 4587 7785 5843 1942 3300 1796 5850 5874 6957 132 8073 1932 381 3198 3318 1964 3257 5797 1946 527 1975 451 1914 4484 461 1893 4632 8077 3317 3312 1980 566 3303 522 4613 7019 1992 5888 197 5870 4639 4291 2990 5557 1581 2940 5535 3342 4663 4283 3281 512 1578 337 3340 2949 565 7039 4531 116 591 5906 2979 581 2001 7821 3353 5823 2020 3369 601 607 571 606 3293 5896 1875 1943 1971 4708 3290 3363 2018 2047 3331 5942 613 5895 611 2036 4699 2072 2078 5945 3405 5825 5952 5734 2035 2076 6868 3319 649 3282 636 5966 5861 5914 3401 8088 3422 7025 1938 2015 5975 8149 3379 1951 2119 7082 7058 2133 6001 604 627 2109 673 5982 7060 2079 3425 8083 6015 4799 6007 6003 707 4792 662 2157 5766 8130 674 7153 6010 2178 2137 7162 5943 663 8082 6013 2152 6072 7093 759 7193 711 6011 3526 8216 6037 5911 4843 2055 3549 4535 2170 2208 5921 3569 7217 769 8116 7130 3470 735 4866 801 2234 2158 661 8245 5988 4904 2276 2281 7264 3593 727 410 3630 8233 7328 3595 6130 8169 7159 2328 3541 2293 4943 3626 785 7242 2331 7345 7313 670 8076 5005 971 6240 900 8393 680 6215 780 3752 2424 6189 3601 3754 6105 700 753 667 5032 8442 6113 1960 3787 6117 7407 609 3783 2443 2427 7430 1028 2485 2479 8397 3378 2160 2129 5075 1053 454 5063 6265 6167 8468 3826 6334 6306 2361 3841 3811 3839 2243 6329 7092 714 3853 5154 718 6000 3857 8466 8221 3862 3765 1096 2238 3856 3833 5124 5170 6349 8335 3859 3871 3858 2547 6206 3879 7136 1135 6271 2068 2553 3810 3814 5190 1160 6367 1162 8500 3907 1157 8484 3911 3916 3901 2491 2403 2580 1106 8492 2584 6382 5212 3653 2573 1200 7507 3915 5172 2585 5117 1155 3944 2606 1204 7446 8501 2567 7453 8543 5164 981 7590 3962 4951 6474 1213 4945 2586 1262 2754 4061 4095 1344 4135 5356 1172 2768 4785 5138 4537 7986 514 4590 1086 3636 1146
3263 6782 3069 4483 1778 6907 5720 8002 8027 6711 252 1889 3250 6962 491 3392 2035 3389 3404 3317 605 3313 4546 2230 3718 4963 8439 8434 3862 7188 5178 1201 7507 2768
3265 6741 1616 6730 6682 1578 167 5572 5613 6782 1658 3033 5634 1701 3092 7903 292 5689 7926 1748 298 7922 4476 6755 5719 132 120 4448 312 1618 3102 5706 361 7976 373 4283 1804 6711 6907 1724 3198 7982 1843 4439 1850 4528 1770 7999 4275 7991 6947 1856 6943 6936 4442 4484 6703 7831 6819 2959 4537 1867 5636 432 411 369 1562 4548 5799 7804 5795 3219 8002 8025 4549 239 3241 3208 8029 3206 6963 5527 4560 3232 3258 480 472 7838 6939 8034 6968 5824 6753 5834 333 5830 5831 483 4546 1911 1873 1893 5809 5769 1892 469 4351 6964 5722 3222 4563 1586 5727 3264 425 3069 4597 1608 7852 1612 343 5851 7801 1587 3168 5607 1558 348 236 1677 1628 4583 170 4601 491 1937 6995 4332 503 3062 511 4399 7945 3053 3122 116 1928 4610 4531 1901 3294 3290 5869 527 1943 1947 5859 1948 3286 518 1676 1957 531 1959 3224 6987 1742 6870 523 3300 7014 8019 1610 5848 1964 1966 556 508 1916 3315 5870 5881 7016 1971 2995 6932 7009 551 4641 4643 8048 1972 512 4630 4651 4653 7022 574 5884 3295 573 197 490 7995 4666 5895 484 5521 1984 1987 3340 7908 3349 5699 2970 6956 1975 1710 1997 6957 4640 7822 8089 3359 7048 533 1962 5752 6793 3348 1778 5901 465 608 4697 2001 1941 6716 6789 585 1960 614 7026 8003 3375 414 2977 8112 5766 7034 4689 3225 3371 2949 2026 3396 8110 5904 3388 5921 3252 3376 3400 2045 558 530 5942 440 3011 8084 4673 613 3328 605 5798 7082 4724 5914 8127 2035 4735 5929 3416 4542 5734 636 6979 627 8042 2017 5825 6981 7097 7057 604 6961 3401 2096 3429 1836 4716 5911 7109 2130 673 3435 4761 4605 694 8163 2133 2136 6004 6003 2109 4741 3460 8107 5956 5989 2125 2105 5990 8177 7153 714 3425 699 8050 4792 5888 2170 7183 759 8179 5976 7193 4837 8223 756 735 8097 746 4829 7203 2234 7159 3556 4725 2097 2236 3479 8184 8245 8204 760 2137 3448 5986 661 7230 2276 2281 2265 7220 4878 4870 3259 8017 4821 6117 6067 8221 6185 7164 3587 888 7279 3560 8174 7174 3595 2202 4622 4943 4895 7283 6012 8329 3609 718 4811 7320 7059 3597 3391 7328 7342 5038 3541 908 2175 5020 956 2373 2381 3709 8396 7037 1003 4480 3257 2414 3748 696 7233 8131 6249 8252 637 8439 7408 8139 8384 1016 3787 1045 3750 5114 8436 8412 3601 2192 6066 568 2036 8236 1965 2108 8120 7402 654 559 7430 1020 7264 936 3728 5935 780 3765 5088 8468 549 2029 1107 6316 8474 1072 3847 5145 8088 7107 3811 3841 3463 6305 5153 5124 6206 2341 3446 4945 8466 8478 3862 8475 2495 3487 5161 7213 2513 3843 5170 5169 3871 5049 4785 6341 5178 1135 5173 1119 6359 7188 2548 1112 3865 2535 645 1151 3883 6363 6000 5179 1160 6360 5189 3511 8503 3885 6344 8501 2572 2562 2576 3887 1177 1182 5199 1196 1147 1191 7491 3888 3915 1165 8335 3933 1193 3810 1146 5141 2558 3913 5966 1221 6402 5220 3893 6422 6387 7552 2504 6441 8484 2606 2672 4001 1300 1310 3928 7590 1203 2754 1344 1086 3992 7300 8144 4959 8101 1141 3686 6329 1081 1744 4535 7162 5125 1846 3440 2243 3468 4948 1996
3266 252 6779 4483 7850 4534 7908 1742 6962 1545 5848 6782 3392 1898 1916 4829 3529 4768 666 2373 971 5125 4945 2547 5169 2414 7459 8335 6339 1086 3901 6235 7507 2632 3893 3966 1094 4997 7572
3273 148 4311 134 7883 5504 6790 4399 197 4330 5520 1742 7896 7976 6831 6909 5721 5772 7936 1843 1840 6703 5758 7983 5759 4528 7999 6907 1629 2949 3053 7908 8007 5570 252 4534 316 122 3062 6736 5790 1879 4274 6784 6711 5835 414 8002 1911 1857 3252 484 6782 491 1923 506 3069 5557 2959 7982 1647 6929 116 7981 1892 4607 3294 1778 1947 3317 523 1916 572 1990 5896 581 585 6976 3348 425 5895 3371 5914 607 8107 8110 605 2028 4716 483 4484 2018 1943 3404 7033 7097 2077 5970 6943 5956 4712 2070 2104 3246 8156 2137 464 4792 6945 7162 7181 2175 7084 2136 7203 3595 4948 666 7264 3392 931 2215 6039 7328 7242 2373 6166 8221 7313 4825 8275 829 7945 3570 8314 850 3684 7356 2364 718 2489 7094 6325 1092 1102 5148 8474 1107 4704 3862 5155 1129 2534 3833 1072 1135 3487 5170 5125 8500 7490 1146 3901 2572 867 3491 3916 1186 2581 1184 2584 3911 1218 5220 2611 4912 1056 6387 4001 7572 2754 4322
3274 6703 5557 3021 170 3033 5634 6782 3053 252 122 6831 7908 7976 7982 402 4484 1846 3069 1742 410 4534 7985 491 1923 6962 5848 4399 5869 1959 5626 1562 7801 6698 2949 417 5804 4708 635 8136 4483 5989 7127 2133 677 2137 7153 4829 3392 2265 7328 6117 736 3820 3853 1086 8335 5125 3888 1146 4945 8084 7490 455 94 3317 3487
3275 3098 6782 252 4480 1742 1775 5727 5772 3065 107 8023 6962 491 3317 5854 8107 3392 7088 2133 8184 5873 5125 1096 1086 5161 7572
3276 1608 7803 5558 170 1629 5532 5535 2969 176 113 4317 7877 3049 7890 6813 1689 7904 3036 7922 3126 1639 7801 6703 2944 2959 5519 3138 4537 5557 138 6782 122 5769 3053 2949 5634 5795 5804 1863 3150 213 8026 5553 6962 252 4370 3254 8007 1882 1911 506 491 447 5758 1541 5848 503 511 4605 4543 520 297 4597 4399 5534 7010 3252 5869 5805 1843 1646 5847 4600 6976 1923 4649 3320 4655 197 577 2974 1964 2979 422 3356 591 596 8107 3317 3403 5937 8124 4708 644 2015 3373 3311 2109 402 7908 2133 687 6831 4829 7188 7165 8002 3167 3593 3595 872 2158 2243 8321 4959 7328 8329 4484 976 3379 501 7294 8412 6206 5819 7055 6262 7443 6294 7407 7459 2373 4945 3295 8466 3850 3862 3819 5125 3839 4895 1146 2562 3911 2572 1086 6235 8335 7507 5146 1213 2626 3975 2649 2674 7572 6515 2754 4061 5211
3277 6831 1742 4483 4534 122 8008 3050 480 6744 6782 252 491 6962 1874 440 4683 8110 613 3317 2202 1916 2152 2168 7212 760 4708 818 8238 4948 4992 4870 6235 4878 7116 4865 1959 2373 2489 5125 3811 3827 3425 4945 3524 2572 5205 5199 1184 5989 6422 2624 4001 7572 2750 2754 2088
3278 138 170 4309 5549 1616 182 6782 2969 3052 5632 6771 5634 6790 210 5572 5570 165 3073 252 236 5626 197 3092 5557 5693 1689 4463 288 3138 7934 5705 7955 324 346 5719 6831 6711 343 3173 1562 4373 7976 7941 6909 4430 7980 7982 1843 402 3090 4508 1742 6718 1778 4526 1837 4528 6907 6744 168 4308 421 411 136 4484 3102 4398 1850 7999 5727 1775 3202 430 7927 6920 3234 8034 2995 5821 1878 5831 1879 1856 7790 454 5818 3232 3069 1911 3220 466 369 4584 132 198 7812 1558 5541 1541 484 2947 5848 122 506 1947 1943 7850 7945 1923 5869 541 3239 6716 7870 8027 555 5879 120 7016 1964 5809 556 7014 116 4520 5870 5759 1873 4537 6990 502 6946 3305 265 3313 269 8002 7033 7042 7036 505 5519 3050 486 8065 4661 3349 5534 3206 8089 3348 7896 1996 582 3328 3353 1586 7028 8025 4275 2001 1953 602 3246 5795 1938 8029 5952 649 3426 5770 4629 2083 632 7097 4743 3331 5959 4758 8136 5856 7088 7074 3425 8106 3440 4568 618 5772 4741 500 106 2109 3375 2111 5974 4483 546 673 2130 8156 6976 4721 2118 2104 2077 8145 3404 7995 5798 6006 3317 4534 1863 4546 7153 8017 8144 687 8107 3443 563 759 3391 700 3513 1676 4811 6072 5943 3529 4837 699 756 8220 2066 717 1887 8226 3549 2199 3299 7205 8223 616 770 3392 2201 5973 7882 489 638 3479 3530 8245 8252 3556 7051 2168 820 3593 6166 7188 458 4545 4560 2136 4865 5993 4959 3595 3664 6013 931 8005 5895 2364 7328 558 3686 818 6235 7283 4963 4870 6185 981 3709 1988 1908 7029 7356 6207 4821 6249 4708 3560 2419 3787 3658 2381 3684 485 3357 5989 6209 7404 5087 6962 493 1048 5110 1072 3813 4694 7149 7091 2489 8155 490 2490 2373 2292 3240 650 4867 6322 7430 4622 2486 3811 2015 1107 3841 5114 3820 6067 6206 5138 5820 8474 1092 3321 705 3765 3378 3826 3827 5961 6323 7094 1086 7392 607 5155 2495 8335 7437 3839 4757 1096 3819 2513 8275 1101 5125 4704 3276 6332 5161 8466 5178 5169 5170 4945 3853 6306 4785 1100 8458 3589 2521 3858 2117 7086 7483 3885 8484 7507 1194 1207 2606 1203 3910 6390 8590 2708 4061 5210 6387
3279 4328 1761 316 3138 7982 1850 6782 5809 3053 122 3234 5798 5831 103 1558 3050 8034 348 8038 6682 5805 3239 213 1840 5799 5632 8031 1911 7882 487 483 7917 4309 6954 1616 480 1886 3255 1878 5839 7983 1836 6993 3225 1744 502 475 500 3062 5853 5821 4399 252 503 3220 520 5869 1958 351 2995 5837 8003 265 6964 5835 1812 3252 458 5848 506 491 489 4526 5881 5521 1676 4605 6987 4651 7013 7023 1999 5899 6946 1972 442 4687 3371 8118 625 8084 1916 6831 5996 5995 6001 4792 7108 3300 5982 7097 6013 7995 6979 4607 4322 565 7164 4613 7184 3317 4534 1742 8002 6962 7222 8321 3392 6255 1003 3626 2428 5087 8393 3388 3211 3818 6294 2483 472 7449 2414 5103 5083 1105 8458 5106 1107 1943 987 8474 2521 7094 601 5961 3853 5007 3833 582 4622 6329 7220 7153 8144 1113 7151 6082 1129 7470 8238 5161 5155 1101 5178 573 6000 6101 4725 7101 5173 5180 8481 2534 2341 7091 4870 3589 3839 7480 2553 632 8484 7489 1181 2581 1192 6399 7543 3962 2671 6441 1273 2750 1336 4135 696 3775 1086 4483 3069
3283 5580 252 6813 6831 165 5533 2969 380 3176 3168 1825 4448 5772 4500 1742 223 7790 4439 8002 491 1916 3317 8084 4695 3392 615 4792 6072 604 7193 3773 2403 1182 814 4912 1314 1193 1300 2687 5212 213 3572
3284 6813 4483 1742 7978 6967 3317 3228 5557 3330 4771 4799 2373 7059 4945 3295 1086 5144 8335 3880 5186 2572 5205 1177 3915 913 491
3286 4288 6793 1742 7837 4430 2963 4469 1744 5722 170 5557 6937 5529 6824 469 491 6980 3261 485 252 4483 3280 3225 7813 5795 6964 7986 512 555 3276 8084 3317 265 4592 8089 582 5894 3376 4641 2045 486 5854 6993 7063 631 7074 7088 7097 3393 4741 5960 7056 4678 4716 3337 3432 297 4724 7101 3440 5919 5981 2072 7193 770 2202 8177 6930 2136 756 2175 313 5860 7181 2135 3548 630 3211 931 2358 4849 2293 1048 3378 8329 2018 4565 5964 2495 6323 6322 3813 6315 1104 8242 680 8199 5082 1086 6351 5169 2541 7471 1193
3289 122 6782 6813 7850 3098 5526 6831 6789 4274 7908 3138 3053 5557 6703 8002 5839 5848 6962 1916 491 3317 8112 3392 8155 3427 8084 4721 5951 2137 6206 3371 2373 7184 8397 4945 8473 3862 8335 1086 2572 6235 7507 7552 4104
3292 2992 134 138 6703 5607 1646 207 4370 3052 3033 204 6777 182 4327 201 6790 6730 6824 4309 280 7922 7926 5741 132 7908 6826 1628 6831 1784 6909 4535 417 422 265 6942 5626 360 4528 3226 1840 3071 455 4549 8002 3069 8031 6968 3234 1911 3259 4591 2959 170 3251 4610 1567 506 6711 4399 252 5795 520 6782 8038 2949 527 1966 3050 4330 6964 5820 3349 3260 7019 6990 5906 4643 1923 8107 8110 5790 5904 5873 4633 4665 2035 4708 3390 635 3423 7097 3253 8012 7109 5982 4594 2037 3440 2074 2108 2015 5928 4792 5891 2133 3425 662 8029 565 3269 2033 7008 4311 666 4689 5706 6976 1941 476 2032 5848 8083 1742 7184 756 7165 6006 2118 3485 4862 6090 8131 4573 6113 605 8153 3030 558 3513 3468 659 490 2168 6962 8200 2170 3532 8211 764 7240 4556 3595 7059 751 3388 4719 1887 3439 2066 4943 873 7300 7153 4534 7140 7188 6206 8221 3487 3305 7365 8252 974 6000 987 8345 7392 8393 4829 8436 2136 7356 3729 5989 3597 8458 5106 1105 3837 1107 6305 1072 4951 4704 3850 5125 1119 3862 1081 8450 8466 5161 6066 3855 5178 3875 1144 3448 1146 1154 3880 5169 8335 6105 8484 3888 2562 3911 1086 6151 2572 3916 8475 2576 1169 1184 5206 951 2585 1201 6390 7507 1204 1213 2593 6422 2649 3966 8576 2670 4001 4061 1336 2712 6235 4945 351 122 5634 3053 197 2129 491
3294 148 7823 170 3030 1675 1676 5634 3053 5632 6790 4291 6813 6831 7917 1742 4469 5557 4275 1541 5549 122 138 1565 1583 6718 134 4317 6711 7978 7976 2957 380 348 6782 5772 381 295 1827 5766 6934 409 1836 417 4534 4535 7998 8002 145 2976 8005 1770 1840 4529 3176 6869 7785 8026 7995 6789 335 1771 5706 1875 1878 215 211 1887 5790 460 3228 5821 4447 8034 5572 4547 5521 4569 5831 6962 1886 4330 1748 252 3254 479 1911 3261 455 3232 3260 483 1909 1921 1923 6964 4592 1784 3239 489 502 5839 421 475 5804 6936 4584 4609 4399 1943 520 1947 5869 1594 1959 4483 1916 7017 3240 3317 3314 4531 1965 5862 1971 7024 505 1990 486 556 5659 571 3342 3340 8089 2967 4681 7048 3310 8003 6981 5534 5916 3348 4659 3371 5853 4526 4691 585 6957 3392 1953 2035 4652 3375 3357 3396 8106 7013 3325 605 1958 5895 4664 6978 623 1975 4708 3347 2036 635 1928 4639 5904 8129 5937 5952 3422 4702 1992 8135 7088 453 4694 3423 8090 4653 3327 7097 7993 5896 1988 3331 7056 7071 4626 4743 7101 4624 3404 7064 3440 3400 5986 6961 3305 7084 672 4771 4622 533 2133 7127 2137 8166 2151 8177 707 6013 673 677 8017 4768 4712 3479 5964 5943 3446 7183 7162 7118 7158 2178 4811 4829 3511 2166 8221 8226 3524 7181 770 6006 6066 2175 6017 2154 2074 3569 8199 4821 8197 6113 4778 2238 3593 3513 3517 4715 8130 3530 3430 717 8245 3631 2129 8314 7112 6101 3570 6171 572 4610 7300 2108 3370 931 5990 3618 2215 4992 6150 4775 7328 5001 6953 7188 7014 2002 2364 3709 7094 814 3684 1003 2341 3646 6000 3748 2029 5848 8439 6249 1028 4678 1048 8295 5087 7404 5985 2398 2202 2418 956 3818 1067 493 3819 1057 631 3461 3425 2152 4761 2030 8457 458 7449 2499 5976 2490 841 6281 3474 6294 5103 518 3788 1082 3373 6310 2486 7220 1087 4675 3729 3837 2483 4933 5106 7036 1092 3820 6337 3832 3827 2518 2416 4601 2513 3487 3276 5007 1113 5153 8463 5145 3841 1053 2521 6316 5063 3321 3862 1126 5155 4697 5902 5989 1086 3401 1101 8475 8372 6338 8116 2443 2538 6345 7453 5170 6351 6329 3852 2541 7478 5166 5178 3859 5169 5172 6359 2539 3858 1149 1135 8466 1146 7057 3879 5184 1151 6362 2551 6367 3839 3904 3900 5961 8502 8503 1141 7490 7409 3901 2572 1184 5199 5205 1182 1196 8515 7497 6387 5192 1144 8501 2089 2611 5220 2626 7543 2624 3955 3893 2649 1213 8576 1300 1301 2708 2712 5315 4061 2750 8640 4104 465 2687 4556 3295 1954 7312 549 7176 700 5966 431
3300 148 4322 3021 167 145 6771 3049 4407 7870 6782 6831 7917 1562 7980 3092 3150 7850 7998 3073 442 411 1867 3190 7991 1827 5818 3238 3234 1889 6939 1856 3050 5837 265 7896 1900 487 1796 3255 3282 269 6884 444 5803 4500 5519 3090 4319 2959 170 122 6962 252 4534 491 1911 1916 506 4447 1612 1955 3317 6964 5867 7014 5543 8084 4630 5769 4651 548 5903 3348 5895 575 5914 7037 563 4560 1933 3387 3396 8083 7936 4710 2137 2113 8133 2084 8220 1894 6130 7172 5933 6048 4775 2129 2281 4948 3666 651 801 5825 4755 6183 2234 3631 4675 8146 8355 2373 6325 3479 4953 8468 6334 2489 3626 5136 3820 1072 2443 5125 1101 3839 8335 2424 2510 2526 3854 7409 1144 2068 5049 1086 3873 3859 3910 6235 7507 2572 4001 2580 2672 6271 8590 6474 5315 8640 2754 4104 2750 6511 8645 1344 2687 5364 7590 5734 7179 455 8164 1285 198 6961 696 113 1975 604 2712 645 2969 3281 2243 2154 848 3225 4592 3513 7489 8238 4870 5824 981 1300 1304 3391 2131
3302 6741 4319 4311 3020 4291 1576 7822 1614 7871 2969 5553 137 5521 1646 1671 6767 4309 228 5654 1586 1702 7796 6782 3033 5686 1733 239 7917 1689 1666 5648 3092 211 6784 311 5711 4463 1724 323 1767 1744 7926 1647 4373 1616 1784 5632 3071 4400 7782 332 4271 6885 6684 5742 4448 7907 213 368 6904 3169 1843 6718 4286 1558 1541 6934 373 7838 4480 4274 1742 1771 1637 3204 6860 7882 3004 4466 1850 81 4526 3050 1748 3162 303 4529 4500 6947 3202 106 1770 5818 5759 1869 8016 4534 5659 3053 1812 1863 5805 1874 387 7991 1878 425 8027 8025 460 474 3222 1837 4442 466 3241 3236 4578 4575 3254 1895 1901 4551 5837 1894 8031 3255 5769 269 1907 3231 4569 1658 4559 7785 480 3282 6932 506 3261 458 8015 502 1827 3198 1937 471 3280 1942 478 5855 4583 443 5848 8002 417 3212 3251 520 461 5869 4351 534 1954 5859 1908 5874 518 542 6995 524 6993 431 484 555 554 8076 3065 1970 5766 321 1973 5839 5790 1955 3281 5722 1953 3294 5830 7034 563 5883 3311 1610 3314 5719 4651 565 197 568 5870 4666 2944 1972 8042 8073 581 5880 4296 2947 3359 7983 1980 101 94 1935 4304 6711 5906 4683 3317 4623 1587 5532 8093 6976 7041 8107 2020 8118 577 3363 2054 5885 614 3371 3269 601 533 2013 6779 7001 1959 625 5860 3396 1860 103 8112 1984 3354 6991 4417 4673 3337 564 3417 491 5951 2085 4725 8086 5947 2018 7088 4740 605 2030 618 7081 7073 5895 4694 7046 2065 7059 3426 657 7018 3310 654 7074 613 576 4686 475 4732 4693 7086 4758 2006 3442 7880 4639 3348 7127 6972 7113 7933 6980 5956 5999 4763 2126 1996 3246 663 5843 7084 5989 2119 2138 7071 515 6006 3430 5902 2137 464 3482 4792 2155 3357 643 3468 6001 8147 3400 4665 2151 2136 7029 8157 3206 6015 3448 735 3460 6048 4829 7107 7162 6055 120 3176 8197 688 756 8092 2125 7188 3511 8216 4811 798 2217 3352 699 3257 3474 6059 440 8245 3587 2175 4895 2201 3528 667 2113 7140 717 4549 2120 3593 3603 3526 630 7116 650 3327 4653 2157 7181 820 8131 769 3483 711 2276 6108 6180 2265 700 4959 8177 3321 2215 6185 4778 7158 4622 8223 760 858 5933 5970 933 3658 7300 8320 2192 672 2135 8299 4948 976 2264 931 7345 5020 5024 5884 6186 619 4793 8204 955 943 7030 968 1003 3752 5038 6166 5026 874 8329 936 3783 6262 8412 4961 4624 3738 8442 3754 5981 8238 3410 8436 5082 7259 3601 3709 6067 2352 7407 7312 5110 3684 2028 2373 8275 3373 3276 3657 8450 2080 7115 5103 4995 3811 848 1965 4963 5007 6113 5820 2490 987 2443 2117 4775 4785 5115 7063 5130 2068 6151 5022 1988 1098 6306 2504 8474 2509 1105 2486 6337 6219 1112 7447 1102 2061 2513 6339 3837 3856 8466 8451 6323 7468 1086 1082 6344 2538 8335 3548 4945 1014 2544 3589 5178 8492 7480 5173 5181 1113 3859 8441 1074 2520 5180 6367 6341 5083 5189 3858 2553 1157 4955 2562 3902 3907 3901 5197 7490 1169 951 5179 7442 5146 1129 2518 2534 5205 3916 2580 1194 7497 1168 6209 5117 1196 5213 5185 714 8469 7507 3933 7491 2585 1176 3666 725 5220 1212 1038 1258 8511 6474 981 7594 1336 2593 5364 3909 7823 8136 5976 7108 687 709 615 132 3529 2262 7042 4919 2317 7032 4652 8396 6255 4641 3765 6720 5106 530 1109 8048 2959 3256 8036 4283 217 6819 7903 3609
3305 5557 2976 5580 4328 6782 3033 241 252 7907 2993 6831 134 4483 4322 1830 5790 4534 4546 6962 2995 7831 1744 116 6968 182 165 1911 1840 3219 5809 5843 1900 1916 5848 491 5867 1908 4542 520 7999 1962 3311 4566 573 7033 4666 2006 4476 4275 5520 7022 519 4633 1812 6790 1610 8077 496 543 511 3321 3290 3381 565 7882 5649 8107 475 585 3337 2051 3392 6929 3328 5944 202 380 5916 5734 2118 8145 660 4767 6001 2089 3440 643 5895 7114 699 3425 2096 6013 3376 3482 700 6054 3448 4732 1975 769 6055 7108 3162 2033 2126 6072 634 7159 2017 7023 8217 2260 7104 8144 6003 8101 931 5024 6235 943 3379 455 5870 1878 485 6206 1943 2018 4878 4535 4484 7091 3435 2381 5956 3729 7313 3787 2489 5114 8412 1045 8008 2487 1072 4738 3837 516 6345 1074 2560 2568 8503 4725 1177 5189 7507 3933 1200 1192 3770 3666 1207 2611 6422 2708 5298 6511 6515 2750 5341 6150 6703
3306 6782 1647 4483 4526 6831 3045 487 502 3255 4399 6962 8017 3317 7060 545 7019 5859 5951 372 4771 5896 8335 2428 1213
3308 2949 1583 1562 170 4328 6703 7813 5557 3062 6790 6716 5649 7837 122 5636 1748 6782 252 6796 7945 5753 6920 7981 3050 1863 4330 198 4546 3254 2995 5706 1916 458 3255 4483 1846 5804 7014 8016 3317 6979 5870 134 563 493 1873 6962 1923 8110 2029 2033 635 596 2006 5893 4641 5856 7087 694 2137 4534 4799 6235 1086 5178 7507
3309 6782 3062 252 215 5557 122 6831 479 491 5804 6962 4483 520 3310 3317 1916 1742 2020 611 2034 1973 8120 7058 4534 7074 3387 4768 8084 8147 7092 3479 7203 3392 4959 2331 2414 5125 1072 1105 3775 8110 5145 3529 7153 3839 5996 3589 6353 2511 6351 2544 1128 6349 3851 3808 4945 1101 8335 1086 6235 7507 8543 2708 5298
3311 252 1748 6831 4483 1742 4534 5804 1911 6782 3053 122 6703 1916 6711 6962 3257 4399 491 8002 523 8084 3317 8107 2029 3392 607 4537 6006 4829 3524 6066 2002 4945 2373 5170 6359 1086 6235 7507 2669
3314 122 6782 5626 252 353 1778 2949 417 4534 1846 1887 6703 506 1916 3295 1959 3317 4484 4330 3286 8093 2029 8084 8145 3440 2136 5989 8221 616 756 2168 2281 4948 4943 6235 7059 981 7162 3765 8466 5170 7188 2562 2373 7507 6422 2754 4061 1273 2572
3321 5557 3053 252 6831 4483 3168 1742 245 4534 6962 506 491 4613 122 8002 4696 3317 1916 3392 3556 2275 7309 3513 5024 4843 6017 2373 5994 1087 1086 1911 5125 4945 2549 573 3589 3879 5163 7507 2649 2750 4104
3324 5548 3011 6688 138 3053 202 2996 252 1616 5557 211 4446 7863 7926 2976 4483 1742 6779 6831 168 5572 4430 5551 1843 7801 7934 4534 3173 6918 1867 8003 1871 8002 8009 8012 5821 6963 444 1873 6962 3241 7882 1637 5806 3258 1911 8019 3069 5841 1916 1923 506 5848 4399 502 496 1866 4609 2969 3238 4544 1957 6957 3317 122 6782 1587 509 476 8084 1984 3359 608 8107 3392 4708 582 2029 8111 606 4712 2014 7114 610 3370 529 4768 2141 8163 5981 7153 2178 6072 3443 4862 4849 6856 2281 6026 3513 4865 8321 3572 3683 6206 4736 3476 2018 5020 3259 2373 3770 3589 5125 1020 4945 7459 1105 3871 5179 5186 5204 3916 5206 5007 8467 5213 785 7507 981 1086 7572 3910 1182 7483 4061 5341 2624 7036 549
3325 4328 4391 3021 298 5607 4463 6885 5634 6831 7782 239 1586 3150 1843 7907 5722 7880 1812 6736 1748 1778 1742 228 7934 1768 1850 409 211 1701 4309 3190 7993 5553 167 1771 3202 269 5790 3198 138 265 4534 3219 1775 3162 4536 361 7983 4483 3238 5795 1647 414 8034 3181 6977 5834 491 1784 506 252 3257 5853 475 122 7883 7785 5869 3213 5804 7017 3310 2969 523 1959 7016 3317 1985 8005 5870 2977 5850 6932 5521 575 3348 8089 7026 1987 3295 1997 3371 3392 4712 8107 7019 3404 649 2037 2077 7088 607 660 3425 3427 4653 2018 2131 4657 673 5989 2119 4792 8200 616 7140 8017 769 3529 4833 717 7217 7205 5895 756 3549 760 7212 3595 6166 2281 4811 3666 4945 4948 4943 8275 3487 3626 8335 4956 7158 5024 6209 8396 5083 1003 6054 1028 3292 2217 8441 780 6206 3818 7064 1960 1092 6323 6219 3684 3826 5063 1053 5178 5170 3401 1146 6367 8314 8502 1086 8481 1151 3891 797 8506 1184 2553 7490 2581 5211 7500 3930 5213 2584 7507 1094 1187 5199 7576 1105
3327 138 6771 6813 1748 4448 4476 1784 4484 380 400 1836 1742 417 1923 511 1886 1947 1943 6711 197 1987 5632 1562 3305 4666 8110 2029 3309 3373 7059 3410 4771 6001 3487 8200 6066 4811 6006 2202 7140 717 2215 5007 1105 6337 5961 5170 3888 1184 7507 1213 1169 3902 2649 2572 3839 4061 5885 122 7162 4945 2137 3317 6831 6703 582 4483 1086 491 4534 3392 1916
3328 5557 5613 6718 3053 252 122 1676 279 324 3190 213 3098 1742 6831 7785 2949 4274 430 8009 5790 5835 5798 5803 1887 4520 3261 6954 5839 506 6995 458 2969 198 4275 1916 6976 4549 7008 523 1830 1840 544 5851 5881 558 3317 3392 2091 7174 2119 4945 3419 3391 6235 2373 2398 4777 1105 2518 5148 680 5967 5163 3862 7479 8499 5990 4812 3886 3900 5193 3636 1144 2238 1300 2583
3332 3033 223 1742 252 443 5816 7996 5835 1901 6925 1837 5867 4504 3392 3381 8106 7059 5896 5888 5790 697 4768 2077 7188 7071 6782 7051 648 2111 2238 6993 2118 4597 3839 8335 5125 6402
3335 6782 252 122 4483 1846 4534 6831 6771 1887 5769 6962 491 7982 511 3371 4708 3317 3392 2133 6113 2047 3646 2276 7328 6235 2202 7212 7507 2649 3928 4001 5734
3337 1576 4413 1702 7890 4398 235 239 3064 3098 6799 1697 303 211 119 1767 324 5742 2949 380 1594 4373 2976 374 3205 396 4483 6920 410 4343 6947 333 442 5804 8020 5634 3234 5828 3181 1878 7896 454 3252 6939 443 6975 3053 3258 8031 3228 4351 5759 6878 3261 210 5596 1710 5541 1918 1565 5536 4493 6790 138 3138 5693 502 6868 5558 500 3292 3088 3274 167 8008 1937 4605 506 475 5540 81 6744 348 1954 4613 531 3309 4634 6819 4630 1928 8054 5881 2996 5721 1980 3320 572 7016 3330 3342 552 4666 3359 8091 1916 1984 4659 5884 575 2032 4694 2020 1988 4697 7061 2055 3392 3321 3383 5938 611 5942 8111 4738 2080 3393 2005 6907 7088 4743 6941 2030 8129 3387 7074 2072 594 3355 8145 4568 7101 7078 3325 4741 2104 2130 8156 4767 2123 8163 5995 2096 3377 5956 5914 662 699 8171 563 2073 697 7058 8101 2152 8179 7184 4703 6945 3483 2137 3514 6012 8127 6936 3401 3444 8249 632 2113 3517 2281 5994 3593 6157 6150 6026 4948 3572 863 2138 8321 873 2168 4775 6166 818 6202 992 8143 3752 3430 6207 7024 5986 6206 764 6185 3599 8442 7404 2364 8136 3246 2014 936 6013 7059 573 667 3588 8468 4794 2381 1105 760 3626 1057 5075 6066 3811 5961 3560 3819 1101 5124 8481 5161 3840 6349 2534 8335 1086 3827 5178 7094 5181 3548 1146 4725 7063 3813 5169 3839 6209 1113 3589 6367 3853 2483 3820 829 6359 6294 8500 8484 8501 3887 3890 5197 8502 6346 3885 3845 6344 1174 1181 5204 5125 5166 8469 1145 2576 3911 2568 8498 3591 5172 6360 3859 1169 2562 3915 7494 1184 3487 7489 7174 7499 1192 2581 7500 1056 7490 8511 3916 7480 1196 2573 3461 4945 8466 7188 2626 3966 6422 1213 2649 7572 4001 1304 1114 4061 6389 8396 549 4715 5110 7409 4308 7017 8144 6235 5929 2035
3341 122 138 6831 4483 6782 5557 7927 506 1916 4634 3317 3353 5903 7094 4652 5986 4862 321 8084 1803 2331 2373 8393 7172 7420 8458 1105 5125 5150 8335 3862 5169 1086 7188 2572 7494 7507 1218 6387 2624 2754 4610 170
3342 252 7904 6782 6831 4483 122 4528 491 7014 3317 2281 956 3392 1086 3872 7507
3348 122 1793 4483 3173 6831 252 6782 3232 1901 4448 1942 396 5879 2002 3290 3392 5891 630 606 4738 2120 8090 715 8148 2055 539 3485 2091 678 4811 4741 756 4945 4787 5148 7507 6441 1213 4001 6448 7576 3966 2672 2708 5966
3349 3011 4328 1647 4309 4381 6796 7896 6813 4398 4437 7922 5686 5534 170 7812 3035 4463 6831 252 122 5557 3044 3007 3138 5706 4476 4447 324 5634 4340 5753 1748 280 1778 4351 7893 5772 7991 7981 6934 4483 1846 373 1850 3168 3205 1827 6884 4330 5769 5795 417 1784 120 1840 4484 5790 3206 3219 7999 3198 4549 5699 2963 5541 239 4448 2947 2949 8003 316 6790 269 213 1567 4274 5519 4442 210 4529 4552 5819 455 3023 432 1745 228 5613 4537 4575 3255 6968 5834 485 1887 279 6929 6961 5632 7831 3062 6979 3257 1923 1857 5626 8039 3294 1908 518 520 1948 1957 8005 8034 1878 7838 1742 168 3299 8065 3305 3306 4610 4545 3286 1971 8073 563 7009 6693 4629 1987 1988 571 5901 465 5866 6748 581 5902 3369 3396 630 4710 4721 8136 616 4727 2029 4743 3379 1803 522 5890 3329 4771 7093 4666 8156 7013 5989 3435 4792 6006 707 7181 4811 2168 650 7205 8145 717 3426 7230 3595 2131 2281 4904 858 5935 4865 2201 3487 6206 4793 4757 7283 719 8275 769 2316 2055 3626 6209 7151 989 573 3569 2215 1003 841 4806 3646 8345 987 7404 1019 2035 2118 6082 8458 6294 2489 7454 3820 6315 3836 3837 1105 2414 7430 2521 8464 5161 8481 5178 1129 1096 2539 3548 1146 6305 6306 8466 3888 3811 1166 607 7149 2562 2581 5199 7491 7507 3911 8502 3916 8335 7480 2568 2580 1213 2238 8576 8590 7572 2687 3839 3827 2418 2750 8645 2754 7153 8199 3317 673 8084 8221 582 7213 4895 6962 3429 1882 4945 5848 3392
3351 3021 167 7863 6767 6784 3036 3065 3030 6826 4476 3102 5699 4483 7955 346 6881 1804 106 3190 1812 5769 6736 4526 6954 3050 1878 7982 414 6962 5521 5837 5799 3168 3198 1857 491 485 506 8057 1923 5534 425 6995 1886 1593 1671 6782 1916 1959 3317 8015 3313 1902 1971 252 4641 4657 551 4585 3329 4661 4629 3359 3361 4683 3239 5906 5843 5874 458 1996 8110 4679 7058 7055 8084 8112 3394 5927 4667 4694 3443 5766 3321 2018 421 3440 8221 759 6930 665 670 746 2281 3560 662 4833 717 3507 931 6209 8314 785 3684 987 3777 3813 5125 3847 3843 1086 1122 1053 7479 2544 2089 2549 8463 5170 8466 3871 8397 1168 1141 1115 8511 8515 2593 3992 6235 4135 3966 4637 3765 4945
3352 6782 6831 7775 4483 4534 3250 6962 491 122 252 506 500 5557 3317 531 5891 3392 2392 8335 1165 7507 3955 8576
3353 1608 4319 6730 1562 4318 148 7822 1598 3021 4341 1612 4311 5580 1646 2977 145 6776 3045 6771 1592 4392 6777 138 4309 6784 3033 215 7852 7894 235 5654 6790 7870 6736 152 239 3073 2996 3036 6818 3098 4447 1738 5634 5607 211 4442 4381 7922 4463 5711 7910 1750 3105 6744 7941 201 4374 1647 7936 6782 7907 4448 4308 7837 1793 7955 346 4480 4417 3154 5755 3102 343 4398 4471 6907 188 5753 1830 3053 1670 7927 1775 374 7838 6878 6884 7978 3169 7980 7970 3187 6856 6921 1658 5734 3205 1836 4529 4429 335 6925 5791 1850 7998 7934 4484 5632 7912 1637 136 1770 7996 7908 4322 3202 7831 5551 4528 6718 5649 4526 6943 6947 5705 1867 7991 3065 5797 3090 5799 442 1879 8023 5816 6937 8008 3234 3069 431 3238 8025 189 5818 4274 1581 2944 2943 7782 2963 1593 121 1583 4279 103 6703 122 4552 2949 7785 7807 3239 7800 5504 81 7813 7795 483 5834 111 3255 1887 6752 7801 3269 6968 1911 1697 5543 3050 491 3271 1901 8053 506 6992 5848 6986 511 8050 6993 3232 5853 5869 8042 7985 1908 5519 6995 4486 500 4296 5867 7983 1947 5861 1943 4596 4546 6964 4560 7999 5841 316 8020 4566 1958 3292 5706 269 493 7017 555 1932 4565 553 8077 5521 7016 3314 5752 4613 530 515 566 4649 523 5721 6981 4629 1906 5883 1974 567 4623 4651 7008 7022 4666 7042 3336 453 1971 6991 5843 4663 508 4275 1892 120 4659 568 3327 3307 337 7045 586 6831 8089 7048 1965 3290 2013 5891 5868 1861 2032 606 592 3371 4678 1916 3356 1614 7057 6987 2030 5902 3365 3389 623 3400 5831 5938 5944 3403 4708 615 414 4626 4664 4351 649 7088 3340 4740 7087 4743 4738 505 5960 7812 7083 5952 4705 4605 7093 5921 594 2109 460 605 6976 650 8148 7020 3442 3322 4752 5959 602 7063 3393 7074 2033 2039 4771 8118 3419 3357 8156 7127 3375 1824 8107 3313 565 4632 3331 636 5929 496 7086 3460 3444 2036 4694 551 5856 5995 2137 6030 563 1898 5895 4792 5830 7098 6032 2152 7164 3378 8155 616 561 7136 2035 8170 546 7155 2055 585 666 8097 8129 7184 6055 7181 701 7193 7183 2066 756 2202 4809 3347 3468 3445 3549 8226 2136 529 5934 1973 3252 8179 5943 3293 1984 2178 5825 3571 7217 3224 2015 3392 2074 4689 2192 7081 7165 3556 8224 3514 5928 4741 3479 8199 2168 7230 3587 8217 8221 8034 8093 8084 8174 820 8039 868 6007 732 2120 664 7176 2171 4948 2150 2236 3465 2159 6012 2193 8321 4865 2252 5769 4845 5964 6185 3664 439 7152 3495 6117 6150 733 3591 4851 6168 3476 4829 5800 7242 634 3350 7159 8220 687 7240 4673 588 2195 827 7300 3413 801 940 900 873 835 440 3626 8355 7313 955 6162 7328 7283 7309 5024 3703 3532 971 7312 3717 5020 2395 4677 7279 298 4597 4732 8275 850 8238 3248 1895 8396 1003 6189 3211 549 2028 455 485 582 3684 3618 8406 2264 4556 3752 3319 8083 3482 3379 519 6048 667 8152 8439 1045 7060 5967 2234 4504 8448 4943 8017 7213 6067 3728 5087 2331 6186 4570 7404 6202 3818 4910 1038 6037 5007 5032 609 8169 2052 458 5038 8110 1988 2489 2400 5933 6281 5130 8314 4763 3443 2499 7449 6324 5082 451 6080 3257 6323 1985 3299 1053 3425 7094 5835 477 2443 6316 5138 2158 5088 7320 8412 6105 841 1105 6310 2316 780 1078 1107 3820 673 3300 5865 2038 3826 8463 3488 3474 2505 1072 6322 4600 4601 5148 8473 3321 1093 5153 7290 8461 2418 6054 3854 1113 3463 5925 5890 7092 3295 8048 8397 3729 3529 3837 2018 8458 7409 2524 3309 5913 3811 2486 2510 6191 5901 3589 6344 8168 2005 3856 7453 2535 5155 5151 3847 5161 5081 963 6341 5178 1096 6353 8469 6338 2534 8481 5125 8457 5166 5180 5169 3882 7128 3880 908 7420 6066 2068 5159 1146 670 576 2155 795 6359 4725 3686 2276 769 5190 6363 1162 5183 1153 5184 5189 8498 5001 3895 1133 3875 3859 1168 7480 1174 2125 5049 8503 8502 1147 3885 3887 7492 2569 1169 1155 2558 3487 826 6369 4768 3911 1181 951 3915 3373 6382 5211 1191 2581 6209 5205 5206 2584 2403 7497 5199 6360 3930 1186 8511 5212 8492 5970 6374 7494 1165 6390 7507 8515 1200 2381 1207 1201 3944 2606 2611 6402 1094 1206 5221 2626 2630 7444 8293 3962 6422 5232 735 3893 4912 3966 8576 2624 3992 8580 6448 1213 1285 8478 5280 4013 1262 2586 1300 5315 1314 6511 1141 1301 6235 2687 7572 2768 4071 1361 5364 2782 4135 2688 1111 3162 1679 7365 417 2373 4549 2974 465 421 3228 4715 8200 5896 2111 5179 5772 743 1768 717 6101 3198 1812 3491 1149 8164 3440 5790 4775 4953 1695 7945 4781 4610 4956 7153 5979 132 1742 661 4849 5900 3279 1664 5966 7499 3261 3035 2256
3357 5557 252 6831 1778 1742 122 506 8017 503 3317 3392 3440 2133 3549 6962 3487 6235 2373 4483 4806 4945 1086 8335 7507
3359 6831 7880 2957 1843 1827 8002 1867 4534 1742 170 122 3253 4471 5830 6782 491 6995 1916 3392 611 3233 3370 7033 4710 3317 7037 555 715 5982 7149 7230 2262 848 8439 1045 5115 6314 2243 1086 7507
3360 4283 2940 3073 6870 122 5596 3173 3050 4529 4528 381 5533 7996 8002 1778 4534 313 3213 5632 5737 1883 4552 5799 1889 6962 3264 5804 3053 94 288 8048 4399 491 1886 4564 3317 1964 8084 2005 4639 2032 3392 3335 8112 5856 4573 4531 3373 3376 5911 5896 665 7127 7057 4799 7153 7183 6206 3686 7342 6210 2373 4623 8275 4694 4945 5125 6329 8335
3362 5559 2990 148 5557 7800 4362 4317 6730 4311 6741 6790 2977 114 5553 6796 217 6782 3064 252 6757 5607 6813 4381 1676 6824 3098 3021 7782 5686 6799 6680 1761 7917 5674 236 4430 1748 122 1724 4437 288 7926 5711 3138 243 1771 4476 7955 7936 5572 360 6784 6718 1689 280 3107 5742 7785 3168 313 259 5755 1804 1669 255 3176 3102 1594 4322 346 5722 1786 132 7882 1768 348 6793 7980 3169 4493 3205 6914 369 4469 3150 1827 6922 351 6929 1778 7838 6943 4535 5727 3050 3190 7908 411 5797 4542 5632 1840 5534 5800 7991 6909 3211 3213 5803 442 4549 431 5819 4537 3234 1887 5821 5818 4552 1863 7983 6954 5799 453 451 5795 455 4570 3249 5831 6962 474 460 4569 4558 1911 7927 3255 3232 487 170 3279 4351 6703 94 1671 3273 108 4309 2947 1916 491 1901 6698 6682 8015 5525 5535 3219 5839 5848 506 4319 4574 3297 5850 1733 3092 4577 5634 3030 525 4608 1933 1781 3274 5855 6705 8064 518 527 101 1902 523 4630 4632 7013 5841 515 8073 7812 1954 111 8057 4637 3292 5847 5862 3307 4343 7000 5881 1980 524 3322 3320 5859 5752 8070 568 4484 5885 4571 5721 5537 7995 3222 2002 1972 4672 7022 3349 586 577 1931 3299 3278 3359 1894 3287 1544 600 4683 3371 2026 608 5921 5904 551 7850 2040 4708 3393 4694 2045 3400 5772 5939 4702 3417 2065 8029 464 5926 3398 8088 7087 644 2091 3173 7058 5969 4740 4724 7097 3325 1910 8145 4682 3394 394 3427 4755 4758 576 5968 1628 3405 3377 3410 7029 2119 646 7056 2072 467 2074 5649 613 8097 2133 3445 3416 699 8130 8160 7108 697 2164 2131 2113 4723 4799 616 610 7028 7162 2104 5770 662 3524 4837 795 8236 1874 7101 5996 7217 4624 4768 3571 7222 3569 756 746 8233 2168 8150 8238 573 743 759 8224 5988 7178 8166 8252 7230 3543 543 8295 8159 6037 858 8223 672 3238 2082 3387 6180 3449 3637 3592 3618 3604 8221 7061 4703 3646 736 5981 2193 7188 6944 933 3570 4752 4643 2108 7159 6000 549 7264 7313 1890 2182 6166 661 2150 3703 7212 2066 1962 818 8393 5895 2037 4851 3601 6255 477 5038 3328 5920 8242 3430 666 8442 3754 5971 636 1048 5083 3783 7402 5105 8457 6141 3827 5936 8472 609 659 7462 3820 2061 3729 3811 7404 3321 5145 1101 3841 3340 3378 4704 3375 2411 1086 3829 7151 5170 2223 7471 5169 987 3852 3839 2424 6006 3879 3856 3883 1151 1146 7484 1084 2344 1160 3401 6367 5180 8498 8155 4721 4794 2558 6344 1141 7483 3851 8501 3896 3912 1083 2572 6363 5204 2562 951 2553 1016 2046 3909 2583 2584 5970 3897 3832 2381 2590 1184 2573 6183 5185 1194 2593 5146 4961 6353 6235 1212 1187 2606 6402 2630 1203 1200 7491 3962 5205 1273 2671 3997 2649 5280 1300 4912 1304 2722 7492 1336 6511 1344 2754 8640 4104 1378 5356 4135 490 7045 5835 1872 8481 482 1878 1695 421 1181 298 8048 4601 512 458 408 4585 8474 2123 140 615
3363 6782 122 252 4476 316 7936 4484 4483 6831 6962 8002 3258 5869 3317 6990 3392 4799 8264 6166 8381 8439 491 1107 5125 1086 6235 7507 2750 1822 4569 4945
3369 1562 4328 138 5613 197 6831 4274 7801 7782 4484 7955 5772 351 1778 8002 4483 3206 5795 1742 6962 1916 4549 4399 122 6703 252 5869 6782 120 3317 8084 6909 3255 1830 3295 1919 585 3052 534 2029 8107 7088 6939 5989 2136 6006 7162 4792 2137 6066 3524 2168 7188 3511 760 4945 8111 3626 6166 3425 6206 7328 7014 5125 616 1105 1086 3839 5161 1146 5935 3888 2562 8503 3911 7507 1213 6422 2649 8576 8590
3370 7823 6736 5557 6730 1629 170 4328 6771 1677 6784 6782 215 3052 236 1658 7863 4338 1710 4309 2969 2976 7801 2944 7903 288 5551 1738 3090 6813 3098 5520 6682 1547 5706 85 5613 312 3053 5572 3150 4448 4483 6718 1669 5632 1586 7838 4500 3168 4308 2995 4476 256 6907 5636 5699 7896 8002 1778 5705 8007 2996 3213 134 6793 430 252 4447 425 414 7991 8026 474 3254 3258 3234 436 1911 479 5839 265 5795 3255 5799 6752 5805 4351 1748 7983 1923 1908 4536 6995 5848 7004 4399 1932 5821 3246 3290 1933 3307 6976 120 1679 1892 8061 3317 7001 6956 4563 3315 7023 8084 1916 8073 529 491 2947 1567 1558 6703 197 2979 1803 7803 5521 1878 132 1962 4531 1903 4666 574 6979 1971 1901 4292 7042 3030 5914 1886 1987 4661 8090 511 6716 1587 4304 3371 3305 604 4659 6991 614 5927 601 3303 8107 8003 585 1953 635 8106 631 605 4726 5951 3373 4725 7058 4771 2118 7101 2129 2033 6001 2133 2002 3443 3376 665 4792 5721 662 3430 5820 5896 2152 4484 4678 4768 699 4322 2168 717 1742 4943 2373 417 2137 6235 4534 4829 1019 4945 1072 5125 1086 6323 3839 7507
3371 1677 1748 6793 4500 6920 5758 7981 5541 4536 4526 3053 324 8009 3069 5818 421 8025 4558 6962 4569 8034 4552 3254 6861 483 6782 1900 3202 1857 3280 506 489 2970 2959 1843 387 1616 4534 504 3292 7976 3290 1770 7980 3295 3281 5853 523 3317 3318 4633 1971 5896 565 2002 5534 7013 1881 3353 7048 4624 516 614 2039 3400 5921 8111 4596 485 605 8136 3331 7093 454 5974 4735 7101 4653 5900 8130 7086 4613 4741 7109 2109 3377 2033 634 8168 5956 3313 8163 534 4799 3482 6003 3413 5964 666 2175 8223 733 2202 7217 814 5976 2089 5994 2139 4776 2095 3530 2192 1951 6067 4870 3591 2158 2236 6039 465 4948 2281 7151 4699 2117 6162 717 3637 4910 661 936 3729 6249 1019 2381 5960 8372 2398 3239 8216 3775 1894 719 3820 1086 4675 8345 3862 4847 5990 5981 8341 5169 3589 6359 3899 1132 3765 3900 3890 2562 2553 3403 8503 1213
3372 7785 7782 138 7871 6782 1616 4401 7904 6799 1677 1748 1724 1558 6790 5711 288 6730 7837 4439 6869 6907 7978 4338 7838 8002 1878 6962 3254 1911 5815 506 1916 4399 4641 4661 1966 3381 3228 3392 8020 1547 3327 1873 1854 3404 4677 7822 422 1979 4308 8092 6978 3416 5894 5558 4663 4710 3425 7020 4712 1827 2055 4799 4792 4845 7162 7217 7181 3513 5935 3630 7122 4775 5900 7328 5024 3658 1973 987 3729 6314 1072 5125 5088 2521 3852 6359 2152 1192 1184 1176 6441 2754
3373 4311 5557 6730 1689 215 145 1695 6813 3053 1639 7907 5686 7908 280 4465 6755 4351 4483 7955 4469 6682 5527 4271 387 7976 402 417 1768 369 6947 8002 5797 4343 1863 411 6952 3069 1679 120 3249 7927 4552 5821 1887 5831 5576 3206 6975 506 3276 1886 1906 4587 4615 3233 6957 3317 1593 1586 4317 5890 3312 4663 2003 1916 7033 2030 614 3404 1840 635 1943 3422 7074 2072 7093 4743 7097 2126 6001 5956 5928 7081 8016 4799 7162 6048 715 666 6026 735 8150 2086 6017 3569 7205 2158 5843 4741 8245 867 6150 727 6006 2108 2125 898 2154 826 7328 4673 873 7283 850 8007 7188 3646 8266 8136 4951 7374 3529 2293 6210 6962 2202 8275 3376 5136 5125 1092 2135 1085 5124 1094 3811 5150 2521 3548 2364 2252 680 1128 1082 2544 5170 6360 1146 5181 1114 7471 2534 2562 1170 3900 5204 2584 1191 3636 5213 7507 3933 7491 6399 2585 1213 2606 1273 7572 1310 6474 6374 1361 2754 1193 5173 1742 4330 1664 1830 3487
3374 5504 4322 2979 1629 1616 2990 2976 4374 6784 4343 5607 5632 6813 4309 6782 201 252 6831 4308 1724 1796 4483 3088 5772 4480 1850 5795 2949 435 6689 1750 5727 269 5769 8023 1887 265 417 1867 207 119 6962 3206 4586 4551 459 1911 4534 1697 489 4563 7945 476 504 381 8003 5809 480 3212 5848 1923 520 5837 5855 4546 3312 1966 503 430 3317 5721 8070 4651 6987 575 5883 4633 6693 1803 568 563 4623 4677 567 4683 7058 8084 8107 511 5901 122 5916 7818 4738 8136 3425 5936 5982 4771 2126 2130 1965 2151 626 4799 4829 6066 6004 770 2217 2275 7203 3347 7059 1742 4910 868 7115 3276 2168 4943 3487 6185 4849 3517 3327 8153 3591 6186 7300 2292 8335 2236 810 1019 1045 2205 6305 2414 3818 3754 6325 2490 3657 1087 4734 5173 705 3839 6347 2513 5170 8472 2534 8305 3879 3852 8463 1101 5155 1129 1146 3895 5115 5136 5935 2521 5169 8502 3887 3907 2562 6316 3653 2572 2553 1155 7499 6389 5161 6235 1186 3859 3819 1176 8515 1050 5125 6399 1200 2484 1124 2580 2547 3944 2649 8576 6344 5280 1301 1086 2712 5298 2750 1361 5364 5007 4327
3375 122 5626 3053 6782 252 6831 7922 6819 1742 4483 7976 373 7980 4534 5772 417 8013 6962 483 5848 1916 3317 4625 3065 4565 1984 1910 8090 4741 2091 3271 8002 7109 8139 2137 3524 7222 4945 3683 1972 2395 6255 5125 5136 3811 1098 5186 1085 8496 7507 2593 3891 2418 6399 1213 6235 6441 2361 2750 3808 6389 2754 8645 6349 1016 873 3035 6054 5995 4749 5762 4566 5843 4787 455 4322 114 3256 3211 3909 8060 189 3252 2963 103 1882 497 2115 381 7115
3378 3050 2976 7870 324 122 3130 4534 8002 4536 6962 4483 2990 1742 6782 491 4288 4607 4569 5830 527 466 461 5939 4436 4755 455 3317 7222 848 4904 4592 3587 820 6166 6235 2443 2549 7489 7496 7507
3380 6782 252 2949 4484 7785 4483 1846 417 421 1778 5804 6962 3295 1562 3317 4652 3342 8110 3392 8145 3440 7153 7155 7162 3524 2137 3571 818 2215 5024 2107 8335 5125 3811 2495 7407 3826 1096 7447 6329 3807 1086 5155 1113 6341 1146 2562 7507 2624 2573 4001 7572 3969 2709 6474 1314 8640 4071 6396 1344 2768 8645 1310 1304 1135 4135 5356 1300 3206 7922 6856 2995 5204 1285 4500 3190 1361 848 1262 4013 5504 4785 5956 1141 2443 6337 103 6369 8207
3389 6831 4526 4483 8002 3069 6962 5557 122 1586 252 506 1916 491 3310 3392 5938 3417 7153 6235 6215 3853 1086 8335 5125 2572 7507 8576 6387
3391 5557 1629 7823 138 7839 6782 3053 252 4483 4528 8002 122 523 548 8084 602 2032 3392 551 5952 5903 3328 5968 3450 7172 3637 1085 5126 5178 6235 7313 8506 3902 3910 5141
3393 6782 197 6831 7908 5557 1742 6703 7978 1778 4528 8002 2949 1916 4610 2133 2137 8084 3317 1610 2168 7193 2074 4943 6235 3355 1048 4794 8466 5161 3862 1146 5170 2572 7507 3916 2649 4001 2710
3394 7883 1850 6831 5769 8002 1742 6962 252 506 5848 523 3317 3295 2035 3392 1898 4743 7014 8145 7108 5989 760 2168 3595 827 8221 8345 2364 8314 7342 2373 4740 5138 5130 8458 5961 1072 5125 4945 1016 8481 5155 3862 5178 3888 6367 2562 1169 8503 2572 8335 1086 6386 7507 6422 7572 8590 2712 7444 4061 2754 1193 2687 6539 6010 8136 493
3395 120 2967 5741 1742 6779 417 437 3090 3223 115 434 1784 1887 3222 1889 7801 4476 1778 4597 3220 4613 517 4607 503 1971 465 1990 5851 1987 3353 3373 571 2029 5649 7059 2089 523 4715 8149 8039 1945 7087 3239 533 7109 2120 1860 699 3445 3443 8157 680 8170 4742 8146 7136 2068 8224 3587 7205 4704 3524 4811 475 3748 8233 477 8136 7158 2505 4845 2373 7507 8084 1916 252 6962 491 8002 7922 3392 4534 3317 5557
3396 6716 7839 4292 6831 1742 4483 4534 6962 3254 6782 491 5557 252 122 1916 3317 8084 3392 7183 2298 3683 1086 5125 8335 6235 7507
3397 4463 122 6831 453 1768 491 6976 5848 506 3295 1958 3050 556 4663 1840 5772 8107 1986 3228 2030 4708 3392 571 4702 2033 5944 3404 631 5933 1959 4743 7059 5975 2089 3440 3317 2141 4622 769 2275 7230 3445 7121 3365 2150 2281 7264 2182 3528 8307 3542 2131 8082 3529 4694 2082 2175 8153 5890 7213 4878 8245 8322 733 6166 7320 2014 4970 960 2362 3686 2395 7328 936 7259 956 4778 7046 6209 2408 3401 3748 1003 4535 7341 7092 8275 6206 4703 2414 4867 3765 8436 1053 5106 3811 6294 2398 6306 1105 7151 1107 2416 3839 2521 5124 3321 4704 5125 4945 3826 5155 2532 1101 3862 1113 8466 1115 2168 8481 6345 1129 6347 5165 7471 8335 5170 5173 3855 2548 7478 6359 8266 5166 3879 2549 3888 3895 7066 3896 6262 2562 3887 3875 8501 2068 2563 7489 3911 2569 3859 2572 3910 1086 5206 2381 2581 3754 5213 6235 7504 1200 1201 7507 7483 1213 2606 7491 2611 7497 3966 2238 3962 5220 2649 2624 3893 6387 8576 4001 6448 7590 7594 1203 6474 7188 1218 8469 4061 8645 2754 2483 2687 4104 2580 6374 4135 4785 5966 5935 265 3513 7490 3636 103
3401 6782 252 6831 4483 5557 122 4534 8002 1562 3258 5803 6962 1916 506 7813 8084 1990 4720 4755 7127 2133 6039 1086 4945 7107 5125 8335 2562 2572 7507 1213 4537
3402 148 4317 81 4328 5613 6741 182 3062 3064 7850 6813 4309 5626 252 5689 298 3034 6777 7941 3138 1628 324 6744 346 5719 343 348 1697 3168 3176 3071 168 4525 7982 5755 6927 1846 3069 1770 4520 2967 6831 5769 3234 1858 3182 3173 1545 480 484 386 6957 1892 7917 1586 3292 2979 5557 122 531 1908 4278 5805 2976 351 5798 503 3206 7007 4649 572 4657 4651 197 5896 4569 3349 3264 6689 4659 5523 542 7001 5520 4679 6952 3353 1803 8110 1945 1897 1890 3401 1984 5966 3446 5937 2074 582 8144 5927 6004 4787 1812 1824 4622 3482 1583 566 7103 4862 3548 4322 3315 8237 649 8245 829 4565 4732 1900 8019 3587 6757 1974 2086 6090 3439 8321 7112 4605 3618 3664 3302 4667 6921 2262 7034 7328 2033 3294 479 4970 1962 3570 4825 955 6219 2328 8436 3560 3709 777 2154 1074 2036 751 6315 7454 5130 2496 3775 5150 4793 5154 1107 3865 3476 8165 850 2510 7478 3882 1146 1157 2568 2581 1196 8515 2428 3788 1218 2606 3966 1300 2709 4095 4104 5866 3030 6981 3885 5880 4583 4695 3813 5823 1938 6748 7489 5519 6374 4870
3407 2944 3138 1748 380 3187 4534 8002 5557 122 432 6962 4587 4570 5803 506 4556 4399 4483 1742 3289 3392 4699 605 3317 5818 1916 2137 4865 958 6235 1064 4945 5125 1086 7092 8335 5184 5181 2572 2573 1177
3408 122 6782 3045 252 6831 1742 321 311 369 6703 5557 4534 6954 5831 8049 491 4483 1916 3317 5894 7055 3392 2029 594 3404 4735 629 8156 8163 730 6856 7205 4878 3556 764 4895 701 7328 2319 6209 6235 3601 7188 7402 829 3426 3729 6322 3827 5125 5146 7298 8475 5155 3858 5902 951 3916 1182 3915 1184 3944 3893 1086 3992 1176 5975 3548
3409 122 6748 252 3053 4483 6831 8002 4534 491 1975 3317 8084 3392 5024 4945 2724 2754
3417 6782 252 6831 5557 4447 4483 6718 368 8002 134 6962 3317 3839 1086 8124 2135 3387
3418 5557 252 3138 2959 4483 4535 6942 122 3050 3317 3392 5772 4738 3302 6962 2120 5607 8147 7122 7927 2073 3267 1897 7172 801 4681 1786 1999 333 297 313 3618 1928 673 759 5125 1086 6167 5220 3849 4061
3419 148 4327 4317 170 134 4328 1586 7883 1677 5634 3053 1646 165 1618 3036 6831 7839 6826 3122 311 5711 3052 1675 259 3065 316 7936 1658 7945 332 182 1795 6861 4398 348 213 6920 7934 5727 4525 1778 6703 1850 4508 5576 4330 7981 4271 4526 136 417 423 442 409 1594 8009 5526 1860 1866 4574 3250 1878 472 4569 1903 455 7991 1923 502 484 8019 506 3292 453 1932 509 511 1935 1943 520 4610 3257 1954 3305 503 523 8076 5879 3317 4560 1971 1962 3329 5853 7018 1583 566 7812 116 5549 3252 4666 1916 1987 3229 3371 2051 4708 4457 5850 7058 5927 454 4673 3414 2036 3426 7087 4743 1953 2068 8092 5921 4761 7086 4716 2018 3394 694 3449 1970 2131 4639 5986 8164 8106 662 4829 8216 615 5976 5911 3445 3569 733 634 3560 6113 3388 631 3513 6026 4895 2139 8295 4948 440 6171 7152 6961 8236 7300 2293 769 8355 3328 6210 956 841 1986 4694 8169 5038 1003 3572 3748 2419 2441 4777 2418 5087 1020 6262 5125 6323 8090 4752 7409 2003 3827 1081 1105 5901 5155 8458 5170 3872 5956 1135 5178 4710 6117 4715 3871 6362 1146 6105 2015 2559 6369 2411 6305 5176 8502 2562 2572 2581 5049 1196 3646 6235 5212 5197 3930 2590 7507 2558 1086 3992 2672 2688 3636 8640 2750 1378 4135 6314 4564 8174 4480 5881 2238 4677 6945 987 2166
3422 145 3021 1610 226 4407 6831 4448 5693 1618 6682 7926 243 346 1812 246 5540 3122 6718 6904 380 2947 1562 1669 7801 3065 5759 7936 1744 1846 4508 5632 7831 4542 6936 114 106 1867 1658 4534 6954 8009 332 1858 7782 3102 460 1830 1911 5837 3239 170 1646 6744 148 120 3250 265 3202 4577 1541 1921 119 6885 4610 3297 4549 6720 2940 1933 1576 4399 3295 6925 527 3198 4609 5541 1948 1916 8025 539 541 4504 7017 5792 3257 7014 520 3299 478 1975 8064 5766 5862 4581 1972 1980 3300 5753 1965 4652 7001 5890 3327 4666 5820 8073 544 8090 3303 511 2020 4697 607 2035 8118 5865 2046 3305 4632 2052 480 3335 7063 3403 605 8127 5966 522 5969 7097 3423 4571 1742 613 2117 563 8168 5956 610 5982 3347 3455 5996 7098 3468 5954 8155 4811 711 756 3511 1908 3313 8237 7153 872 3664 8169 8204 8245 2036 7300 4815 430 2361 8116 7045 5024 4845 2293 943 4678 3754 8159 8314 7408 5083 3783 3561 629 732 1028 2398 6262 733 8275 1072 8458 5032 2499 3444 3808 2509 7462 5088 3410 8335 2526 1122 3829 3840 841 717 6315 2169 5124 6113 1053 1128 5178 3839 2154 719 1055 3847 3589 5993 6334 1135 5075 3899 6162 5103 6369 1133 1168 2553 8502 5172 3912 2095 3911 8223 3907 1129 8501 7494 6382 1184 3901 5206 3910 3463 5184 2135 2581 8478 3916 7499 951 6386 2207 5001 7507 6399 8515 2573 5141 3944 1221 3930 6422 4775 1273 8576 1270 5280 5315 4104 2754 6387 5364 8645 1101 8299 636 6294 485 3479 3055 3524 1141 1196 3488 4945 4741 2441 5975 632 3843 848 645 3571 6082 829 547 5746 1087 2970 512 2495 2558 5884 3461 303
3427 5580 138 1646 7863 6730 255 207 6744 220 3064 6790 182 2970 3098 167 265 7922 4292 236 5576 4343 5674 1618 4471 1784 5572 4417 4430 341 6782 7955 6767 1576 7852 5636 5559 343 1744 5540 3154 4483 5753 6910 6870 6925 1830 243 6937 100 5734 7912 3211 3071 386 4508 6954 6869 8007 4537 1851 6878 3258 6964 3202 5818 372 6969 3220 7936 5649 1911 504 478 1901 333 1905 6989 453 4319 1959 148 1541 1933 6682 3069 8070 1594 7907 548 3320 4630 5521 4622 7033 3308 5752 4330 3330 5853 461 414 5888 6861 422 8036 6941 4469 1902 5903 5906 7048 1893 4708 2052 6922 625 3315 642 7063 4738 4659 3427 7093 534 8034 4629 4716 8149 2068 2131 5956 1965 2124 8016 3347 7108 623 3416 6013 3361 4637 3287 2115 746 7183 4780 2205 7009 663 2169 168 563 5943 8155 1941 631 770 4862 5895 3430 5914 8216 5766 3370 7117 3348 7220 8199 7071 827 573 5804 3594 3587 616 4851 7230 2192 440 7055 8062 3595 4910 7174 8005 3373 7264 5848 8313 4870 4652 8002 4959 900 2235 4806 6117 5993 3609 3588 3683 6033 511 4995 3561 971 2418 5038 1048 5087 2419 2411 1028 7356 1074 3752 4963 5106 3813 7407 1020 6315 6316 3729 3398 5142 2319 874 751 6305 850 2286 7213 3463 6332 8434 8335 5125 3843 3853 2544 5178 5166 7471 3899 5180 7404 2483 6363 5138 2495 7392 3900 2569 8500 4871 5189 3862 3888 5986 1181 6090 2364 1146 2070 4757 8511 8505 1203 8144 8249 2611 6341 2593 2624 2428 8543 2649 7479 2373 1212 8469 3837 4001 5315 6511 6235 8645 5298 6474 3966 4480 1742 5173 585 2541 4752 3440 2484 5049 6909 2562 3401 4845 2350 416
3429 122 252 7908 6744 7945 5557 1916 8084 3317 3305 3392 6235 2036 6305 5125 6962 1086 2035 2111 1169 7507 8335 4534
3430 3030 7871 120 3065 239 4373 7839 2993 7955 4483 7976 4534 8034 8015 6962 4546 5800 8054 1781 3187 491 5862 5873 3317 464 8074 1997 605 618 3327 3393 2079 2137 8084 7001 5892 3571 3259 3517 2052 4865 732 4736 5993 2488 2074 2490 3880 1086 8478 7507 7104 3460
3432 148 6744 5699 1666 348 1804 1558 5766 4275 1742 6945 5821 6967 5527 3228 1906 3255 396 4400 4590 7908 4322 2980 3098 134 115 107 1954 5869 4605 4607 489 1971 3261 7036 197 1784 8089 6718 4484 5734 2029 8107 4695 5944 4725 6995 7082 2119 7127 6013 3529 3463 8153 2170 4865 8144 4845 541 2202 7152 6206 4833 3543 3618 873 7328 4870 5843 5020 3709 3748 8393 1056 6210 3765 8177 1096 1102 3853 8458 2535 3855 3597 5179 5193 7149 7497 6390 1221 6331 4001 7572 7491 3841 8335 1086 3827 4945 2411 8084 6831 3317 252 3392 1916 8002 4534 5804 491 3295 4483 6962 122
3435 4319 134 1558 2947 4275 170 7823 6703 2969 138 5549 4283 1562 2976 4322 1610 4291 5607 7837 3052 6813 145 6755 236 3062 6771 4308 259 1628 1724 6796 6779 1689 6782 6793 1697 7801 1670 5689 4373 4463 3098 213 1767 5659 243 4448 6718 5632 4311 189 3150 324 3168 7790 6730 3176 387 3173 7980 7970 7982 4500 4442 1702 7981 348 4447 3030 168 1744 1827 1775 106 3205 6870 3213 6946 303 4520 6861 7896 6947 5719 6878 1770 5758 425 265 1858 3225 3219 316 5557 3050 8016 8025 8026 6945 343 5737 5821 3234 5759 4567 6963 466 7882 5831 351 1679 1676 211 3228 3069 1866 1906 421 6975 4592 472 480 502 4551 1892 3267 506 489 4542 5848 511 4483 6962 3242 7976 3317 8084 4652 485 6831 7048 574 2014 3353 5722 3373 3286 3327 592 2034 3392 2045 635 533 1944 2085 8136 1742 7101 5975 616 5989 7153 4829 5996 8238 6185 931 7328 661 7011 8211 7136 4719 3370 958 1953 2201 2373 3513 5967 2344 3754 1045 5083 3601 5088 8397 5125 6315 4945 7458 1098 1086 8466 5173 1145 1129 5206 1014 2428 4955 7490 7507 1213 7497 2649 1285 1310 8091 1568
3439 134 7823 6730 5626 5649 6790 4399 168 252 6813 3052 1562 132 197 120 4430 303 3138 1775 4351 4291 3071 3050 4483 6831 7976 5636 7981 5790 417 3069 1846 4534 3211 269 316 1867 8031 3234 8034 5831 6958 3252 4484 3255 1911 3232 1901 491 1742 7782 2963 5557 6703 170 2959 4311 1567 4275 122 3062 6782 506 3294 520 8002 1887 1959 5869 7014 1857 1971 6962 3317 8003 4653 572 7033 571 2002 6990 4677 3340 585 8090 3365 5804 3313 607 3371 4708 3392 8107 3401 7983 635 8136 5769 2066 5970 3379 2070 2123 4725 673 5956 6711 2133 6001 8111 6013 485 2029 2136 8017 2137 659 4811 717 6066 3524 3529 762 6101 7217 2168 7230 8245 2238 5966 7242 4948 4943 3597 4945 3246 7264 6166 6082 3658 3487 2215 8345 3321 6206 6189 2373 3589 3729 4865 2489 5106 6315 1086 5125 3827 1105 1107 8466 8335 6350 6000 1146 3879 3530 6367 3888 8500 1168 5007 2562 3911 2572 1181 6390 2581 1186 3916 1196 2573 7507 2611 6402 4001 8590 2754
3451 1562 5549 5525 1629 7823 170 4328 5613 5557 134 3098 6813 138 3071 103 6790 4417 3138 4448 4439 3052 2949 5632 3053 7955 1771 1742 4500 5772 252 4351 4469 7850 120 1812 5721 7981 6929 6831 5636 5759 5769 4526 6907 8003 2993 5758 1836 1750 3050 1863 1586 168 3069 1840 4534 4558 4483 5819 1677 3234 265 8007 351 7882 417 8025 316 7839 6718 239 3211 1679 1778 85 2944 6711 1541 4552 5799 6782 1911 480 5804 1923 5818 3232 4584 506 502 1887 5534 500 1916 5859 4399 6995 5853 5830 1886 2995 5521 6962 5809 1959 4559 3276 189 523 1966 5831 508 7991 7999 197 491 198 4651 5890 571 5626 1990 4330 6793 4661 361 585 455 563 3361 566 558 439 1610 5914 5903 5805 1947 3353 614 3317 3305 5895 3392 609 5843 1996 5944 1971 4643 4573 5902 613 1594 3371 581 7058 4673 5952 4710 7088 7812 3220 8002 8136 8106 2066 3348 2089 4715 4537 5790 1583 116 1830 8145 5956 2033 8111 3440 4761 469 6771 122 4535 4677 522 421 7108 666 3419 2068 5986 2976 6716 5994 7976 2131 4792 8142 8149 650 3482 5964 2175 699 6968 7181 6072 2202 7084 616 7140 8221 3524 7162 6066 8084 132 746 6957 8236 6113 530 5820 3435 3448 4821 3587 3595 848 7188 680 4542 8101 687 6039 3593 760 7242 931 3287 3646 7213 4806 3709 3684 6206 3686 3609 3626 2364 2373 3548 3378 5106 5989 2489 2496 3788 8463 6315 2485 3827 3837 1105 1072 4867 3841 3461 8345 3839 3463 8458 2486 3589 1086 3295 1151 3879 1146 705 6344 1157 3888 3373 6329 2562 8484 3858 7489 3859 2553 2341 3911 7490 2572 1147 3901 3810 2581 7500 1184 1196 6390 5125 2584 2573 1201 3933 3928 7507 2611 6387 5220 1213 2649 8576 8580 4001 8335 5280 1301 8590 1218 6235 2708 4061 2754 4104 6796 8144 5961 5527 8466 956 4945 1689 6314 7590 3035
3453 148 138 134 5613 6799 6741 6782 1618 3066 7904 7837 3034 1710 3033 182 4291 7894 1581 255 4407 5557 281 1724 7917 6796 113 5607 3052 1676 6813 7908 252 4300 288 1664 188 321 3045 7926 7903 168 4448 4469 1689 213 3168 3176 1775 5632 4500 1771 106 6703 6907 4476 1843 324 5769 410 269 414 5795 1778 3050 5634 6831 5809 3211 8008 189 1858 198 4542 6819 6945 3234 1867 6954 5821 8025 3238 4558 351 6967 4569 3241 466 3239 3202 5819 1856 3254 431 8043 1866 7800 4271 4275 4279 3279 6679 5533 2944 4278 5838 5520 2950 99 1556 6680 4281 5527 2959 7782 3271 7775 5519 5529 4578 81 2943 1907 4274 5535 487 3227 5523 6698 6688 1909 3256 1900 1895 5504 1545 2949 1541 4584 6682 5847 1931 5853 1908 484 515 6959 5835 5532 1948 531 3302 4609 1958 3224 4546 7017 529 316 1990 1992 496 7022 1966 568 6976 3300 5856 3181 5798 4643 1999 5893 7033 607 3331 8107 1916 4708 2005 5903 3328 2036 1971 631 3404 7101 8084 672 2066 8163 8009 3410 571 2136 576 5649 4811 522 4792 3340 4673 4699 4768 8223 6066 650 1742 616 8145 511 2168 727 6968 4912 5985 491 5986 5895 3631 680 6171 2364 7283 472 7279 3729 2414 5083 7404 6206 6294 4535 3419 4865 4767 2243 6210 2521 3811 4652 3378 7093 4867 7458 3463 2483 3862 5966 7092 5961 5170 717 4845 8335 3852 4712 5178 5124 987 2424 2534 1146 8314 5990 1072 1129 3888 8466 2553 2568 2373 8501 3901 3446 4910 7489 2135 2562 8236 2572 3487 6314 2014 3684 2573 7497 2585 7491 1186 7507 2496 2584 1221 5220 2626 1310 2750 1344
3454 3021 5559 6782 85 252 4483 4534 8002 6947 122 1742 145 4536 5527 458 2949 3261 3232 506 491 5848 4399 5869 5847 3317 3349 5901 8084 5804 3392 7088 3319 2373 7153 5125 4945 1086 7162 8335 5178 5173 3839 3879 3910 6235 2561 3930 7507 6399 5185 5315 1951
3458 1616 6813 6793 1784 4483 243 5769 1778 3169 6718 1628 3232 5831 3222 6959 6927 6957 6946 3138 7882 6755 5693 119 7936 6976 1676 1945 530 8073 7016 5870 3312 1958 1906 4622 571 1990 3349 7029 2005 4663 8082 585 586 1742 269 7020 2032 3357 601 8110 4771 7113 8136 6066 7057 3517 4787 4725 2214 873 3609 3572 4825 1973 7207 4851 960 5020 3709 2168 5896 4643 8043 8461 6322 2520 2525 6334 6049 3837 1106 5155 2545 8335 2568 7504 6390 7507 2611 8543 1086 5125 4945 252 4534 6831 122 491 3317 6962 5557 3392 8002 635
3459 1608 6741 6711 137 182 3045 4401 5607 215 6796 220 217 4381 3062 7903 1743 7850 198 1748 1750 298 3122 1768 197 1689 323 3138 6826 5572 1697 106 4417 1775 6885 7953 1628 1804 3150 5742 6884 1822 3176 5727 6921 3198 4274 5632 6925 5772 7976 134 1545 386 7991 7999 5790 4552 291 3211 5806 3069 5737 6753 6967 3249 351 5812 5832 3254 3255 6961 4548 1923 3037 3232 5798 502 4584 1840 489 1931 8017 6976 3253 1906 6995 3224 3283 5870 1959 7004 5874 5854 5855 531 8070 7017 3238 7014 554 4536 1966 5534 3320 552 4651 3305 4653 7023 7028 524 484 4613 5900 8073 4600 546 5868 3327 566 454 6941 1987 2949 4292 7795 7802 5543 2976 6698 4304 1598 5540 3353 4708 4283 2051 8110 3357 613 5856 5895 3383 1984 4693 7057 2055 650 5919 631 8148 5979 7086 7054 2120 1824 5942 3425 662 4716 697 3443 8157 2151 3460 2152 6004 440 2136 6966 6007 4811 711 707 297 2162 5893 2115 8155 6072 7181 770 4837 2070 8233 795 7081 2276 3593 872 2271 4948 6067 2202 3548 7217 8245 5901 558 455 4785 3664 7300 4675 5892 4829 4825 7309 709 8299 8136 5981 3476 1953 3631 818 4867 7312 955 485 3276 3709 2414 8130 519 974 3787 5087 7151 3657 3378 8144 8457 943 2361 5106 2499 7449 6325 4794 8458 1072 8450 5060 6334 5148 1085 4847 1112 3820 3811 2095 2201 8474 1125 1145 5155 1144 2551 2553 5159 7489 1082 3871 1147 3604 5086 1177 7492 3913 2373 2567 3916 5199 1146 7507 1203 2606 5130 1213 6294 6448 7494 2672 7572 5280 7590 1314 7599 6235 1336 827 3839 1182 6515 1086 8640 4095 8645 4135 951 3317 8084 8452 582 1983 3392 122 5746 8120 6943 6962 453 5557 5519 7162 1894 170
3464 170 4399 1748 6831 5557 122 6782 4534 4483 5804 8017 6711 6962 1916 6703 5848 491 8002 3392 3317 2133 4792 7908 1778 635 3440 2168 5125 5161 5155 6206
3468 6782 5557 3053 252 6831 259 1586 1710 6796 1767 4483 5772 4534 3213 8002 491 5799 7927 5848 4577 511 122 541 3295 3317 4738 5923 7153 8200 3524 756 3603 1775 2275 8177 4652 397 2207 6206 6235 2373 4943 3811 8314 5873 3862 5184 1086 3911 5199 2572 1184 5205 3913 7507 3916 8466 2581 6402 5151 1213 6422 4001 7572 2624 4912 2649 8590 4061 5315 2750 2754 8029 444 2670 7104 1545 6793 394 3069 7801 4330 8048 1846 1562 8009 4545 8457 3930
3472 5557 122 6782 6831 4534 1822 1545 2949 1742 8002 3071 6962 1916 491 4483 3317 608 3396 3392 4586 8335 4992 6055 5125 1086 3839 7507
3476 1608 1616 1565 94 7837 5537 6736 4370 7883 4362 7871 7850 1639 7852 6744 6796 239 6789 1695 4448 1689 252 1662 7818 1562 7785 108 2949 4430 134 7926 1748 5557 7908 5634 7933 3150 348 5705 138 6836 5741 4373 2950 1839 1850 5693 5791 3050 7801 3069 5797 1742 6813 417 7790 4516 4330 8002 5799 4537 3213 437 7995 5790 3214 4541 8023 5772 4484 4508 1830 4288 6909 5713 3236 8031 4534 1854 5821 1669 8003 1558 3126 368 5533 1567 4278 4548 4556 3267 2967 6779 3254 482 6782 3053 5839 2976 3181 5825 3123 493 1931 1784 473 3289 5851 4391 4584 499 4616 503 3176 4543 4607 6843 4570 8008 8015 121 1954 4609 1670 3240 5830 456 3307 5711 4559 3290 3299 491 4565 486 8076 8016 1948 7985 4542 3232 4635 4568 5806 444 555 3317 1916 3225 8061 7022 6987 7934 4665 6927 505 7955 6831 4683 8090 7048 8107 3331 1967 542 2006 519 136 4657 3204 3330 533 7001 2015 592 4689 478 8112 3365 4624 5927 3403 625 623 3417 8124 4594 5939 5916 341 627 8135 1964 2091 6979 2072 5883 3394 8149 2077 595 4763 7058 442 3410 3405 2118 3451 605 5572 4693 3445 3375 7101 6981 2133 8084 6904 5543 2113 563 3481 5769 2137 3444 662 1827 4799 511 1923 8141 8083 4708 6028 440 5855 2168 1887 3482 4613 746 6066 6039 3595 5848 8221 3392 8017 3524 3738 6962 484 3477 2443 1093 5125 1078 6326 1086 2541 1169 6235 7507 1213 2649 4001 7572 4061 3401
3477 1608 2992 4319 6813 252 210 1724 281 6831 3058 1598 3035 311 7941 4476 1767 1775 6789 6879 4483 3176 269 4525 4508 6922 8002 437 4486 3037 7831 4546 4558 5805 3222 6954 5831 6964 480 265 6962 6975 2959 3011 122 491 3286 506 1881 4281 5519 1567 6757 4292 4279 3162 6705 3281 4608 1931 3295 8064 528 6995 5795 7015 3318 3317 3309 4651 1953 7033 7042 2005 5880 3308 3391 635 631 4710 8112 7097 4771 5982 4761 7108 2133 5989 4667 2996 1962 4799 4622 5943 2168 2036 450 2089 659 708 616 8237 8199 6101 3435 717 3413 2256 8165 2111 6117 2070 316 5895 5801 6162 777 718 2158 4933 3664 8322 3376 1880 4963 727 4939 3654 6206 933 7328 8335 6090 3532 3631 5769 4955 680 7152 1056 1082 1067 3847 2492 2513 7447 1086 2342 4785 6345 1129 1122 5170 2526 2541 5179 2534 1144 8506 2576 2583 1176 3930 753 5213 3928 7507 6402 1213 3893 1221 8576 1300 1301 2722 2750 6515 6369 5106 8136 3053
3482 116 148 103 1629 170 4328 1647 1676 2995 1679 3053 5632 5636 252 210 5534 3065 5649 6796 3092 4437 221 4327 6831 4448 3112 5541 4374 1581 4447 3035 4463 255 4465 5519 2949 7785 122 3150 1562 5521 6703 1742 7801 3071 4322 6907 4483 6884 4398 7976 324 5766 101 1843 7991 333 4535 1778 411 421 417 4484 3213 6943 8002 3073 6779 1846 5804 4520 1878 5805 460 113 8027 3237 3235 5707 4274 480 8009 4407 1911 3168 5834 311 99 3273 497 4534 4559 3296 4399 4351 520 515 4626 6976 3245 4549 3246 1916 6962 523 5837 7016 3317 5799 7014 7020 1972 7999 3342 1803 5557 571 5823 591 5626 2026 6941 582 619 625 5914 613 563 8129 4694 2052 8107 629 7094 2109 554 1892 2133 4771 2123 604 5870 8077 6793 4556 4799 7084 666 4811 6006 7064 2065 4829 522 4715 756 3229 760 7108 6003 455 5989 5895 3529 4878 3392 7230 7162 2018 7264 245 6171 3530 4948 6117 4542 3595 509 3560 664 3391 5900 6101 6206 7328 3517 8275 511 8221 1992 5990 672 3729 3754 3524 650 8314 2015 7356 7404 6294 2443 8441 2373 485 5130 987 7409 6314 2416 2419 829 3378 5125 3321 3276 5136 1086 3487 7092 3839 3863 1096 8481 1146 4725 8466 3548 6359 8469 5961 2035 3597 2553 7188 5966 8501 3912 8200 2581 5205 2573 1184 2584 7507 6235 1186 3916 8503 4912 2649 8576 4013 4001 5087 8029 1583 145 769 3513 402
3483 138 5521 4328 1677 7904 1701 6831 5519 2947 2949 341 335 4483 4398 1796 5790 1545 3098 5557 5632 6736 7883 5720 252 506 1916 491 1911 5848 434 4399 376 4559 8054 5766 554 3206 4578 3330 3392 2065 8084 3321 636 2137 7172 4862 3482 6856 663 5926 7222 3449 8170 7117 3486 4700 6004 7071 2091 3460 8226 3630 2243 2223 6157 7328 6210 7356 8238 3703 2373 7078 913 5125 1105 4945 1086 3845 5165 1106 5144 3446 3856 5953 2361 8335 2541 6331 1149 2559 2539 5086 2563 6360 2572 7507 1213 2649 1301 2750 6511 1014 4061 7594 7444 1344 2722 8640 6515 4104 1904
3488 1616 5557 122 5549 6716 6730 1646 145 5607 215 3052 6790 4309 252 6831 4463 303 5626 7837 213 3071 197 1594 4483 380 3176 348 7976 3069 5758 6920 7982 4529 5772 7981 3205 6929 211 6718 1840 2949 7782 8003 6682 6703 7945 2957 1541 103 1748 5790 432 265 8009 3211 5634 5819 5803 3232 8008 120 421 8034 1676 5632 1744 6962 5831 483 6968 475 454 6957 3261 425 491 1886 8048 7801 511 4610 4534 4399 8005 4607 523 1916 7023 4559 5766 1971 5881 3317 4643 1953 5521 563 4546 5804 4597 5890 7823 116 1784 4661 4666 5900 6990 582 3276 3349 3306 3328 4439 566 601 602 571 2033 3392 4708 5795 3391 4647 605 2077 3331 7074 3340 8145 3440 6976 3443 4725 5982 3450 616 699 2068 2139 4715 666 718 4829 2168 2175 3524 3549 6101 417 2047 7092 7217 2136 3587 7149 8245 6117 5895 4948 3637 7176 6166 829 4945 7279 6067 8084 6210 5020 981 8179 2152 1003 7014 2381 8106 6209 8436 2373 5083 956 5087 2489 3379 8458 3833 5103 3827 3321 3837 6262 2414 2154 2135 987 1105 7094 2238 4622 6305 1107 5935 2521 5125 8466 5155 3862 1086 8481 5001 6347 5178 5161 3859 8335 8474 1146 3879 3888 2035 8501 2572 7489 1184 2580 5205 951 7497 2584 6390 2573 4794 7507 7188 2649 2593 2624 6422 8576 8590 1262 1300 4061 2750 2754 7850 1846 2959
3493 134 2979 2976 3053 226 188 221 4400 3052 252 7870 3098 6744 6782 4432 7908 4448 265 5607 324 1784 5686 168 343 1647 1812 4483 1742 4437 4398 7976 1850 1562 4520 7999 197 4317 5557 1578 3211 3050 8002 3231 103 6819 1883 5714 1676 2949 3213 3214 4584 3255 7785 5795 1911 432 1916 5649 3222 3069 6976 5848 5853 4534 5834 520 1886 4351 506 5759 491 508 3294 5804 6962 7014 7015 4547 3037 5890 5888 571 544 7033 1778 4643 4536 585 1962 3348 3353 600 4652 3340 2018 5914 2029 6730 1999 8107 5839 3392 3325 2051 3278 1910 3404 3317 122 2077 7093 3427 7101 3425 8145 8101 4771 8136 2133 662 7127 3292 3394 4581 421 8086 4792 2033 6930 717 4811 6004 3401 6072 530 4862 756 7217 7222 5841 2166 3261 2002 4624 7176 2168 4912 8245 458 2281 3593 8217 760 7152 4716 7242 7328 572 5024 6166 2392 4943 2364 2381 3482 4865 687 8452 5088 2489 5106 7264 2495 7449 1083 987 1105 1107 2521 6117 829 5961 3252 4945 2416 3862 8335 7230 3819 3839 3487 6346 3295 2534 5159 5125 2015 3597 8466 3888 8484 8207 5966 1086 2562 4870 1072 7140 3916 2580 6235 2581 5199 7507 1184 5141 3893 1213 2649 6422 2624 1270 1301 4061 956
3498 4311 6782 252 7782 122 3052 4448 1784 7955 1771 145 1843 4508 4330 374 5804 8003 1742 3234 5772 491 5848 4399 197 5626 6976 1906 8107 3392 7058 4743 8136 7097 2015 4771 4724 3254 7153 8200 7230 4904 4865 5024 6235 2373 3373 5125 7430 2499 5088 2416 1105 2474 1087 1086 3853 6314 1107 3626 3862 1146 6294 2562 1168 2572 7507 4001 2754 2586
3499 1608 7850 7775 167 115 5613 7852 221 1646 1702 1695 1710 252 3033 182 3086 7863 1735 5557 5636 215 4471 106 1784 4490 5693 332 4447 5576 396 1771 5713 3030 136 4534 6819 7927 1778 4526 3214 1742 8002 1811 3069 4549 451 8008 316 1827 122 6716 6963 4275 5527 5545 7800 5533 6680 6705 7818 134 2949 5523 7782 386 4278 2940 2944 6736 1547 2992 6918 4586 3254 5837 483 4529 1901 3271 7804 7839 6962 420 6925 3092 3267 6720 5526 1917 3283 8053 116 5519 4597 1948 489 3317 527 6946 5879 1975 394 4600 4641 6978 4559 4589 1647 572 1992 8084 4623 3314 4612 1990 7036 4542 197 3294 519 6936 480 3336 5890 4585 3300 565 496 1861 571 574 7032 4679 556 607 3058 7057 3303 4705 3392 6941 8110 3365 132 5832 3286 5944 1910 1984 6909 533 1879 3423 3432 1824 3442 3305 3037 4657 4565 512 3416 4735 8163 5982 2077 7071 3206 4736 7082 3477 8184 7164 3485 2037 380 7184 6054 7181 3259 2117 708 3373 6856 7217 7028 7205 5943 8233 4866 3631 6030 4878 6151 6007 5892 4945 3664 4959 2138 1880 7188 4716 8322 5981 4793 4821 4963 6101 3246 3604 3787 3430 4870 3752 7407 5087 4720 4777 7341 3526 7420 3636 6964 3541 7435 6113 1092 5144 6167 2486 2487 2525 700 3295 2521 5161 1086 3852 6351 5169 3858 7480 3879 1154 3446 2555 1160 4955 3904 3901 8467 2576 3887 3916 1192 2580 6387 3928 1213 2649 3969 7590 2680 7468 8498 5212 8252
3501 148 4322 1616 7823 134 138 4328 121 1646 1576 5613 1562 145 2995 6771 182 5572 1612 1664 1628 215 7804 3052 1677 3062 6753 4343 4309 239 236 6793 7882 1669 7837 3098 7801 7903 6782 252 168 3053 4296 3065 1676 4469 3122 303 5706 4417 1784 324 295 7955 5626 6881 313 7908 5741 343 1666 5693 3168 312 6885 1775 3187 4480 7936 6920 5759 1843 3205 7927 6922 5720 417 1742 7991 3069 5722 4537 3213 4534 265 3212 6947 4484 5795 4330 6943 3220 7999 4483 4430 8012 5805 3198 422 5737 3234 5769 1882 5699 5803 4549 4552 8031 5834 5809 5837 6968 4556 6939 3211 6945 432 1857 6954 4584 1903 106 6962 458 3278 1923 3239 472 506 502 3287 489 1906 6979 511 6878 3281 5853 4597 4399 5798 3299 8002 3225 6990 486 5847 5799 1943 4566 1744 7014 1964 508 7983 465 5721 4639 4564 4643 1938 5888 5891 561 5868 3313 1916 7033 2003 2002 6831 3319 8084 4678 469 4659 4691 5734 607 2020 8101 601 8107 5885 2029 3396 3400 3401 635 5865 4725 8106 3259 649 8116 3379 4771 631 610 7094 7101 5772 3460 573 666 4734 136 2129 7059 4657 4758 8166 2137 5943 116 6730 4792 5549 1587 4545 6013 6718 6006 2136 122 7813 2083 8177 7084 5951 3430 8179 409 558 7193 3549 8313 6166 7203 3513 3392 3588 933 3556 7283 6090 5947 7328 701 6012 764 760 6991 7162 8355 5020 3548 2373 5087 2489 3317 6161 2486 6323 2088 8463 3839 3853 1115 8481 8335 1086 6347 2524 7471 6326 5161 1130 3483 5170 2130 1135 1147 3811 2562 6235 7507 1213 2649 3969 2624 1300 2754 1920
3505 122 252 5607 6789 1784 4483 5632 5704 5795 170 3053 5557 6782 116 7990 3226 3208 3222 4534 7983 6963 8034 1923 1916 5855 5626 491 1959 6964 5879 7014 3317 7785 7048 571 8107 4697 5970 8111 8145 8002 4724 2119 5995 4715 1984 1910 2139 7108 321 4622 7101 3470 673 3524 8221 2199 3392 4945 3595 931 7212 6235 2215 3261 4878 2373 3684 485 5125 8245 1107 3353 3839 1086 2521 5155 8335 8110 5161 6359 5170 1146 8469 8223 1170 8503 1181 3916 2584 7507 1213 4001 3969 8543 8590 1262 2712 1778
3507 1959 3425 760 4865 8084 2035 2168 3811 2373 6962 3487 8335 7507 5220 1092 2572 1086 6235 491 3317 6831 3392 122 252 4483 4534
3510 5557 6771 6782 252 281 321 4483 6831 6921 3069 6962 4537 491 3317 122 8129 2066 2164 770 3524 8335 931 7188 2072 7313 680 6325 5125 1086 2424 1105 2547 5178 2549 3880 5183 3888 6000 2568 2168 8501 2572 7507 8101 7936
3513 5626 6782 114 1701 2969 210 239 4407 252 5607 6799 255 6813 5686 7917 3052 3030 1576 5693 1670 7918 4463 122 3138 3122 324 3168 1724 5753 4448 1825 1830 7980 6920 7982 6909 1846 7953 6736 7838 421 5713 6907 5758 4484 361 420 3225 3232 335 8026 243 106 1887 372 5803 5835 8031 8029 454 1903 3255 1858 487 6969 4516 485 502 506 8057 1923 5854 7991 410 3286 6958 1967 554 1960 4641 7790 4587 482 5847 1866 4630 7036 534 6995 523 4606 4663 4643 5795 2013 8090 316 7048 4653 5868 5659 4536 5902 2949 1608 5527 4694 1567 8112 450 7055 556 5942 581 4688 1945 8077 4673 116 4700 5770 7097 8145 3379 4545 1959 3427 5950 7976 2107 4697 7109 670 1628 3357 5954 7113 3442 8156 7108 3418 2136 8168 3429 8084 8106 2137 1962 4483 2115 6015 3439 458 430 2139 573 4476 7162 724 6953 8184 3519 7193 3338 8226 4837 3376 3435 770 764 3549 489 638 2168 7230 8249 6090 6055 829 7259 3606 4948 868 8144 8321 4873 4895 6180 873 5769 3597 7309 3261 511 7112 4812 6235 333 2328 8105 4943 2001 1045 605 7029 3570 8450 3729 6210 7039 2047 2373 4775 3818 4785 1072 5130 3300 987 1098 3636 1096 1121 3862 7447 5125 8466 6315 2513 1941 2052 2538 2535 3295 2088 3321 2548 2534 5136 1106 7478 1144 3788 6313 3839 3728 1146 1100 8436 728 2416 7490 3895 2549 5117 6311 3875 2572 5204 2495 4867 3885 2581 2579 7420 2127 2584 2580 7492 2586 3930 1200 2590 7507 2606 1218 1213 3916 8393 6422 4001 7480 8590 8503 7594 7590 2712 1182 1344 2754 2768 5173 1291 2709 1812 103
3515 5634 4483 1742 252 6782 417 6831 8017 211 1916 491 122 4537 3317 3392 6066 7188 2029 5125 8466 1086 718 8335 7507 2649 7572
3517 3007 4328 4340 1616 200 3040 7801 1637 3066 252 6782 6813 5634 3098 5519 7839 5626 5580 2947 5553 6831 4480 5721 387 1843 1778 6927 256 4338 372 353 5720 4442 6934 138 381 297 5722 5713 6860 5772 6869 4526 6703 7782 2949 8012 4322 3211 6718 3213 4274 81 5798 456 5821 5759 3219 8029 4275 6969 4351 466 5815 3252 1906 5795 7896 4483 6979 506 491 489 3297 4596 1904 1943 8064 509 1959 6953 5851 8070 1964 1980 3318 3317 1971 505 1966 3294 552 5534 7023 4643 7048 8090 122 608 1824 7813 607 4679 3303 3396 1996 8083 8107 2957 7019 5870 5896 5938 635 5891 4647 2077 611 627 4700 8039 8136 3299 649 7097 2017 5900 4762 4764 8149 4771 3416 5766 5956 595 3425 5994 6010 2137 5920 696 2104 3229 3373 3448 7181 8221 4862 7217 2136 4635 3439 709 3495 4847 760 2275 4904 588 441 3513 2215 3603 8266 3630 2298 4677 5769 2230 7264 5892 913 5921 680 801 2001 7300 4948 4652 665 746 3365 8345 960 5024 8363 3626 3631 8393 8396 3609 2373 2419 987 2411 8439 7212 2414 8442 3665 3693 3811 4559 6185 3818 4606 8451 1910 6035 6310 6322 7094 1081 4933 2364 3276 3378 2505 4867 3463 3857 1124 1056 2513 850 1086 3862 1128 6347 3594 7435 6183 3839 8155 4785 8162 6336 8335 3899 1154 2491 5114 2549 2381 3902 7480 2572 3913 1144 8501 951 1129 6105 863 7409 5212 7504 5001 7496 2649 5255 1193 6448 1165 4001 1206 1344 6515 5341 4104 1378 5356 5173 2568 4545 3401 3455 2424 2066 1053 5146 1201 8013 4845 5178 4735 8314 1181 6255 7499 4963 4870 3305 5970
3518 7908 380 5821 1916 4399 5557 6703 3053 5795 7801 138 506 6782 5881 6831 8084 3317 3359 252 4484 122 6962 4708 8136 417 5969 7066 660 1742 5769 491 4771 7153 5634 4534 5804 3524 1784 4829 5989 3392 8321 818 7328 2373 3811 6206 1105 3295 3862 5125 4794 2534 6322 3839 718 3890 2562 2572 1146 1086 6235 7500 7507 1213 2649 8335 6066 7188 8221 4001 7572 2754 8002 335 4483 2137 5772 3069
3523 145 3021 5570 1646 4328 7863 6767 182 202 7870 5626 7890 3035 5654 7904 6813 6718 220 3098 4448 3138 7926 134 5713 347 5727 346 343 4484 1689 4483 5634 6893 6885 1670 5572 5743 335 6929 6934 6927 1846 7912 4534 114 417 255 418 256 422 1594 5693 3211 6946 1745 1840 423 316 3212 432 4549 8026 456 425 4311 7943 4513 4558 434 6963 1889 1883 3241 3252 454 6962 7838 6753 487 4586 8048 480 3279 7880 3271 280 1592 4590 491 1784 1918 469 1886 4603 4577 4605 1903 3257 8057 4582 420 1916 8053 3297 4556 5854 8002 3296 3221 6942 6932 1947 6819 4399 4597 520 6964 3065 3228 525 7894 7800 6684 6688 148 7823 2963 1558 1735 4327 7813 5689 5551 5549 435 1664 2970 1933 7802 534 1637 3053 1958 103 2949 6836 5874 8064 461 4600 547 8016 5853 5879 3071 1576 555 4569 1873 1921 8036 503 7936 4351 7018 3322 3317 5884 4643 6693 4330 3329 1972 533 1985 5721 8074 3305 7033 6711 4651 2002 3294 3342 2006 8008 4663 3349 4652 5719 4657 5850 197 552 3312 1897 1997 7028 4469 7945 3359 4678 8015 4536 6831 574 581 6941 136 4374 601 3371 4504 5904 4559 614 7054 8110 585 2020 5922 3393 2031 3396 4708 7008 3383 2035 3391 3327 5938 591 630 592 5944 604 4574 8135 3414 4715 8106 3419 5856 4632 5969 2099 650 4741 6705 3256 421 4763 665 8149 5541 116 7113 2126 4761 3357 1851 632 694 2133 7086 2137 2077 8129 3375 4792 543 2068 715 730 6012 4697 4829 3519 687 7159 7155 3511 2205 6072 3450 7188 3335 2136 8220 5945 7927 2033 4862 3541 5706 7122 8236 7217 6777 7222 814 8237 3572 6113 7205 1939 8221 2260 2117 8264 2135 4675 3593 3293 5855 8197 3331 313 1948 701 3513 2193 8199 5737 634 6945 7172 535 6007 4948 666 2243 3664 6169 3486 7300 8120 3526 8216 826 2331 7010 933 940 7328 873 5950 3302 4833 7320 3222 4664 965 7242 5020 956 5911 4565 2215 7034 8017 787 4939 2162 618 8393 7059 3709 582 2344 7341 948 4695 4955 8153 4629 3246 3748 2154 610 3754 5895 5967 8442 1016 1056 565 3604 2170 651 4775 6249 5087 4776 3532 943 1902 2037 8233 8457 1987 5106 5126 2474 4712 3430 3626 2317 1019 7220 3818 6314 7000 7449 7037 8451 1880 7407 3827 7454 5142 4647 3765 8472 6266 1982 1053 3836 2482 6334 1085 2411 2192 3609 1057 6265 6323 7404 7446 3306 5145 3448 6294 1966 1986 5986 8162 566 3855 1112 733 3321 2139 8131 7030 8174 1988 7459 1096 6171 7011 3728 6332 5161 2538 6349 5178 7471 7121 8086 3773 3832 5172 1135 2488 705 5181 8083 6359 3879 550 5086 3839 2018 8372 2096 2286 6362 6317 5990 5180 2061 6336 1147 5136 4945 1105 3888 2487 4749 7480 5176 8498 5159 2560 7290 1020 2028 3904 1153 1171 3900 3897 2159 3859 2199 7483 5197 2105 3594 1146 2563 1149 6316 5204 3910 8335 5192 8503 8481 5933 6363 2562 8245 3636 1169 1192 5935 2585 1194 3915 6183 3909 6374 3907 1050 1184 5185 3530 1086 6387 8515 2606 1200 7491 1221 753 2624 3962 8314 2649 1182 5255 5213 7492 2428 1300 770 5298 2708 2416 2712 6158 1344 8640 8645 6551 5356 6539 6474 5007 8376 8116 3036 2001 1938 5915 6311 8005 1962 6209 2573 7092 4283 5890 7128 7420 2947 8397 5805 5970 5173 5925 717 4654 1126 1920 6736 2202 2276 1618 5820 4963 4373 5525 4637 6950 6067 5519 8505 4570 5831 120
3526 5572 145 6782 3062 4399 6813 7801 6831 5626 7908 3138 1562 6884 4483 1742 1843 5772 421 4534 1846 3150 8026 3069 8031 1911 458 6968 170 2949 122 138 5634 1587 506 5848 1916 491 1857 8017 475 6995 5869 2963 4564 523 8003 5868 5721 7023 1971 8084 581 3369 3365 1610 601 6869 8110 571 7009 4652 3102 6980 7058 4708 5870 8107 3392 3404 7088 4743 5859 2089 3429 4622 7097 2070 8145 8144 6006 662 4792 7153 2137 3524 455 3511 2111 770 8221 2215 5769 4780 7212 2281 5929 4865 931 3595 3430 5024 2373 1003 8275 2364 2489 1072 3295 7104 3837 6206 8162 5961 3862 5169 3839 1146 6000 6367 1086 2572 1184 7507 2649 1213 1273 2624 4001 7572 2708 6511 1301 3933 4071 2754 5298 6235
3531 148 137 170 5607 134 6736 5634 6782 4437 6784 5713 7955 1771 353 4463 5678 4534 3198 6703 2949 269 417 3102 6790 442 5795 3062 6953 6940 7995 1911 491 6976 4559 1742 3173 520 1874 518 6979 8070 409 3317 8083 1959 4666 5894 6909 5914 3373 5937 454 4710 634 4703 8002 3367 2066 8145 610 1784 5772 4536 8153 2138 7108 6972 3477 3393 8177 8200 8226 5746 2166 4878 8207 7233 3591 4779 4943 3594 3593 2215 2139 5970 7205 2118 484 4948 1984 1943 3387 898 873 7328 6158 3658 5020 8393 981 665 6105 5032 5087 5060 987 6306 2117 7438 7454 6311 5125 8442 1107 581 5921 8466 1086 1126 7437 6332 8335 6206 4610 3843 2486 2562 2568 6235 7507 3893 1056 2672 2750 394 2424 2002 3513 3305
3538 122 1629 6730 6779 5607 1658 3053 252 7898 6831 3065 7908 1748 324 5557 5721 348 1846 8002 374 4483 4534 1778 1863 5831 5791 8031 1911 5804 3239 506 3260 1916 3271 5819 3297 1664 4399 3256 4398 7831 5648 85 2963 1948 1957 3274 333 6995 8019 7801 534 515 5867 5527 6819 484 3317 3300 3314 5891 7016 1917 1547 4531 1742 3392 491 8084 5914 5942 613 5913 1750 4708 2029 5929 7097 3331 6922 3413 659 5834 2052 8088 2133 5901 2002 609 7018 2136 5964 654 7162 708 4546 4736 4895 8226 8266 3410 717 610 8313 8017 3595 931 8335 2373 5125 1031 6325 7094 826 4945 6209 1086 1107 3461 1105 6265 5154 3862 5950 493 2524 2127 3295 5961 2276 1126 5169 5178 3530 3560 7107 3911 2572 7507 6399 5141
3545 1598 170 122 5626 3053 5557 5634 6831 6782 252 1784 7933 1742 3205 4534 3198 1895 6939 5824 1923 506 1916 3257 1905 3295 6703 1887 3317 4665 8084 3392 7057 2119 3427 5913 3435 5989 6003 8048 5919 6168 3487 7188 6235 3376 5125 3839 8466 3862 1146 2562 3811 6206 8503 1086 6315 3911 7507 4001 7594 2782 138
3546 122 5557 6782 3053 6831 4483 252 4534 1923 506 4399 3392 6962 3317 8002 1916 1742 2168 491 3595 5024 5772 5125 8466 1086 8335 7507 6235 4061 3069 5966
3550 1608 145 3021 4391 5654 5551 3053 2944 7785 7922 1761 5649 4463 347 6777 324 7982 197 3198 1778 5758 3050 1846 4528 421 1742 7822 5807 5826 8026 4558 4546 1724 3241 3234 8034 6954 1562 436 235 511 6711 138 493 1943 5870 3294 4563 4330 4615 1990 7022 5873 4665 1587 3330 486 3340 3371 6870 8110 5896 4484 8077 120 5928 4724 3309 4535 8145 4664 3440 4761 7114 4767 7094 2136 5999 4825 8177 2159 5722 351 3394 3432 4768 8220 7188 7205 798 3560 6055 810 1983 3571 7140 4904 573 7259 718 4948 6168 6166 316 2215 4654 7328 3303 2108 2138 2125 2364 5024 1003 3748 4943 4910 2168 7356 5973 2124 1078 6359 5170 5190 3911 2373 2572 8335 1168 7507 4912 8576 2708 1086 2754 2687 8111 7926 7153 6813 2077 4534 581 8002 7782 8084 5557 2166 6962 252 6703 4399 122 6235 3392 4945 5848 2137 6831 170
3552 4322 138 148 4317 4319 134 2976 4328 6748 170 1562 7850 4327 5572 167 4309 1646 2967 5626 152 5634 6813 6790 6793 252 1710 7904 239 7804 5649 6799 7917 1735 4447 7922 4407 255 182 210 279 292 311 3138 303 119 323 7933 1784 4436 347 1795 7955 5632 3154 1647 2995 3071 1771 3150 1748 6831 4351 5713 6907 213 1594 1742 4500 5772 1843 3205 335 4480 3198 4476 1836 1846 7782 5527 1840 2949 3202 4274 6869 1827 3213 4526 1812 4542 5526 3225 3222 6736 5687 269 5790 7945 4543 313 2940 8003 1869 425 5803 8016 3053 3232 4546 348 7785 6963 7791 1911 8049 453 6962 485 3228 5839 502 1901 4469 4566 489 504 1933 6993 1918 1882 4399 7796 3299 3280 3224 4597 520 1610 5867 5853 531 3239 472 5859 4605 6966 478 5870 7985 1803 3295 6878 5862 4634 554 3318 3302 513 5879 5878 5881 4632 4275 1975 4565 1701 3317 8019 524 555 561 563 1980 484 571 3329 361 4629 246 8084 3313 566 4643 3321 197 3237 3342 4652 6969 3336 1637 4574 581 573 490 496 1971 7048 600 1917 575 5906 592 2015 3293 4585 8107 5520 4676 6730 122 2963 4288 455 5541 6703 5553 7801 1558 4696 3378 7803 5856 6688 619 4291 3259 1996 3392 5549 2005 3401 3417 627 2078 5944 605 2077 2072 6705 4719 5841 468 5937 2085 8135 121 3422 8097 576 6986 7088 7086 3314 3442 2033 1960 8092 2036 3204 4763 8156 2133 4304 4767 2123 2118 5982 416 613 8166 2137 2028 7121 3450 8163 4673 3481 4792 715 2055 4768 2139 8141 5807 1914 2066 3511 4829 5576 3482 7108 637 792 667 2223 3556 798 4862 3455 3549 699 2207 7222 8249 3569 8221 7203 4821 5970 8127 6006 2238 7233 7181 7172 3479 8216 8130 3553 7230 770 8245 7212 7064 3430 4851 717 3664 814 4741 863 4959 4775 2331 2361 943 4948 5804 931 5848 7188 3595 6000 960 8335 3524 4865 2198 2341 5024 3703 5985 8393 8396 2373 3591 1003 7365 827 5020 3729 7037 6249 1048 2293 1016 7298 8457 4712 848 3818 2381 7213 1020 6315 4945 6210 7093 8165 7101 7430 5136 1092 874 6323 6281 8452 5145 5022 5032 700 900 5151 3486 7409 1111 549 8475 3833 850 2521 7444 639 5138 5164 2511 6003 1125 3543 7437 4787 5170 2520 8146 6362 1154 7462 8436 5173 8491 3880 630 1151 6353 2534 3883 3571 6030 8153 3899 3851 6367 5172 1147 1162 1129 5190 1160 3858 1172 1171 2424 7490 1174 1086 5125 8478 3911 5199 3487 2576 7494 2585 3930 951 5206 3933 1212 7525 3944 1221 2606 3962 1258 2342 2671 1218 7572 3928 4013 8590 8275 2709 2708 2687 1344 4061 2754 4135 132 8342 5820 5727 6885 5960 8442 3335 2959 1194 8136 7176 6101 7036 3305
3553 170 252 4343 7818 2949 6831 7903 138 280 1784 4483 6793 1775 5719 5772 4529 3202 4534 3069 8002 4549 5821 8016 5570 5831 1742 7803 491 506 5634 7812 6782 7882 3287 5713 503 5804 134 1916 1679 5881 3317 1910 2977 4651 7023 6953 3295 563 1836 2070 8107 8163 2137 3549 6006 2265 8017 5945 4712 4939 5770 3488 6210 6235 5024 908 5843 7212 943 8436 8442 4763 3777 6209 3813 8468 2061 6334 3833 2175 1056 8466 2513 4768 3857 3819 1086 2496 8335 3378 1162 3859 5956 2572 4741 1182 1176 7525 6396 1187 6387 1213 2606 5220 2626 2630 1218 2649 5232 1270 2445 3992 1141 1304 4061 4013 5734 4592
3557 138 148 2970 1587 5572 116 5525 1646 4309 1558 170 5613 2957 5607 2995 7894 6813 3052 239 3062 252 4322 1610 7903 236 4447 215 6771 4407 3098 198 5711 4463 303 3138 7908 3053 1697 4448 120 4430 7926 7955 5632 4398 1812 3168 4500 6907 3150 7838 5699 1594 6779 4439 6920 1843 1775 4526 7982 6929 4484 3198 265 6782 4534 1744 1846 4537 5758 197 4542 3206 1867 8003 3225 3211 4528 7999 5821 6954 8027 3234 8031 5798 8034 4546 3069 5805 5790 480 3232 3213 1658 3254 132 1887 4549 4558 5837 5834 453 4330 6909 380 2947 2944 2963 2959 7790 1583 7803 6964 6703 4274 1911 2979 2969 3255 7818 5759 4351 7785 5839 3228 469 4584 502 5835 1547 3065 1923 5527 1894 511 5848 122 4399 3294 4610 4275 6961 520 5727 8065 486 1959 3300 8009 5868 1866 8005 4311 351 7991 1962 5847 489 5636 7014 1586 1892 3317 1941 1972 1964 5721 7016 8073 421 1966 4651 5853 572 1990 4652 7850 7033 3050 1803 269 7896 5521 564 1916 5534 7023 5722 5890 5830 316 3313 3349 4666 6831 561 8089 581 4622 7983 4661 8090 3359 3371 5913 602 7801 585 608 1784 3348 5772 168 417 614 610 7058 3071 4653 3328 8110 2029 3357 2036 3393 558 8084 4712 3392 3353 2047 7976 607 635 632 5952 3404 5969 7088 8136 649 4740 2077 8145 4743 4732 4597 576 4741 7074 613 2109 4724 4761 7101 3440 595 2015 7108 2129 673 4771 2123 3446 2133 6001 3443 7084 8177 6013 659 2137 2033 7159 8184 3425 2136 3306 6953 4829 5795 7037 3529 571 6006 6072 8211 717 8226 2068 667 770 6856 7205 7217 6113 8236 7203 3587 8097 7230 8111 3593 4870 3595 4912 848 2265 2281 7220 8200 2135 2111 3419 718 2158 4948 6166 2014 873 6180 6171 3631 696 733 7283 931 7059 5895 7078 8275 666 8245 3487 8345 3305 7328 3646 8314 785 965 2215 956 6206 5024 7188 3514 7212 8393 4943 573 485 1003 2002 6066 3787 5083 7356 2485 6311 2364 2489 2490 8452 760 3729 2125 7409 582 3570 7151 3430 5986 1107 2483 5106 8474 4878 6305 3820 3833 3321 5088 5961 3365 2414 1048 7094 6000 2521 7458 3684 7153 5155 5161 3448 3827 6315 5125 2238 6347 5063 7162 2066 3859 2538 2035 1086 3852 1135 6117 3811 5178 2549 5901 987 4945 8335 3839 3788 3879 2443 1146 6210 1145 1160 6367 1157 908 8503 1170 2562 1154 8501 7490 2568 3858 1147 2428 951 7140 3916 5199 3888 8481 2581 1169 6235 2580 2584 2585 7491 5213 8515 6374 3933 7507 5205 2593 5936 3911 7497 5221 1218 6039 5220 8484 5966 2649 8576 7572 8580 8590 1300 1213 2708 2710 2750 2754 2712 4104 1301 5364 3261 1742 1996 4673 5896 3379 7149 1748 5804 3239 493 4699 2154 549 3373 7936 8002 458 1873 6101 4483
3560 1629 5613 252 6831 5699 4483 1742 6782 122 5721 5557 4534 3202 8026 148 4463 6962 8009 5525 3255 5541 483 1857 491 520 7017 4637 3317 5896 1990 585 5890 3392 8111 440 2036 316 3513 3587 8345 2198 981 8238 5976 2398 565 3373 1086 6305 2486 1115 3879 5155 6511 2580 4725 5990
3565 5557 1629 116 138 5613 4283 145 5634 4309 6782 215 4399 6813 2995 3052 252 210 6711 5572 211 7882 1748 2970 236 6779 3071 7908 1775 7936 7850 7955 3150 4308 1676 6831 3168 1812 3050 1742 6907 7982 6920 5607 259 3205 7981 6929 2963 2944 1770 2949 5759 1867 5795 3069 3202 265 8002 3213 4549 5819 1887 3198 6956 7991 1863 5521 4483 417 8009 103 7785 3246 4535 5831 458 7999 3252 3232 4558 1911 4545 4526 1923 491 1916 6979 7995 4534 3280 5853 4568 1943 4607 1959 8005 1906 6954 7008 506 518 8007 7014 3317 440 1953 1971 197 5721 4651 7813 4476 1796 565 4633 122 7033 7036 563 566 120 5766 4666 4652 7812 8073 5626 4661 3331 582 3340 6943 4484 6909 8110 7058 3353 3392 3228 6730 1975 635 5942 7081 5896 4678 604 1784 613 8145 650 5943 3391 3257 425 2109 3440 3426 3446 662 632 4712 2976 673 4771 5989 6001 7127 2137 8163 4732 2015 523 6976 6962 5804 3450 6013 7162 8200 4785 6072 6066 2168 2170 699 770 3524 666 756 3259 543 8216 6101 1771 717 801 5966 3587 465 3365 2265 3595 7176 3321 727 7140 4673 8165 7203 6067 4865 5976 7016 3482 2154 6180 5935 7300 8174 931 8245 7264 7328 956 5024 4870 7212 8412 2373 3684 3818 6305 2414 6210 4677 6315 2495 3820 6265 2486 1105 1107 3837 5125 4704 7092 6000 3839 7091 3833 3853 1101 3862 5155 2341 1126 7188 3888 8478 2562 2135 5161 7490 3897 3890 3901 1181 5204 2487 5174 3530 2581 5205 2125 2580 6390 8335 6332 7507 8515 951 8458 1218 2626 2593 6422 3966 4001 7572 6474 8645 2754 6539 4135 4945 5956 3487 5170 549 6703
3570 4317 6782 252 1748 211 4483 5741 312 5759 1784 1843 4534 5795 5769 1750 453 8002 1905 4309 5699 5557 122 490 6962 1916 4629 7023 551 4666 3300 556 3309 523 3371 6831 7033 566 2032 8107 2029 3365 5881 1987 491 3392 8084 635 8145 6964 4771 5896 7162 2199 7217 5943 3595 8221 4708 3570 7242 7328 5024 6235 7212 4865 4712 1003 8396 983 6066 3394 4777 3601 770 5083 8448 582 6305 1067 3463 8088 5125 2489 7174 3811 987 3378 493 4637 2418 4945 486 4867 2495 477 4610 3626 3827 1086 3853 6332 1096 3856 3839 6341 1146 1153 3888 6359 2559 6367 2562 6344 3901 2572 3916 5966 7507 3933 2630 6422 1204 1273 1258 6441 1175 1213 8576 4001 2593 6399 3928 7572 6474 5315 4061 1141 3912 7790 6101 2265
3573 6831 5674 5711 4463 4465 3123 4398 348 3105 4500 7976 6920 3205 252 7996 4439 5557 4534 4558 4528 6962 8043 5834 6974 1911 4537 8002 1887 4597 506 1923 4568 5848 6976 1901 3150 3138 4592 1843 5707 168 1850 369 3299 4275 1932 4447 5855 3240 136 528 1943 3246 5521 3314 4633 4663 3348 7048 592 3392 8107 4699 5939 8130 2066 5928 8111 2084 3427 5916 2096 1988 548 7093 566 516 1984 3375 2047 6964 4641 2133 4771 8017 7122 3465 3410 2088 2055 4799 6054 8177 7140 3486 756 3357 3517 2169 3556 760 6113 3479 3588 680 2260 3637 6171 6141 8165 4912 931 7279 3528 958 2373 4851 2137 4821 759 7164 595 4762 7313 3738 4781 6066 3388 8412 6240 7342 5949 8226 4724 3448 1086 6325 3811 5145 7094 1067 6323 1087 3847 3378 4704 3321 5150 827 1123 8466 5161 5961 5170 3460 576 6262 1119 1135 5125 6334 1965 8221 3729 2551 718 1154 3813 8463 6367 8500 746 8204 2111 1160 1072 8155 3684 4806 8501 1126 2568 3897 5985 7345 3901 1141 7480 3911 2572 3916 1184 7500 3718 5007 5213 1020 1203 1221 1213 6422 3962 3837 2649 3969 8152 2624 6448 4001 2524 6511 4061 7300 4071 1344 2754 6539 6235 6703
3577 122 138 3168 1742 5769 1911 491 1923 170 5848 1887 506 511 4399 1916 554 8084 4651 7033 3392 5880 8221 6037 4945 6235 2373 4775 5082 1086 1146 5125 3911 2572 7507 6402 7572
3580 5557 6831 3053 3213 7801 5769 5634 1916 3392 7097 2133 4792 3637 5174 1086 5125 7507 491
3584 5570 4311 4309 1616 6730 3049 5557 6790 6813 1689 1748 213 303 122 7955 4417 4500 3168 4504 7945 380 6907 7982 197 4528 3205 7976 1679 417 421 6909 4537 3234 6910 6959 1889 8002 6939 2944 5613 439 103 483 491 4351 432 5869 7017 3232 3050 453 4542 5526 6961 3317 1742 520 6962 3206 1830 4643 168 2995 5834 3313 4597 4568 5870 7001 6991 3359 511 5521 581 8107 605 2040 4708 3392 7066 8112 604 625 4694 3404 5934 3417 2065 5937 8118 8139 1840 2099 1973 6981 1908 2137 7153 3403 6066 3410 2169 619 4734 4777 4811 6072 4699 1771 7116 4613 3479 7026 6006 770 4601 2168 3587 2125 631 2281 7217 7188 7328 5024 1020 2364 7402 6000 5087 8144 2489 4945 5895 888 5799 6324 1105 1086 8481 2538 3852 6310 3845 2511 3843 3839 8466 5161 5181 1014 3851 3879 6359 6362 5170 5049 3853 3888 1166 2562 8335 2572 3911 1169 7158 6235 7507 2606 2630 3962 1221 3893 1213 1300 6511 2750 7594 2754 2687 1193 3865 8491 4845 5636 5136 6306 5172 493 316
3585 6782 4534 1742 491 3069 5848 252 122 3317 8084 5534 585 3392 5125 3839 6210 8316 7507
3588 170 1612 279 4292 7823 341 4471 343 7822 7945 152 1784 3021 5769 1843 3105 1771 5649 5791 3126 6789 5713 6782 1629 2976 6703 4437 243 1744 4439 425 1830 333 8023 460 351 1887 4546 6954 4552 6929 5795 3088 1878 5557 4578 5706 8048 5830 1827 8008 491 5837 8069 1916 2949 518 1953 505 496 5879 5881 4641 3252 5721 5888 466 453 8070 1964 565 7033 8084 1972 1971 7008 3239 1742 5848 566 252 4663 3349 1544 4545 1541 5901 3369 4697 4659 4695 3353 1873 8110 4708 8107 7063 2036 605 3317 634 522 3419 649 2068 3331 8145 8130 3300 636 5766 8163 5914 3202 4761 2105 699 2152 8197 585 7183 2033 3327 5903 635 7093 2070 7082 4829 7181 2066 1836 3257 7205 8245 5895 4624 2175 7159 2014 827 4845 2052 3246 4821 3443 3587 7212 760 4910 3373 7217 2295 6166 6117 7176 4865 4948 3597 616 3388 4712 1987 6185 7300 746 5772 5024 981 2373 1003 4878 6262 4825 8275 1965 3657 6210 4643 8174 3560 2414 7264 1045 8412 717 1048 4622 3357 5803 987 3378 1858 1072 3813 3847 3833 3862 6294 1105 4867 7398 8452 3811 3879 8491 3882 2548 6367 3890 5181 1129 3887 2553 1160 2135 2521 8502 7489 2496 2562 5172 3911 3875 3810 6360 3819 1191 2483 3897 1186 7092 1126 2585 7491 7507 879 7480 2630 3658 2568 2611 6953 1141 5843 4483 549 297 8002 6387 873 6329 2089 3286 8484 5956 7091 4537 2443 197 5960 1086 303 2002 829 3069 4637 421 2202 5896 3206 7149 4794 454 8335 5935 3548 106 1689 5990 4534
3589 6782 122 252 1742 4483 409 5809 1796 6962 491 5851 1906 1972 574 3317 608 4659 3392 503 7081 605 634 3306 563 662 7082 7193 4806 7093 4870 8249 4697 2175 2111 4673 717 4943 8275 3548 2201 3410 7300 7356 7174 6255 3463 989 3321 565 637 4910 2061 5005 2398 8204 7392 680 8436 5083 8463 2490 4629 7279 6037 5060 8031 8434 3841 3839 2513 2483 7092 8162 6209 3853 1111 751 4724 2486 5166 2534 3858 1129 3895 6367 3873 2553 2562 1170 3887 1169 2568 4725 2572 1181 1182 2581 2585 7507 1201 2606 5220 7491 2630 7525 2626 3928 4001 2341 6474 2708 3997 3530 7790 7490 3488 829
3591 2957 122 138 1583 148 2959 1646 236 2947 4309 1784 3053 3098 6831 2979 4483 5557 7981 1850 7955 5795 7801 6688 6748 2950 1843 1547 1768 4351 8026 5821 1887 6929 3062 1742 6884 8016 5799 5649 7945 1911 6771 4400 3232 265 5848 4563 5804 1923 520 491 3305 7014 269 1803 5805 555 5853 1558 1586 5632 4317 502 197 6682 2995 1892 489 1916 4275 7882 7023 7850 4520 6979 316 6718 1901 103 3294 3211 1906 1878 1778 4652 3150 8073 1971 3252 1812 5881 5837 581 4624 3353 6793 7903 2015 571 2944 5613 3371 3391 5790 4484 602 585 1953 3404 8107 605 635 4708 3365 4666 4659 7033 3392 8110 7093 7097 3348 2029 2018 563 616 5841 2035 3425 5890 2036 634 5956 2033 4677 3261 6013 1988 565 4545 5687 4829 3549 484 2175 7181 5943 5976 3595 6953 6113 455 760 6166 351 4811 3035 454 680 7176 3609 6101 666 5936 4948 8101 2215 5895 7264 8005 6180 5964 2238 6171 2168 3570 7037 3548 6235 6974 6255 8249 4771 6976 3378 5125 5106 7091 3461 7094 3276 7149 3845 3837 2111 6315 2486 3820 1101 8474 1086 8314 2560 2572 3916 1129 2581 2580 3901 1201 8515 3911 7507 8335 1212 1213 6402 4061 2712 3858 2687 2754 8645 1846 5766 987 829 5935 4343 303 5534
3592 5549 7802 5557 2976 5543 148 5580 7823 1629 4351 108 3023 1567 170 7803 2992 4328 4311 6782 5634 7894 3044 3030 1598 7904 4341 5636 6790 1695 3058 188 7893 3098 4437 4292 5674 7922 4447 5649 7813 5689 4463 1724 3138 3055 243 6868 116 4469 7955 3150 1547 5743 4429 136 1812 6730 236 5755 3176 1628 369 5704 168 7912 4476 3173 7838 7863 5741 6884 6831 5769 3065 6870 3187 255 1837 7782 4274 5519 6680 2944 5520 6679 417 6925 256 6689 3204 5507 6682 4275 3169 3182 1539 5746 6947 3213 3053 1742 8008 8002 4528 5722 8023 7983 1856 8026 4558 343 5818 5678 3202 132 7785 5534 5799 1873 1875 5803 1750 6929 3241 6861 5819 4565 3206 3219 5830 1894 1731 5812 6968 3256 4483 4583 3245 3255 6966 376 3251 1906 1923 489 6939 1916 1786 506 5790 3269 502 3287 6964 6946 4595 491 3292 4587 6969 5835 5851 1886 5861 1679 527 1610 500 1935 3246 8005 8073 4640 1947 4597 7014 3313 505 3317 479 1985 3294 4596 5868 566 1669 2963 2949 6703 5541 4283 6718 6716 1578 1593 4661 7801 1545 4304 5545 3359 1544 5906 1987 3365 8107 2005 3369 4677 3348 4560 608 2035 605 3351 4545 623 613 5856 511 2018 4673 2070 5926 8135 4535 2089 7074 582 8130 4741 1941 8168 5991 5945 666 4693 8177 7077 2068 8160 8083 6930 3458 5994 7193 5770 756 8216 4732 5933 638 631 8249 1910 3388 8233 3507 7164 423 2154 3495 634 3570 3588 4873 3595 777 2170 2198 7279 858 3597 5934 6183 7091 827 7188 7158 3373 8355 5892 2328 6209 5024 7320 8211 2373 3626 8345 636 2428 971 8412 6066 629 8335 4963 4865 8452 3811 8468 1092 8314 6992 1102 1113 1107 3548 3530 1086 3401 6350 6347 1129 2544 5169 8481 5173 5180 3851 3880 1085 8467 7430 3888 6310 2562 2584 1184 725 8503 1165 3928 5146 6101 7300 1196 8506 1094 7525 6422 8576 1361 3309
3596 4483 1742 4534 6831 5865 3317 8002 3392 6004 863 2319 6313 3899 7507 7599 1378 5125 1086
3597 252 122 4483 6831 411 8002 5835 4573 491 3294 5867 1964 3181 3392 545 8156 3317 381 6952 6873 7164 756 4581 4778 6058 3259 8039 3273 3765 1105 5125 5186 2559 2521 2562 1086 7507 3944 7525 5280 981
3601 5557 122 3021 3053 252 6703 6831 1742 6782 3213 8002 4534 4483 1911 6962 491 506 1916 5848 4399 8084 3317 3392 2137 2265 5024 3839 7153 4945 5125 7507
3607 5626 1784 4483 351 6782 122 432 5804 506 4534 3205 1742 491 6962 3317 8084 2977 2031 3392 8002 252 607 3410 5835 8221 6210 6000 2373 3524 3811 5125 1086 1107 8466 8335 3487 2562 2572 8484 7507
3609 2992 122 1586 6813 252 198 279 7945 2940 1629 8023 6680 5848 1778 4546 1775 182 1947 1898 1908 3246 1923 4655 567 8084 600 1971 3392 4708 1916 4545 3443 8163 4767 7203 3463 673 3317 746 7212 7128 6113 8245 4865 4912 8221 5993 4779 6185 3378 3657 8314 898 3787 1072 2381 3813 6337 3820 3684 5125 3862 5155 1086 8335 8481 5161 2548 785 3888 5117 7094 5190 1155 2562 1169 7490 3911 2572 5199 1184 3916 3915 1201 3933 5205 7507 1186 6387 6402 8515 1218 2611 7491 3966 6422 3893 3839 8576 8580 2624 6235 7572 1301 6474 2710 7552 8590 4061 2750 8640 8645 2754 956 8136
3614 122 170 5634 5626 197 5769 6703 7801 5557 5519 1778 4484 8002 506 1911 5804 6962 1916 491 5848 511 1923 8084 4729 2133 7153 2137 8221 4945 1908 7328 7188 2373 5125 3811 1086 3295 1146 1105 2562 2572 7572 2649 8335
3618 6831 122 4483 4534 5557 6962 480 5804 252 1916 506 491 2047 1742 7127 8177 2373 1086 1081 7507 7572 1881 3915 113
3620 6736 5557 6782 1646 324 4483 1742 138 4534 8026 6688 269 2963 7812 2949 5523 4574 8043 3258 6962 491 8002 1923 1916 520 6976 8017 8084 1866 3356 581 5848 3422 2107 4771 2104 3317 7162 663 4811 4945 2373 8118 5125 3837 1172 1160 2560 6235 2649 7572 8645
3625 134 5570 1562 4343 4362 3034 4399 7893 5678 1748 5659 4407 7941 1541 346 343 348 2949 6831 5533 4483 1812 7978 1830 369 1837 114 4480 7982 3213 1556 8002 3203 5804 1786 5790 1883 8026 8009 3250 479 5835 6967 5837 4528 8043 8045 5818 3069 6945 491 474 3280 4584 4597 3220 8034 6976 1824 5821 1594 252 6782 1586 7837 211 4308 1583 6720 241 1958 6679 2967 5867 4607 1578 500 8048 4526 523 3317 3322 5885 553 7026 1898 8084 4609 3306 4629 1990 3329 3311 7008 3320 4647 2002 469 529 565 539 3340 7790 1945 5896 7048 6956 6961 2003 2029 2032 4622 2034 545 7059 5865 6885 2066 3293 5942 1742 5952 8129 5951 1971 380 6752 6936 3224 464 6909 7097 5969 8141 4752 3425 3440 4710 4537 594 6991 4725 4771 5752 7127 694 4799 2155 7082 145 2015 7140 3439 6012 7108 4829 6006 4678 759 3435 6066 8221 5884 2205 792 7093 769 797 2201 6030 3225 615 4870 7217 4776 4806 3569 7230 820 3479 2215 827 4904 2275 3595 718 6180 873 3664 7007 900 8224 6171 7115 4963 8345 3657 2364 7328 2358 3631 7128 4997 5024 5007 7283 8204 785 5933 1003 3718 2152 1031 4865 3783 3818 7404 1084 5075 4743 4775 751 3548 1092 3684 1908 2168 8174 5148 6332 6337 6185 5150 1085 4704 3853 3837 3829 5165 6346 1128 3852 588 6028 2549 3871 2548 1145 5164 7016 1132 5173 6151 6367 3487 3839 2135 1162 8500 6360 1129 1153 7490 7489 7444 3902 3886 3911 3915 5185 2581 5199 8492 5213 1201 2580 7483 5220 3944 7543 3966 6441 3992 3997 1213 2712 4061 2750 2687 1262 4135 2782 6474 2160 2166 695 3513 2016 4959
3628 197 122 252 6782 138 5557 5693 6831 4484 6922 6744 4534 5772 1742 4483 491 1916 472 3295 8084 1901 8107 4771 2137 7153 3327 1086 5125 3872 1146 3911 7507 3035 8049 1851 4278 5504 7785 6943 2959 7870 4843 6682 7188 5880 85 2074 497 8207 3190 6790
3629 148 6744 1748 6831 1647 1742 6907 380 1846 4534 5799 3202 4529 122 6962 453 5678 479 4559 480 8017 502 8048 6980 6682 520 7785 3253 1827 3222 491 7022 4666 3330 402 7058 8002 2035 5952 657 3387 4673 636 4767 7127 3524 7181 8226 4837 5981 7230 6113 680 3561 2352 6255 3392 5989 6206 3597 5106 5153 8144 1086 8335 7404 3811 4661 3646 6235 1174 2238 7507 6441 4013 1300 4945 7572 4061 2572 2782 5935 1085 3474
3634 1646 3053 4309 4370 2949 138 7908 7801 168 5713 5636 3138 347 6718 316 211 4483 5759 1836 3050 3213 6884 3071 4520 8002 5804 3052 6703 5549 6711 122 252 453 5821 5837 454 4534 8031 3261 506 1916 5848 4563 502 491 4546 6962 520 1886 1947 8078 1742 4607 3317 5870 7024 6779 8107 602 565 1953 571 7033 4689 197 605 3365 8090 4673 3392 8101 5901 3404 6929 2070 629 7059 7088 4652 425 486 3373 5572 5895 2018 5951 3321 8129 7101 650 3425 3359 8165 6006 3443 7153 397 659 4829 3430 3511 7140 5986 760 7205 7212 4806 1778 4865 3587 4910 3570 848 7217 4959 8345 7328 6180 7030 8275 5024 8252 2002 573 6953 6209 549 8005 3709 4895 8017 956 673 4870 4775 981 421 7091 2414 6101 5125 8145 3827 1092 7058 8474 1129 2373 8335 4945 3488 1151 8397 8491 3880 6353 6362 5165 1154 1020 4725 8484 6367 3859 1086 5124 1157 1181 1160 3915 2572 5001 3901 7507 6235 2750 1361 1196 1141 3234 485 5521 1594 6990 6771 829 2341 3252
3636 252 6831 7991 8031 5821 3234 5570 4534 6962 4399 4622 3317 7088 4792 3392 746 8314 8341 2381 5007 2414 5001 5951 5125 5161 8335 4945 1146 3879 3888 5124 6362 8503 2572 2576 1184 6387 2590 7507 1201 6402 2606 8515 7490 1218 1213 2624 7552 8576 8580 4001 8590 2750 8645 2754 2712 6703 303 4785 6322 8136 4637
3641 6782 5557 6831 4483 4484 1742 8002 122 252 491 6962 5795 2963 1916 581 8084 3400 3317 8107 2168 3392 7328 6235 5125 3839 1086 4945 2572 7507
3642 4288 120 137 7782 3011 170 5557 6705 2995 5576 5623 202 4283 6796 6782 3023 4437 4442 3052 303 111 7837 1662 7933 5607 2976 6784 297 4480 1796 3107 3064 347 7908 100 5713 5572 4317 6884 4322 4483 4373 1768 2949 374 1742 1827 5743 1840 3198 3205 7990 4534 333 351 4351 1846 6711 3211 3069 7999 5799 361 3150 1770 5804 8009 1629 2959 5570 122 7801 2944 4274 1724 7818 1544 3102 6947 432 4398 4558 3241 1830 4552 5769 5805 3255 5831 386 1863 4291 5527 480 3264 6968 3247 491 441 1923 3212 4605 376 1784 5850 1930 8042 1900 4399 5853 3240 1883 520 3246 3283 534 533 5869 5867 512 6974 4589 1934 1875 554 3300 3317 246 3261 3308 4639 7983 8084 7033 6946 7839 7945 2005 4275 3357 6976 6873 3330 547 3378 2020 606 7058 2052 4292 6688 1944 627 5659 635 613 8112 7097 5873 2089 3423 3356 4741 8094 207 4755 2119 7032 3293 6001 5985 2133 7153 8184 8017 5901 2168 631 8013 6030 7162 7181 6066 6072 1914 6013 4749 7188 8221 4675 8043 2138 6058 5945 6101 558 760 7205 820 7164 801 8207 549 2265 4719 7159 3299 4878 666 3637 3595 3572 3664 8076 4429 5737 4959 8005 3388 3435 8245 4622 6206 873 5020 4849 5024 4895 4761 3352 8275 5990 8155 3394 3112 5911 2414 4833 3379 7213 2341 8439 4592 4865 8160 3765 3461 8329 3752 3306 6171 1082 657 1086 2445 665 6310 6321 1105 3276 5961 2521 3729 3551 5155 2505 5125 3852 7082 4794 1119 3820 3888 2560 2555 8335 2576 5205 5001 898 8314 8236 3930 7437 2593 1204 5220 1155 1213 6402 1174 2624 3893 1165 6387 2424 5280 5298 1157 4061 2750 2754 6374 4104 2553 6360 8083 7151 2495 7490 3305
3648 145 5580 1629 1612 170 6718 3021 4362 4328 7801 6711 7885 6776 4275 5632 210 6753 5649 252 239 3098 4442 3073 1738 7922 1761 5693 7926 5634 3102 4463 1771 4476 6679 5713 1768 2993 4439 3150 2959 5636 387 7980 4520 3205 402 5772 120 1812 417 1830 1778 1846 265 1775 4535 4542 6929 7995 5803 5805 6752 1858 8007 5824 4556 5821 421 454 5835 3261 3252 6962 4558 4569 4560 4563 1878 7896 484 1905 3257 6953 3280 4584 7999 168 5705 453 480 475 1933 4607 5853 8003 486 6995 4559 414 5879 2944 1583 7818 5519 2947 1886 4637 5881 6744 7008 116 572 6937 551 1979 4639 1898 1971 3336 3349 5870 571 4661 2957 4665 7048 7046 1894 5804 2014 4708 545 3039 4624 7058 1996 3383 3398 7088 4743 3419 5966 3426 3327 2089 616 8145 4537 2029 3440 8149 7108 4771 3393 2077 2133 5999 3477 2111 2104 707 2002 1964 380 1837 8070 2168 735 8200 2137 2033 4829 7193 666 3524 4811 7153 7222 4862 2256 3549 3513 6006 2125 8174 3530 6082 3597 3595 2281 3461 3488 7220 6101 7151 4821 7188 3637 6180 2238 634 2243 8220 3487 3664 931 8345 8355 7328 6255 4785 7342 6210 3392 2341 3684 8439 3570 948 5087 7212 746 8110 5914 7404 8199 1074 2017 6067 2175 7242 4945 3379 430 8458 3388 5895 8111 8275 5106 6171 908 3837 2521 3833 3811 3373 1124 1096 5161 3862 1086 5155 8466 4845 3378 2538 6347 2443 8127 2150 1048 3709 5178 609 5166 2035 1113 3448 3819 1147 3841 987 3890 3430 6367 3609 2066 1160 2559 8499 3788 1129 1170 8478 785 3827 2562 7490 3820 6374 2572 1181 5989 3858 6281 6382 1184 2581 6387 6390 7500 4870 2381 5007 1196 2584 2483 6314 3933 6399 5221 1213 6422 4001 8590 2708 2710 6474 4135 8211 1742 5901 2398 2154 3413 2047 1186 5981
3650 1676 6782 252 1761 6831 4483 8002 4534 8023 5557 122 6962 8034 1894 1911 1923 506 5848 4542 556 4597 6969 5901 7048 491 1890 4659 605 7033 5802 659 5986 2152 3410 2168 848 3259 2192 868 8245 6180 1947 7309 5087 1086 2414 5075 8314 7140 607 6331 7507 4945 4535
3651 116 6711 7882 5649 3053 6744 252 7785 4309 1689 5572 4447 3098 7917 4322 265 5626 120 4463 1796 3071 7782 4448 1647 4476 3150 5759 3050 1830 5758 1850 1836 4536 8002 6929 417 303 4520 3198 4526 3190 3205 5795 1887 4558 8025 7981 432 6964 2949 1583 5557 1646 4311 6703 2963 170 6962 5613 3228 480 3232 5809 4569 1923 3239 506 1547 458 134 5805 5837 475 414 3295 1586 6979 3294 1933 4542 5869 534 1943 5851 1947 4483 1742 4624 7014 523 5870 4568 3314 5721 4549 4651 558 4665 2005 6976 585 566 3371 5868 4275 8110 6990 3389 8107 3376 486 635 5856 1996 2073 2015 4710 2033 618 7088 4743 7093 565 3440 8136 1784 2029 5985 5982 5943 2104 8065 1916 5847 4673 2018 3435 3317 694 2133 8084 4799 4768 2137 8163 5986 6001 8101 6013 6017 8223 5989 5999 2281 4878 931 3591 3373 3597 4811 6206 661 573 2381 7392 631 2364 8368 3425 3626 3709 2373 6054 455 7059 4865 7213 2168 6066 2414 7016 8335 8200 3487 6101 2202 6010 6265 6082 2135 6171 5125 6311 3833 5103 3839 5088 1092 1053 7212 3826 3820 7092 6341 3811 1086 5155 4945 3862 4794 6347 5178 2544 1135 785 3818 3321 2551 1151 2553 1157 7490 680 1141 1169 951 2572 2576 1181 2584 1196 5001 8515 6390 6387 6235 7489 3933 7497 1218 5220 6402 1213 6422 2649 7552 2624 4870 4001 3513 7572 1300 6474 2712 7599 2754 4785 549 8207 2215
3652 5557 7871 1571 7839 4374 252 6824 6831 6818 303 4483 5553 1578 5507 5519 4281 3126 5727 7990 1771 8020 3222 347 4500 6703 6967 6869 6885 5525 3176 4556 4442 6945 8034 4574 6881 418 5527 4563 1541 3259 484 3255 188 1909 492 3278 5848 1901 1770 511 1931 475 515 8003 7015 4508 529 8073 122 1873 197 4605 5861 4661 1544 1999 4291 5851 7048 5835 1970 480 8009 5795 4566 512 568 608 2032 3371 4673 3369 2020 265 571 4712 6980 3328 5944 4719 8111 2076 2045 3373 4652 3335 4653 4592 650 7088 7074 673 5986 7108 638 5649 565 5995 4724 7127 3470 5790 3460 4322 4787 4593 677 4792 616 770 2154 7205 5758 3591 867 2236 6010 2298 4727 8252 3513 3631 4845 7300 3276 760 6206 8345 8329 2395 7183 2408 8439 6249 5005 7404 1028 1019 8029 7407 8152 3818 5125 2496 3847 7462 5032 1112 8275 3773 5161 6167 8335 3852 5170 3446 5172 6037 6351 8299 3885 7490 1086 3911 1182 7494 6386 951 6402 8576 7572 4996 8640 8341 5315 2750 2687 4135 5720 2957 3228 5526 1594 6314 3571
3655 5557 122 6831 6782 288 7803 1742 1850 3050 8002 4534 6962 252 374 1916 491 5848 1857 3392 613 5952 2133 2104 4792 3450 616 516 8335 2373 4794 1086 6235 3901 7507 455
3661 122 252 4483 4534 506 3317 1941 908 1086 8335 3839 1122 2572 7507 1201 3928 7572
3665 6782 3098 170 5632 8002 491 4534 1647 1677 3317 3392 650 2109 1086 7507
3671 1567 4309 148 4322 122 2980 2992 2969 1646 5557 170 3033 5634 134 5551 6782 204 1677 1676 3065 210 4274 6813 252 6790 6755 145 1784 4448 303 7896 5678 3138 5687 4330 324 341 6831 6884 1812 1775 7934 5753 6689 7976 2940 1742 3173 6679 2949 7927 3162 1843 360 1770 4484 386 6920 3073 4528 1768 4537 1878 4546 8003 7998 1887 3219 7908 1858 2970 298 6943 5812 4483 6869 455 480 4563 6957 432 4548 8002 4565 4556 3232 116 213 5607 5525 2993 321 138 511 3289 1578 3045 1558 500 504 4399 1886 3050 472 1943 493 6711 1921 484 1971 3317 3281 1972 1594 453 6909 572 8084 7036 1984 8093 1947 4661 3295 1960 3371 5902 4697 6961 7058 2045 2047 4708 3373 3390 7063 4699 3378 609 4531 634 4725 3404 4710 3416 2076 7055 1959 7029 8111 8107 3413 2099 5956 3425 3429 654 8135 5928 666 4771 3419 1873 8155 2131 616 7084 1987 2029 5804 6006 665 8088 3440 6000 602 471 4785 5890 8101 717 7153 7193 5973 687 7172 3549 3479 4845 735 7205 4876 872 2175 863 820 3393 8159 680 7176 3276 4797 4910 4534 2276 2138 3571 2118 2265 3664 3595 5989 6158 8169 6169 3487 6183 3588 6206 7112 4775 6082 818 4956 6039 876 3658 2364 7092 5900 989 955 3609 2056 8355 3703 3319 3426 7091 5884 5083 7093 5820 491 696 5007 6281 2490 987 650 7174 5125 4867 6311 3820 5974 5088 5136 1020 7086 3839 8106 4794 5148 2521 8469 3788 1113 8466 8275 3862 1101 5145 1119 1126 785 5164 2524 6315 6314 7478 5170 2486 718 1133 4865 6359 5181 1146 3858 1125 7479 6362 5179 1160 1162 1053 3890 2015 2534 1129 2553 8500 3902 1147 3897 3900 3887 7490 2568 8502 2562 8475 8503 8498 5197 2576 1184 5206 1135 5001 2581 5204 7499 1014 3873 2573 5211 1191 2580 1174 2583 6235 1196 2217 2585 5212 2555 1187 6390 1212 2606 6422 6402 7552 2708 6474 2709 8039
3675 5557 4483 6831 4534 6962 3392 491 252 8084 3317 2373 1086 7507 6235 7085 1213 2754
3676 1608 2980 2976 6782 6779 252 6744 6824 1646 7917 7801 3092 1662 3138 5636 4476 236 1812 4483 6771 6920 5759 211 348 417 6793 6796 4534 4535 1846 4520 3065 8002 6831 5790 3213 269 4526 5632 198 5803 1658 5649 8020 5799 6730 5821 3254 483 480 1923 3202 8054 4592 8045 1900 7785 5841 1901 430 3252 7882 3206 1771 3280 4399 511 5853 5837 103 182 6716 5549 7812 5523 2957 6995 4311 1910 313 5819 4292 1947 8065 4559 6819 4615 3050 213 7019 3310 8069 5851 1928 561 566 1966 3313 1971 4568 564 5830 1892 5722 5721 1568 7022 1962 7029 3308 4309 5880 6942 531 6940 5521 529 7033 3228 4661 1984 2002 3349 4330 465 2005 5890 6981 1990 7008 4623 6752 5541 5861 3359 5879 554 518 1547 5903 4531 3286 1967 3274 5870 132 5874 122 5809 5867 3371 601 486 5921 6962 2014 3389 614 8110 8106 3294 3381 4558 3300 2001 546 1775 2034 1697 3281 475 1943 3387 5936 3410 3317 1972 5795 1677 613 3365 4726 4735 2047 6718 3357 5966 1996 8116 602 8129 2109 2072 8145 627 4741 4597 5805 4752 3261 3224 3037 2036 4743 637 563 4469 4673 3373 8084 609 3347 2969 1742 3220 5825 6953 4763 639 2118 3348 4771 4767 2136 7084 694 3450 8155 4639 670 6001 8094 8153 666 3443 687 8111 8177 604 2152 5986 576 545 5772 4799 4792 5737 533 4715 3393 2052 4712 2035 2137 8184 2074 699 8088 7183 759 2175 6055 756 4811 3529 6054 5820 7193 7140 3448 585 2168 3474 770 8017 2234 3413 7217 4653 5959 3517 5990 6113 3451 3595 2131 4912 3513 3430 8245 667 659 168 700 827 746 3530 5989 6166 863 8165 7174 8216 6037 3637 7283 3666 931 8313 3686 711 850 4549 908 4678 8345 7030 3665 7320 6210 3476 2364 2373 3594 2029 5038 3729 2341 8227 3379 2441 1056 6082 5087 4871 751 458 2414 5063 3388 3321 1038 8314 7430 636 1053 8397 1072 6315 5125 2491 6323 6322 1083 5136 2487 649 1105 5106 3813 3837 7458 3276 6305 2525 2513 7213 1096 1078 1113 6329 1101 7471 3847 1115 5178 5170 5161 3852 8434 2538 3859 6359 5166 1172 8503 7483 8502 5179 2562 5086 1175 1168 1169 1184 2576 7492 1114 2381 7497 1182 2581 5001 5205 2583 7507 1201 3933 3944 5221 1218 6422 2630 1213 2611 7552 2624 6387 2671 8473 4001 8590 1300 1086 7572 6474 1314 6511 2712 2754 4104 2782 5356 5364 3295 493 3035 454 5534 3440 520 197 3460 1830 951 7023 5543 2584 6711 246 8396 4556 5155 1196 8136 8144 7850 635 7409
3685 6782 252 6703 4484 6962 1911 122 4483 506 5634 3317 8084 1742 7328 6235 1086 4945 3862 7507
3689 5580 2959 6782 252 6831 4483 3168 6921 368 4534 6962 491 4589 1916 122 1567 1990 5942 5848 8136 2119 2133 7084 3569 2223 4689 8199 5626 1003 5125 6315 3833 2524 3862 8501 8515 2710 4610
3691 2995 1616 3021 5626 6782 1689 6813 6831 7908 1647 103 5759 376 5772 4537 1857 138 1882 4490 4304 6975 8027 506 1923 3251 4300 3269 5834 3296 4605 509 107 475 3321 8026 8084 581 3342 4652 3349 582 5541 3319 4683 3359 8110 2051 4708 8107 1984 635 5795 2072 650 2111 7109 4771 4761 4811 3529 5935 6113 7086 2139 5856 2118 4878 2170 1953 697 4948 3637 3595 7242 2265 888 3410 5994 5850 4959 667 2168 3683 8221 5020 3517 971 785 8223 3302 8211 2373 2138 6209 3337 3594 3388 4560 8275 5087 6117 5083 3811 661 8434 5148 3601 2521 4847 827 1086 7020 5178 7471 2544 5164 4757 2408 5172 2548 6359 3899 1160 6367 5086 2395 5204 2572 769 4910 2580 8469 7507 6399 8506 3476 5141 1221 1213 8576 6441 1300 8590 2754 2687 6262 4566 4594 5758
3695 5557 4483 3202 6784 8002 4569 6962 252 491 506 523 1781 1997 634 4799 2133 7116 3392 548 515 2154 4542 2028 2096 6039 888 527 7408 6953 8451 5125 1086 3862
3699 5532 5543 4328 235 7883 229 1695 7898 1735 6782 7917 1710 6824 6813 3064 7782 252 1748 1547 4432 122 2959 243 4465 1616 1767 7839 182 5557 7908 4442 1689 5687 3055 3062 3150 1562 4283 3168 3173 5742 335 7802 4500 1670 7812 7804 1839 6925 4520 116 6869 100 265 7986 1679 5607 3069 120 5534 6718 5769 6711 3211 5721 1744 8023 5821 5798 5815 5809 7985 1750 3228 7998 431 4448 1863 2949 134 4568 5848 4591 111 3290 1825 6881 4552 506 138 1934 4607 228 4549 5869 546 1967 554 1964 555 458 4330 3271 465 3317 535 5870 8073 1886 5804 572 8084 3365 3361 2036 1947 3392 607 3359 4743 1824 5896 586 5891 8129 6957 4715 8107 4676 7054 3329 7074 1996 4745 2018 4686 2125 4677 8163 559 4697 2152 2137 4829 707 8147 724 8200 2151 4799 1916 760 8221 756 4719 6055 4544 2029 7155 717 605 7172 2015 4777 7212 3352 6082 4878 2168 7242 770 4959 814 8184 931 5007 2373 965 4865 6037 5989 3729 4708 6066 581 6206 827 6909 4704 848 1048 3787 8034 5106 8242 1959 3811 2489 8264 493 719 3829 1072 3820 3837 2513 8475 3845 3853 3862 7470 2166 6347 6329 8481 829 1146 3879 6367 7094 2524 6348 2562 8500 3901 8503 2572 2568 5103 5199 2580 6235 2584 1207 8515 1181 7572 1300 2428 2724 4135 2712 1544 1262 4288 5649 333 4343 8590 5545 145
3702 5557 3021 6782 3053 6831 4483 5769 4534 122 252 8002 6962 506 491 502 520 1916 3392 8136 7153 3595 2373 6235 5178 1168 1086 7507 1544
3703 6782 6824 6831 8002 4534 5848 252 1916 122 1742 3318 4483 649 2085 7127 3317 491 2373 7121 5125 8335 2572 1086 6235 7507
3705 138 4311 5504 1629 167 1628 3011 4338 5613 4370 6771 5596 6744 1701 215 3062 4309 115 6784 3092 6790 6755 3034 1637 4381 113 7852 3098 6826 201 1594 152 4463 3023 136 3065 5636 6779 7941 3138 323 7908 7893 7837 1812 6881 7955 3044 2969 4430 4439 5713 6904 255 316 6907 5686 280 333 1837 3187 4469 4407 6920 1742 1827 7936 1843 6777 6937 5746 265 4484 1846 4526 351 3206 3045 4528 335 4537 402 1867 6947 7981 3226 8007 198 8013 411 5634 1771 3071 7917 1863 8008 1882 182 4529 404 1879 3069 4543 3237 8031 3050 343 1804 207 455 4343 1858 100 5557 7801 7785 3252 5753 4317 5520 7813 4279 122 5549 99 7807 1905 1907 1911 4351 487 4292 3257 4556 1900 480 5820 469 116 6980 5795 5809 8027 1878 4563 5848 489 1903 6932 8034 4608 6961 4592 1943 453 3228 1931 8061 4607 5804 4605 531 8065 543 4546 528 1947 6991 6981 3310 4308 1958 1881 1938 3261 1966 478 8074 5532 3305 546 4643 1754 572 6730 568 4641 8002 4659 4663 3349 4596 5548 6957 586 2005 581 1984 1988 8089 7028 1964 3181 8093 3222 8090 1946 1951 571 3348 5572 6939 2014 608 2029 8101 607 3317 3365 3381 1803 7060 3391 4708 566 619 2047 3400 380 4699 2045 8107 3392 8009 635 5942 5944 5939 1839 2036 3378 4677 2028 4734 4696 5969 8116 7088 8127 2017 4741 4725 1921 3321 2083 5798 4664 8136 3122 5974 421 1697 2051 1750 3327 4726 3204 3451 2109 425 7109 2119 4758 5541 629 6945 8112 4652 4724 563 3370 3376 636 5982 2118 2130 582 7986 7108 2116 472 3347 2033 4656 2015 8164 2117 687 3465 6001 2131 616 8144 8157 2129 4300 699 2056 2152 1965 4785 3479 649 3485 5649 7927 4742 5870 2079 8050 3202 8174 6032 1669 7029 2169 5964 8111 746 3306 4689 6962 6013 2136 711 6012 7183 6015 7084 6028 7092 3474 4811 2135 4809 2018 760 4829 8155 5994 8165 3511 3448 2082 7159 3541 6000 4776 5937 8216 373 770 3549 2052 2207 4826 6918 6108 3350 6856 634 7121 4878 2199 2170 3571 7059 8200 8245 8207 7230 814 7112 2260 7153 8220 4912 3530 4688 4560 4710 708 835 3337 2271 4866 7032 2281 4865 7212 801 3593 2162 7149 8227 663 3299 717 2243 3328 7207 2096 5935 6167 848 2298 3416 873 4895 868 764 3572 6169 736 4536 2337 7188 2105 6162 6067 4996 5843 3709 5919 7164 5038 6166 6189 8275 4678 8152 2208 8412 2395 987 7279 718 8439 7408 1045 3787 5083 1048 3595 936 5087 4775 2398 2428 2038 7392 2443 8457 5088 2485 2400 798 3729 6265 3813 1083 7437 8467 5144 2061 8452 5103 3820 7458 2424 8473 5075 6316 1902 3826 6209 1113 3717 2513 3827 4685 1096 3837 2521 7404 7454 8360 900 5153 3775 7094 1111 2471 1101 6306 1115 8474 5169 3526 6346 3862 6349 8162 3752 2541 3379 2441 1145 3855 3852 1154 5180 4995 3847 5106 2539 5173 6362 5161 3883 6266 1153 645 6344 2362 1141 7444 3810 2544 8441 5155 2560 4812 3902 6360 8503 2553 7480 4963 7122 2562 1162 3859 4867 1084 3915 3873 5199 3911 639 1176 2572 5170 1177 5976 1169 1050 8468 3901 2581 2579 3636 6262 7430 6235 6386 2580 6387 1191 1184 3430 696 2586 2561 7507 3854 8501 6399 3933 2585 2593 6049 3904 3909 2626 3907 6396 2504 2630 1094 3896 1273 7590 1192 2754 8640 2750 1204 3955 4071 7572 1206 6341 3962 1196 8645 1301 1072 3487 3588 2026 8168 4806 5901 1565 4716 3227 625 2484 1999 8466 429 4657 2230 7790 6941 5861 3295 7000 6369 7030 6311 3839 1130 4493 6885 3843 311 8073 5995 6206 1761
3707 7818 6720 2976 6703 1629 7831 7871 4338 7883 1565 5613 3049 6782 3004 6813 252 7850 3092 1738 4442 6679 4448 7926 321 3138 303 7908 4476 1768 288 3055 6831 316 5713 189 2977 1742 5636 6885 3088 3037 7953 7882 4483 4500 387 3173 7978 7976 361 5759 6914 3205 1837 7880 6934 4528 4534 4537 5722 106 3190 8003 376 425 5799 1830 8012 434 7991 431 4546 3071 8007 3208 6936 3102 5795 1879 5818 6954 460 4552 8027 6959 6963 436 1889 3250 7983 3181 3261 6962 480 3259 6932 465 6975 6753 1697 6979 4569 1900 3235 5843 5758 4504 122 1545 1646 4565 5526 1923 1677 5634 6790 138 6716 503 1576 4399 3212 4275 2980 4309 2957 1886 6946 6990 3182 332 1954 5869 1957 5648 541 531 4283 3300 7001 4623 555 4640 5878 500 1971 3317 1972 8077 5883 4633 549 440 4564 563 5890 475 8084 3321 8070 566 4672 4666 8060 4663 7045 586 3295 5809 5895 3359 8090 4683 546 1666 3353 533 512 3369 8107 606 7054 5885 3396 4708 7034 3392 2028 3373 7058 3383 635 8131 3414 4673 3419 7087 3302 649 564 1824 4568 2072 3253 8031 5968 7097 618 3306 4724 7046 7025 8145 5914 5954 6993 7981 5956 3293 5927 2109 4613 8141 6957 3440 7101 7109 5982 2112 7094 4664 8130 5951 5991 7029 8164 2133 611 3449 8144 4715 2111 4785 3328 4799 3485 6030 4792 4794 699 6013 4752 2178 8166 4811 8153 8147 735 8226 2169 4829 4787 2061 760 3390 3541 4675 3517 7026 2217 3593 7091 2199 8168 7149 6150 680 3609 6180 2215 4726 5988 7084 5973 6082 3448 4943 8217 7328 3570 955 3595 913 8345 7283 7342 4560 3488 3718 5926 2419 7213 4845 1919 5022 3486 7242 3787 3777 6249 5083 8223 1016 8450 5114 3811 8091 7264 1087 2400 3378 7449 5125 6324 3684 5063 8434 2496 6166 4865 2521 3837 6323 3841 4956 2088 8275 4583 3857 5155 1112 7320 1096 7430 3862 5153 8169 2538 1072 1122 5170 2544 2424 1126 1135 6359 1106 3833 3832 3880 6281 7014 1133 5190 1162 5976 1160 8473 6344 2495 3891 5086 8502 3859 2568 841 3902 2561 3911 5204 1129 2408 5138 8293 6235 1165 7356 2364 2586 5199 2573 7507 3788 4712 6399 2593 1113 7128 6396 1203 8525 7543 2630 3966 3893 1107 3969 8576 8580 1285 3928 3666 4001 7572 3873 5280 8590 7590 7594 2708 1336 6511 2782 1149 2069 3636 981 5110 6953 7042 8316 4610 5974 8036 3264 8466 5838 5541
3708 5557 252 402 1778 1742 4534 3254 472 458 5848 1935 1886 7008 523 3317 4483 3300 7029 3251 3313 566 4330 4546 3426 7088 7097 2091 2123 3305 491 8156 2164 5982 659 2018 7130 211 7222 2002 2108 4873 8313 827 760 3430 5772 5989 956 6235 8442 5083 3787 3488 3752 7356 6210 2236 2202 4867 7449 5125 3819 3811 5088 3813 3261 5063 7430 3529 3841 2215 8466 1107 8200 5169 2549 5190 1169 7140 5951 5199 2572 2573 1184 5205 7507 4912 963 1218 2496 3873 2649 981 3646 1300 1301 5315 2687 3279 743 4736 4531 2969 134
3709 3021 4309 252 211 3053 7908 210 5557 351 113 1742 4483 1846 431 1771 4351 5772 5795 5759 7991 1748 1840 491 4399 520 7801 6991 6782 122 571 4311 4661 8107 1803 4719 8084 3381 3392 8139 4764 2137 4811 6909 8216 4945 4775 2281 458 8335 2373 5848 7212 5106 2111 2243 1086 2018 2581 6235 5205 1201 4943 5255 2750 4135 2995 6101 4095 7821
3712 5557 122 6782 5743 1742 6831 5769 5830 6962 252 3317 8084 3392 4483 2137 2123 3519 7193 2139 2373 1072 5125 7094 4945 3862 8335 6316 7507 4001 7572 5280
3714 7801 138 5557 5634 6782 3050 3092 1748 3053 252 312 7908 5626 5741 343 6831 7976 6703 2949 3069 1846 1742 5795 4537 3250 3254 1911 8049 6968 477 5835 3259 6826 491 8017 2957 4534 6964 6962 506 1916 4399 5848 1923 1938 122 197 5888 5804 3282 8089 5885 5772 8084 3392 5902 4651 6996 4559 4792 6001 7153 3524 795 4865 3570 3474 4664 4963 7328 5024 6235 6240 2373 1019 4953 6328 5125 6322 6262 4945 3862 8335 1086 8314 7471 3839 5181 7479 1153 6360 3886 2572 2580 7500 6389 6313 7507 2722 632 4811
3715 3023 3037 6782 4401 5540 2967 3071 6831 4483 6703 6885 7976 7970 3150 404 409 7998 1850 5521 136 431 5803 6962 1911 506 8054 5848 4399 7801 5557 3053 5545 6956 6995 1980 2977 5870 3306 7036 1593 4531 2037 7032 2034 4740 7058 5770 8156 7127 2133 5772 4682 5989 4799 687 5884 5938 3448 7153 360 3588 616 888 4955 8355 2373 6206 2408 3750 2003 3787 7404 8335 2424 1057 8275 5063 7437 1107 3820 3684 1129 4945 5184 1151 6367 3899 829 2576 6382 7409 7494 3425 6390 7507 5125 2606 4001 7590 1314 5315 4061 4104 6374 6387 2626 7525 3228 3487
3718 2949 4317 6813 1689 7812 5607 7926 7955 4463 7976 4373 351 5759 4531 252 1843 3069 4291 5790 1830 6718 7945 1869 6884 3211 4558 1878 6962 1911 4528 3252 425 491 506 511 4399 475 3289 4542 8031 5837 1966 520 5766 5713 5521 5769 523 5799 4652 1901 3321 3359 4535 484 4661 493 1971 3365 4610 8110 7054 625 4537 5848 4685 4738 6831 2080 3379 7088 5927 3348 7058 571 2052 2036 5772 2137 2126 8017 3511 530 7217 3571 7181 3392 2047 735 3517 6113 3435 5986 3355 3418 2175 5943 680 4768 3220 3353 7983 455 634 565 867 3591 3560 931 543 8335 939 6235 1003 6209 2115 6039 7212 3328 5083 522 8458 5125 3373 7404 3246 2070 987 3729 4910 6082 2364 2015 4945 561 3597 4694 3813 4704 7458 3378 609 1086 2095 3839 2443 3862 1111 5170 5178 2562 5124 764 8481 8474 2014 1169 8503 3911 2576 3909 1181 5199 1194 2580 8515 7507 2217 1213 8576 7552 8640 829 696 2940 8130 4288 5636 7790 3035 5801 170
3723 4330 5626 3052 252 1748 4469 6703 3168 1742 4484 4534 3069 1846 421 8002 5804 122 5557 170 4381 491 7801 4399 3295 4610 3317 543 4652 3353 3392 635 8136 2066 3487 2373 8396 2485 4945 3837 1105 7094 8335 5001 7507 1213 1146 2754 1378 4135 511
3726 7803 182 1658 1676 1748 3098 6831 4439 6741 4483 6856 1742 1850 243 5804 2993 8031 7801 170 100 6962 6752 3253 5834 479 4308 6782 1900 3271 4559 511 5848 3289 6930 3295 4399 3269 4585 4274 527 4407 6881 1886 5855 1954 7812 7014 6730 5878 4330 1967 1943 7023 551 402 3317 6969 4275 5883 2006 4661 3340 3349 8036 5766 4678 1558 3252 433 5903 4687 7026 3389 4712 3381 1898 4699 4697 7060 1997 8002 2037 3307 8084 3390 4447 4761 2133 5959 3450 4570 5973 730 4799 2137 6004 4833 7084 7205 3630 858 6185 3666 1916 8005 8305 5990 2082 3088 4780 2373 764 835 6262 1045 7298 5114 7402 1053 3818 3813 5975 1093 1086 3856 8466 8335 1146 2381 5106 5166 3425 3899 7449 2488 1157 3887 7055 8498 2562 4945 1050 2590 7507 3928 6389 5185 2484 5125 6402 2504 3969 2709 1314 1074 1300 2754 1750
3727 3053 252 4463 4534 6703 6962 269 3198 3392 6831 3317 1742 4330 7153 6066 3524 2215 8314 7507 1086
3728 122 1742 491 252 255 6962 1980 3317 6831 8002 4483 8084 931 8245 1086
3729 5557 137 252 152 6831 2949 2944 1558 1738 4483 5527 5759 6920 1735 4534 4526 1778 8002 5804 423 168 6753 7991 1742 1873 7936 8026 425 8009 4545 4559 5830 4547 6962 4569 1911 5837 6782 122 1878 491 3280 1943 4563 3317 3313 548 572 8084 5848 5895 5855 5866 4629 81 3348 4678 3359 591 3257 2018 3292 1887 1970 585 1996 8107 2020 610 7055 4705 7058 3392 5942 631 635 3404 2085 1679 361 545 4732 7093 1898 2083 604 4721 636 3347 5762 8149 7074 4724 5956 638 613 2104 5982 5996 2106 3375 5856 4768 6003 6013 7162 2166 7178 2152 7205 6072 3571 7176 5943 4624 7212 7159 3543 8199 7059 4667 2201 7011 900 3609 3570 7213 7230 659 5020 3684 645 5114 2207 5007 7404 3773 4867 5063 2381 6325 4943 3811 1092 5115 2483 908 6326 6265 7122 3435 5145 3788 8165 2055 3752 3833 8087 5161 5173 4945 5125 1105 5989 751 2414 1072 8397 3897 7082 8345 1086 8227 1170 1166 2572 1169 6235 1191 6360 2583 8307 8335 2590 7497 7507 8458 5212 3928 2443 7525 1212 6402 8450 3962 2649 6374 7149 4001 7590 8590 8640 1846 858 3488 4463 6206 3122 4785 4373 7094 5966 627
3730 170 5557 145 4370 4374 7877 7870 3045 182 6782 5634 3035 4399 152 3064 252 6796 3023 236 6723 221 7917 6818 5689 1750 291 4430 6826 5713 1784 6831 7907 3053 6789 1796 4483 4275 213 3168 1775 5727 3126 1850 5759 5576 417 6918 106 3211 8003 3208 7981 429 3202 351 3252 6963 1578 4558 6959 5803 1889 487 3261 3255 316 3050 491 3236 4597 493 5848 6979 1908 484 4592 5572 6958 3239 5809 1906 6885 7976 1916 5830 5867 531 5869 5805 509 3225 7985 6995 4581 458 4604 3260 6961 4641 527 3317 552 5881 4623 4649 566 522 313 4330 4672 5549 4317 5537 5519 1545 8089 5541 2963 122 5900 3353 8090 604 7051 5868 4685 4625 5944 4719 2069 5945 635 2072 594 8120 2077 2018 633 2089 3396 5950 5921 1894 6969 2036 2013 3435 5902 7114 5923 5999 2131 2137 5989 116 8177 1923 6879 699 616 6012 7149 6066 7164 5964 756 3448 3549 708 759 3426 769 4712 746 2168 2066 3571 2015 3357 8174 6058 3548 3603 3594 8197 2281 7081 4912 8245 4661 8169 661 4933 4948 4945 5998 8204 3664 4943 4821 546 4963 4970 5020 7030 5769 7264 3631 3570 7059 5024 8314 5993 764 2223 5985 835 841 4757 543 2414 662 5087 3787 6262 7151 7402 863 1072 8442 1960 6310 3276 989 2292 3833 5820 1107 4910 3847 6337 5145 5959 2492 705 2511 1122 5161 7092 1128 888 585 1151 3879 3880 2534 3777 6362 3855 6369 5895 3765 1172 3904 1086 717 3589 1154 8484 5199 2362 7494 2580 1191 6235 7497 7115 7165 1186 2573 3859 1201 4776 3933 5954 5221 3969 3962 6422 2624 8576 7599 2722 2750 2441
3731 1629 138 5607 6782 197 265 6831 1784 5519 1742 5769 4534 417 8002 4483 6962 5557 252 170 1911 122 5790 8043 1539 491 7801 3317 8084 7850 5888 3392 8107 635 543 2077 2033 2015 7153 3514 6030 8207 6206 8165 7328 6235 3379 5125 2486 7430 1086 8481 8335 7507 5315 2754 6264
3740 6782 6831 6698 6703 4483 4534 453 122 6962 6968 491 1923 506 3069 5804 2949 5848 1742 1959 3317 8002 8084 4639 3392 602 714 5964 6028 8220 616 3479 4829 6206 2215 2364 3709 3729 5989 5027 2373 8136 581 3811 2486 3837 4704 5125 6316 3820 705 3839 6341 7107 8481 8144 4945 3888 2572 6235 3916 1213 8576 7572 8590 2754
3741 4341 6782 252 6831 122 4483 4534 4548 6962 5557 1905 1916 491 4399 1967 6990 2026 3392 8084 3049 3683 3839 8335 7507 4945
3742 6730 7838 6741 1592 4351 4362 6782 5613 7823 7852 6790 3062 236 3092 6813 1750 1743 1610 311 4463 2977 1735 3102 7936 6703 4274 7775 5519 4448 2947 335 6907 420 245 5807 5804 8026 460 4558 6954 5799 5821 5830 4559 1905 381 1878 453 6986 4508 4399 6976 518 4549 3290 4624 6964 6718 1568 122 3302 7022 3317 571 523 103 3295 1953 7011 4330 5719 1935 1544 5548 3356 1947 1970 5903 455 8053 5699 7058 7054 4705 3392 3396 7026 4696 635 5911 3403 8145 3419 2109 4531 464 4771 4767 491 3442 440 4594 1892 7153 3468 6930 565 8166 5989 663 6055 6072 3524 2033 2205 7162 3511 3549 8199 4787 2201 3587 2230 4845 8031 629 8174 835 3426 872 3630 2281 2236 1984 8223 2195 2238 4865 777 4652 6006 4821 2086 7082 4610 3211 472 4743 7328 511 7283 939 4622 8342 2125 8200 2215 727 4778 5892 3418 8275 908 4943 2373 6054 3777 4719 2362 7023 5125 3827 3657 5142 2487 1086 5974 3854 1112 8475 1107 5155 8335 1129 1113 6347 3859 8372 5181 3646 8458 1135 8500 6344 7489 3885 3911 8467 3901 2572 2576 3916 2584 5212 6390 1184 6235 2606 2624 3819 8590 4001 7576 6474 2710 3955 4963 1881 3440 3030 132 7032 3818
3746 5607 1610 4370 204 3053 5649 6813 217 3065 239 5634 5686 4407 197 4463 335 103 7782 2956 4476 7953 297 351 1804 369 6909 1562 7976 1812 3162 7981 1843 3198 4283 5799 1836 418 221 402 3213 3212 4484 4531 7896 4546 454 4558 3234 1883 1869 5820 5835 6963 458 8016 466 5837 6958 3069 484 500 493 7908 4281 2949 168 3281 3289 1583 520 7004 5869 5867 523 4624 4568 5870 7017 4633 556 555 7014 563 1970 1980 574 7033 586 1671 3330 3321 2033 3348 5543 4652 2029 465 1987 3378 3305 1972 1941 602 5896 6969 5913 8110 8107 4708 5928 1850 2072 2068 7074 3410 4573 2066 3176 455 5752 8136 4700 1770 1609 4654 3335 3414 2083 8149 3350 2104 5982 2124 3450 7054 2133 7108 678 5996 5989 700 6006 4792 576 718 2151 3445 8200 627 2205 8204 4656 4829 573 8174 760 717 2168 6066 6101 8233 3548 7179 8245 7230 4549 3446 6113 848 6166 3507 8169 3528 3631 4865 6185 6117 3532 2198 3703 5024 6210 5947 2293 6249 7365 968 2381 2344 7001 572 2428 7298 1048 2474 5075 987 3418 1105 3837 2505 7449 8463 3820 3461 5953 3653 7468 1115 8466 3853 3862 2061 8481 6351 5155 3524 2373 1100 5169 3879 1129 3856 6310 6369 8498 4870 3888 5115 3901 8507 2576 3895 1184 3916 8503 2581 2580 2583 8515 2584 6387 1186 1201 1218 2632 3962 6402 8576 6448 2624 4001 8590 2709 1304 7594 1092 5356 3439 4483 5101 6703 5519 582 2137 4945 1916 6682 7084
3750 210 252 6813 6771 215 1695 106 324 4322 4534 1846 1750 1916 1910 3239 4589 3365 1957 5989 3317 595 6072 4829 3401 313 8155 8150 3626 4870 2398 724 6331 3524 8335 5170 5125 3811 3885 3890 1165 1166 696 1184 7507 1213 3966 2649 2669 7572 8580 4104 2754 3022
3751 1567 281 6744 1738 1742 4338 5557 3168 7795 5772 4483 6936 7801 1608 5634 6703 170 6831 7983 417 252 7991 122 4534 8002 1887 491 483 1916 506 440 4399 520 1948 519 5721 1932 479 3259 512 6962 3253 4661 8042 581 7790 5901 1796 533 4610 5894 4535 2035 605 7059 2028 4545 2040 5942 3257 2018 7081 7056 7034 635 3425 7101 666 4693 2104 7098 2123 5874 662 2136 3317 6001 2119 3430 4806 4833 3591 7203 2281 7205 6169 8197 3609 7242 2199 3570 4845 7086 5989 3683 616 4849 8345 8083 3391 7320 3548 8238 5024 3646 3658 8363 5900 958 2089 8164 769 7356 7128 2215 4943 2414 5075 1045 7430 7404 1048 2489 1081 7151 6323 5150 3839 5154 2486 3837 3862 5161 3487 3885 1153 8466 1166 7122 5086 2568 3859 1122 6345 1086 3911 3401 4785 2572 1050 2576 6344 3916 1182 3915 6390 7499 1201 1213 8335 6441 1187 2710 2580 4945 2687 4104 1378 5125 3355
3756 4330 1612 138 5570 6782 5634 252 6831 1724 7801 1742 4417 4429 4537 6703 3237 2949 7908 3253 4271 8045 4578 3050 5830 1911 134 7976 5843 1901 4483 1964 8107 2051 3392 197 8136 4708 5989 8221 6013 3479 3390 7205 6964 4725 2260 4545 2271 3595 6206 6235 7328 797 1064 6066 5125 5154 3839 7298 5161 8335 8474 3684 7489 4001 2754
3757 1567 145 6782 3045 1733 3035 341 1784 4483 351 3176 3190 1839 4520 368 1830 1778 106 1850 4534 5804 4526 5797 3234 441 5714 1879 3150 4551 3241 1889 1883 2993 4571 6953 3253 6836 4583 5537 4328 3232 7803 1918 2944 7812 252 4399 453 484 489 460 6995 5867 1934 3290 5534 8002 555 525 4573 1916 4612 1971 7983 1980 3308 3359 548 5880 6962 1742 530 4596 2005 2055 574 3383 4717 8074 3414 4279 2045 534 5896 8097 5914 3264 2109 5975 7101 3432 6001 672 4767 533 6028 3468 4699 5964 7082 6015 687 711 7130 7178 5994 2168 770 2223 2047 746 637 8199 1836 3430 863 3637 3390 7078 6101 7953 6166 4833 673 1951 2344 6090 8355 5892 4943 7312 955 3305 7025 5022 485 5976 667 5114 4688 8397 5106 5125 3811 6328 1053 6325 7435 1107 1086 3833 1105 2398 5136 3813 2521 1020 8466 3819 7447 6332 7341 5178 2544 5173 1111 1145 8335 2562 8502 1168 2569 5197 1141 2572 2580 2581 5211 3873 6390 1165 3907 7507 951 3928 2626 2649 7572 1262 7590 1336 2754 3862 2768 4013 8498 2156 5161 6909
3760 6741 5559 7785 6688 5623 7876 4309 288 5636 348 346 343 6861 1610 1827 6790 5727 4400 6904 7838 1830 7945 3187 137 6920 333 4534 280 3150 402 6939 4483 5520 7936 1562 8003 5803 3238 213 3241 1878 3250 5818 3156 5799 1863 4319 5533 7800 1568 122 5835 8002 1857 5812 5839 1892 6930 1901 1911 6979 491 466 3290 1921 1803 1873 6995 547 505 5868 556 313 1974 4623 539 3317 8029 7896 3300 5798 1910 1957 1928 3296 430 4615 3292 5859 5790 3306 458 6987 496 8073 4659 4536 614 3392 182 3442 6818 5979 2131 2015 6001 1677 595 2084 5934 707 2139 4767 2168 756 7205 2192 7104 7181 5936 3570 8159 4851 3543 5966 2037 3328 6235 3517 936 3357 3729 7320 7025 2418 5873 5103 2489 5088 2495 5125 1086 1077 6090 4943 5860 3862 8335 5155 958 3843 5181 3882 8500 7507 1221 2624 1270 3928 6515 1344 8590
3764 122 6782 6831 5557 252 1742 1840 6962 8002 506 7813 1916 3286 491 4534 8145 5989 4806 4757 8236 3392 2275 7158 6150 6235 6316 3684 2358 5848 770 5178 8335 1146 5183 1105 5125 2572 1184 6390 7507 4787 2504 2624 2561 7572 1262 1193 5007 1846 8136
3768 1578 323 1771 6909 122 1671 409 421 4483 1670 3227 480 5834 5804 491 3236 3289 7004 554 3292 572 3295 361 7008 3392 4630 3404 7036 631 7097 7046 3317 2109 568 3440 3446 8184 7193 7217 7157 7188 4826 3569 820 3556 4741 8179 4480 2281 708 4606 6007 672 3637 4948 1919 7300 8345 6166 2364 2319 3609 983 2234 6161 3750 1087 5125 6325 1086 6981 7213 3282 2538 3872 1154 3646 1055 7484 8503 5213 7507 1123 2593 1262 1105 1301 5221 1201 4373 7898 255
3771 1562 134 4483 2949 1742 7976 5721 1846 5557 6831 6962 491 1916 506 5848 6782 4534 3069 6909 4484 6730 3317 8084 2029 7059 8136 8107 5769 616 5989 4792 3548 3487 7328 6235 4829 5125 2215 1086 3911 7504 3886 1174 2590 5212 8498 5221 2572 2649 4001 5706 6878
3774 138 2990 134 2980 5580 4328 145 2969 7801 1646 114 4340 1545 3007 5613 189 120 188 6776 182 1671 5572 6782 5607 6790 252 137 4407 6796 168 1695 4330 6793 1689 6824 5686 4437 1735 211 3073 1669 3058 5689 1724 7907 292 1748 5678 6789 4465 3138 4432 5711 5521 288 259 4447 5636 4429 5551 108 5576 5704 337 1771 1768 346 6879 1804 1767 4490 3150 4486 4483 7882 1812 361 335 213 269 3173 4500 4448 7976 7804 3176 7980 380 1830 7970 4480 3190 198 6925 1744 6934 7896 4351 6869 402 3205 1840 4525 417 5557 351 4534 5799 3213 1556 422 4528 4308 8007 3208 4537 3211 348 3053 6909 1867 8013 420 5790 8003 5727 423 3198 425 4541 1843 333 3228 5807 303 1679 2970 2967 5798 1869 5824 1866 3222 444 3238 6957 3241 456 5812 1887 5822 1879 5766 5819 1784 4548 4556 3236 466 1894 3206 453 6969 5830 7927 5834 6945 8045 5838 3257 1911 480 8049 3255 1905 1901 6856 3279 6753 482 465 4582 469 492 6962 3278 4592 489 3232 4516 1923 4535 3280 1873 1670 4584 1878 5699 414 6964 3260 493 1921 8019 4399 1912 5831 4566 484 520 7945 1937 3300 509 505 6976 5851 4607 3225 1916 534 491 542 5865 8065 508 3294 5868 7017 1945 4632 5805 4542 4623 527 4603 7023 6995 555 1975 7990 544 8039 529 440 6946 3315 5883 1980 3317 3308 3320 5534 8077 3313 4653 5721 4641 1964 1992 7022 5861 1974 4657 2001 3326 2002 447 4663 1997 3342 5899 4672 2003 571 476 2005 585 8089 3337 586 3340 4685 4683 7028 1990 4677 2014 4691 2944 1616 4311 2949 2013 4309 1837 1558 4304 5520 551 1973 7034 5870 575 4667 5914 3365 122 2976 8092 6703 7821 545 601 4370 7058 5928 5634 7011 8112 2947 8069 1562 4696 3383 7813 1914 5903 2018 3293 3328 3391 4708 1928 4717 297 4714 2956 7039 7803 635 3417 7055 8120 430 8124 613 4699 3376 7074 2091 7088 2077 5527 4740 4723 618 5856 500 4724 8135 639 604 7086 5901 2096 4551 7109 3429 3392 2066 7082 2104 5959 2120 4763 2129 3442 2123 694 7127 2133 627 566 5996 512 5995 610 5945 2113 8166 4736 657 565 6752 2137 3460 5943 5999 8111 673 4755 3430 666 7059 7130 7108 7081 6003 3455 3393 1598 2157 2152 2083 5929 3477 3481 724 715 7153 2178 717 3491 2173 2168 8097 677 2068 3419 7162 2089 4829 4794 8200 6048 6066 7178 7184 2117 3511 616 1988 4809 8170 6039 6028 3470 2154 2136 5990 2138 2108 3264 8226 6032 3524 3526 3378 8233 7203 2201 3476 746 5951 2208 2223 696 770 2074 7217 6113 709 760 3352 4870 3305 3587 740 3513 6101 695 2260 656 826 4578 3593 2265 672 2015 8252 4878 3543 2281 867 1972 873 3572 4948 3530 1857 2088 8088 8169 4951 4775 4959 3597 6166 3664 530 5881 6171 3347 4943 7300 3637 3683 4867 5007 4961 8368 2364 4963 785 7118 960 876 2373 3665 7030 7313 3327 4651 2029 8396 418 3286 6255 3561 1003 1943 4843 5820 753 841 2286 7122 2400 7279 3658 450 936 5083 939 6207 7365 2443 732 4995 2474 5087 1048 2398 7117 983 3750 8451 5103 3736 8458 7430 1962 4945 943 2496 6210 6322 7220 2215 2220 2509 3827 5124 8434 7454 2061 818 1107 1902 2520 5088 6325 3837 3839 1102 4675 680 2521 2243 1083 4715 3529 6209 6305 2199 7290 3446 5953 7447 5154 6219 1112 3281 3855 3853 8466 5981 6314 5081 5859 5161 3862 2316 5170 1126 1128 3808 6346 7475 5178 2548 3487 2549 4771 8397 2518 1146 3548 7435 1154 1098 5976 3890 1087 3858 5159 8436 6206 3594 7471 1133 3863 2486 5190 1160 6367 1157 8496 8500 3401 1129 5966 2562 3657 6311 1147 2568 5197 5125 1086 2135 7458 4785 5204 2572 8506 8503 1177 6117 3911 6049 3913 1153 6382 1184 8498 8492 3901 2276 956 5199 1192 7500 2561 8511 2585 2583 5212 6332 3916 5213 7489 7504 1201 3933 2524 3666 7507 7497 2593 1193 5146 3909 1187 6399 1207 5221 1094 7149 1213 2626 5232 2624 2649 3969 3818 3992 4001 7572 2708 6386 8640 2754 5341 1378 2782 5356 4135 955 5860 1594 7176 2959 7233 3626 1149 5364 3064
3778 7831 134 137 5557 138 6771 2976 3053 7852 252 6779 211 1738 3071 1748 4476 4448 7926 351 6831 4483 3130 1670 380 3205 5759 4484 197 7998 400 417 7991 3069 7908 1843 3220 4534 8023 1887 1857 5626 3250 1878 6962 3254 5834 7999 1911 6961 484 491 4563 506 6979 4399 520 543 246 1916 5870 6968 8048 1975 7016 6682 2949 7818 5879 1568 4283 103 4275 7800 4288 1587 1578 571 3321 6976 8002 7785 1959 1972 3295 4652 581 7812 585 4274 3373 8110 2029 7058 3392 4708 3378 607 6698 3404 635 631 5914 4721 2083 5900 2089 8145 5986 3435 4535 265 8084 582 3050 2133 6001 8017 673 2168 7153 8111 4829 717 6072 2137 3529 4811 6067 8221 3513 8237 5734 746 6870 7230 3595 7128 6171 3430 4785 4596 931 1969 8264 2364 3305 801 3709 3684 835 2414 981 7404 8458 6305 2373 3837 2521 3853 5124 8481 8466 1122 2511 5161 8335 5169 7470 3854 5181 6359 3879 5961 7462 6000 1133 3888 2562 2568 5159 7453 2572 1181 6382 5213 2581 6387 5205 7507 6235 5141 8576 7188 4001 2672 3912 2495 3928 1086 8590 5298 2708
3791 170 3053 6782 252 1562 7926 5534 4534 1742 6831 1869 460 1923 5848 5850 1916 5879 6703 122 8084 3295 4738 2099 7109 5989 7222 3595 2292 3542 7188 3709 6235 7328 956 7039 8452 5125 1105 1072 5154 1112 5153 3862 1086 8481 3912 3911 5205 3916 1184 7507 3933 2581 1213 6402 6422 2649 2624 4001 4912 8590 7572 1301 4061 2750 2754 4104 5173 5364 1778 8171
3792 6799 5674 5689 5711 4274 491 4610 5804 554 6962 3392 3361 8252 4589 7408 7345 5125 1086 8335 2373 4945 2572 6235 7500 7083 6049 5205 7507 5142 5820 5155
3796 116 5557 145 148 4328 1629 3040 3033 2947 2976 1677 239 255 4311 1662 6824 3098 1761 6818 3071 7941 7908 1562 6831 1666 7785 2944 6688 6920 5772 1843 1850 4520 4484 4317 6947 5806 1545 265 5803 3234 3182 8015 4558 6963 106 4551 6932 474 5835 3206 4523 3181 8038 5837 4569 8034 1907 1901 4575 4578 1906 3255 1905 3251 3252 1873 1892 1917 469 3250 491 1916 453 3259 8007 414 541 520 5874 5865 1908 4597 7813 8065 6730 269 1824 5860 522 1980 3327 3320 5880 7896 7022 430 8084 4665 534 5888 2003 4672 3340 512 5881 6990 8089 8107 2005 1803 8057 566 7033 1996 7034 594 527 4689 3375 2957 7046 4304 3365 5926 539 197 1933 475 3410 5818 591 1970 3321 4673 3419 4743 4695 3405 582 5737 4629 1965 7001 3347 561 3387 650 7085 2130 5982 8164 694 2111 2095 2126 8088 6000 4778 7020 2164 8177 4768 3423 7162 5929 7108 6072 5973 6026 2138 3448 616 3524 7933 795 662 3529 2234 8220 8116 6101 5994 6032 6108 2275 719 5801 4926 2198 2139 3228 7300 8305 4970 3637 777 3686 3626 7094 477 785 3666 7279 6039 888 1003 4878 717 2418 3388 4910 6117 5989 7213 5990 680 8293 5115 568 4945 554 3819 2525 2521 2483 3361 3832 1019 6317 5986 1081 1947 6329 8463 2424 751 2235 6359 1082 5124 2416 1119 1146 7017 3880 2292 5186 1087 8335 6294 4867 8130 5159 2553 2016 1170 6324 2563 3907 4870 8503 7490 5199 3915 7499 6235 3910 1192 1201 7507 5141 1218 8436 5356 3913 1020 8144 4652 8245 132 4741 1778 1270
3797 5549 148 3021 4328 4362 7876 2996 228 6813 5654 1724 4309 6782 236 239 6799 1738 6831 3138 3122 119 7922 3168 3176 7980 7802 3053 3123 1843 6920 7981 5743 223 6826 4529 8002 4417 1850 4533 6703 122 3090 6705 85 2940 3169 100 5541 1870 3071 4483 4549 5831 4543 7818 1867 207 1875 6968 6711 3231 3255 1658 3248 386 1904 506 114 4597 3280 531 1909 3240 502 509 5795 5839 5632 8069 4641 573 4330 5835 586 600 4635 4683 2977 189 1866 3312 607 6978 4351 614 554 5952 5903 630 7058 2078 2080 4740 5944 7009 529 1907 3319 2995 5969 461 3322 3375 5927 5868 672 7114 2056 5966 6001 694 3030 608 7032 3338 1910 604 4721 8157 1887 523 5822 1931 2151 4465 1966 2157 4799 699 7153 4742 1974 1677 3418 6974 3331 7184 4726 1928 7193 2175 6055 759 680 4780 3340 8233 4761 7205 2234 740 2150 4688 7222 8211 785 3587 2083 4724 7178 835 2281 8087 7220 868 3630 7172 4717 605 637 6168 5772 5721 696 2265 454 8321 3664 3665 3380 5994 3308 6158 269 4677 7313 7259 7328 5870 6189 955 7085 4825 1996 3337 656 4596 2033 6235 5830 989 2350 717 7356 6015 6957 1992 582 1003 2002 1960 3252 948 6930 5770 3220 4943 3754 1048 7298 4873 2038 3261 8048 4593 7159 8275 3376 974 5088 4775 8436 7136 8457 1085 2286 4815 5820 1086 3836 7345 6339 2525 3276 2526 6210 7093 6329 4715 4785 7453 3819 1113 5178 3851 3765 3871 6271 1146 7115 5901 6313 4910 7449 3853 6006 5183 8503 7491 8498 4961 3890 1115 841 2572 2576 3915 5189 7433 5199 1177 1186 3895 2108 867 1191 2121 4912 4953 5220 2606 951 3928 8484 7572 2558 3962 8590 1304 4061 8645 2768 5356 1851 482 7042 3228 5545 7782 7903 2129 3309 1735 3219 508 3463 4955
3798 5557 252 4534 1742 3261 7993 4568 7801 1954 8034 3317 1973 3294 122 3353 8084 2111 4758 2139 662 6055 4725 3390 4845 8199 5985 3419 2168 7213 835 7086 2275 3541 8174 850 3595 7242 4833 8275 8211 2108 6235 3435 2373 936 3646 3709 2398 6219 6210 764 1045 491 7402 3777 1067 3728 3378 3729 563 3811 3321 602 4673 4865 565 6262 458 3253 717 2364 6315 4943 3597 7082 7437 1072 7091 7392 6325 6306 6265 2416 4724 5106 7094 3626 6334 4697 1105 3833 3827 3820 6294 3826 6322 2496 7447 3843 3430 3853 3837 6310 5124 2341 1938 4605 2521 7011 5155 8314 2018 5161 7471 1126 3852 3862 3871 6117 1115 2549 5166 2534 5178 8481 5169 3851 3879 5174 5172 1101 1154 1144 6362 2553 6367 3897 1157 3890 4912 5990 3887 8502 7480 7483 8501 5197 8500 6000 3373 5204 1174 2572 8503 1181 2576 6382 951 3913 3910 5199 6347 3911 5170 3916 7497 2573 1186 3901 7491 1133 3933 5001 1094 5141 5964 8466 2593 6402 5220 8515 6387 6422 3966 7552 2580 1258 2504 3463 8576 8580 2671 1285 4001 8484 2443 7188 8590 4013 7572 2709 2708 2712 6511 4061 2750 2754 2624 5205 5356 4135 6101 303 4330 1119 3819 5770 6679 8227 8335 2995 8396 8088 7092 1846 7991 3295 5613 5961 956 6082 5521 297 5125 1086 3187 7490 1830 1146 4945 3252
3802 4291 7818 1586 170 5519 6711 132 2979 5570 2969 5572 6771 2995 5649 239 6790 138 6730 6813 3033 5659 4328 4309 6784 119 4463 1784 236 4351 1796 7838 3050 4483 6884 3176 6907 6909 324 6682 7982 1778 2959 2963 7981 3198 6831 1541 3150 380 348 3202 106 265 1545 1742 421 1830 8003 5790 5521 6779 361 1689 1812 316 4448 6956 5821 8026 3234 4552 4549 7785 8031 3254 2947 3252 1676 211 7801 5834 120 3206 483 4563 6968 471 333 469 3239 8016 480 491 6962 475 7983 134 5848 5851 4531 4399 1947 1933 5869 8005 1964 5766 8073 5534 7023 5798 7019 4317 7812 116 197 1992 5721 4319 2001 581 6976 1587 4673 2002 5881 7048 4661 486 1583 485 585 505 607 6869 85 3228 4607 3069 614 4708 3392 609 4659 1959 635 3410 5951 7088 2018 563 571 5914 3213 3443 8136 582 4653 8039 7101 5936 4752 2029 5769 3440 7882 8149 5870 604 2089 3305 523 7108 2133 2976 662 707 484 3259 6013 8177 4792 2137 746 8200 2136 8179 4829 543 7193 7181 756 3517 3524 3035 3439 6066 7059 3319 3391 8204 3549 7217 680 6101 3587 2139 7140 3548 3448 634 3595 8174 4545 760 3637 8245 3626 7159 6082 3657 3664 2215 518 7264 3435 4610 4775 7084 3287 8017 933 7283 673 4546 5896 8314 6189 989 3530 4715 2373 3787 5083 2414 7212 6262 2489 3818 2496 6323 2483 5161 6347 3819 3853 3463 3321 6171 2513 8458 3589 5178 4910 2015 1135 3839 5166 3378 1129 6210 3879 5170 3871 6367 1160 8466 3885 7490 1174 7489 5204 1141 7213 2562 2243 3915 5206 4865 6294 5199 1186 7480 1184 3597 717 956 5989 8335 951 2584 1105 6235 2593 8478 8515 2443 6422 6387 2624 5221 3992 4001 7552 8590 7572 1300 4061 6511 2750 2687 417 2154 7188 5356 5125 3295 4135 522 7430 3658 1988 4469 829
3803 4343 170 5572 197 1689 1670 5626 303 1784 1775 4351 6962 3317 2136 7162 818 2373 8130 1053 8463 3839 5169 5206 6235 7507 2976
3805 148 5580 170 5557 4399 215 252 5607 7782 2949 3138 303 4476 7785 7955 1679 3071 5755 7982 4500 7908 5759 3205 5519 213 1647 1850 265 8002 197 4484 4534 1846 442 7801 1771 4549 7839 3213 8003 7999 3202 5831 5812 6962 3254 1911 5839 1901 1923 3198 5848 511 491 506 1943 520 4610 4275 5869 1916 5795 8016 103 4291 121 4330 3317 7882 122 1971 2957 3065 1742 1959 3257 6831 7032 5534 4537 6909 120 2033 8110 4708 4643 3392 635 3365 3348 4673 6711 558 4526 582 4743 8107 3246 8145 3328 4771 2133 4767 6793 198 7945 6006 565 7084 3487 5901 2168 7193 756 4829 3524 3440 717 746 602 3228 489 1892 659 7983 2139 3373 5895 458 2238 3391 4806 6180 5951 7212 8335 8221 4969 3261 6235 3709 2373 4777 7404 2002 3787 2496 1072 8314 7091 1105 6305 3811 3837 6294 3276 6321 2111 5125 4601 5843 4945 3827 3820 2513 1113 5106 5124 3853 1086 6341 7094 8481 5161 3295 1135 5178 3839 2534 6359 1146 5173 1160 8500 3888 2562 2572 1186 3901 5199 1196 3916 7507 3933 6399 6422 8576 4001 4061 2750 8017 696 1562 7490
3807 134 255 2949 259 1742 1812 5804 5795 6779 4537 1843 4483 269 5634 1911 6782 7837 491 1916 3173 1923 5848 1935 4399 5607 3317 1946 3295 585 7088 3379 2137 4792 696 6206 2373 4943 5125 3839 3589 1145 1086 7499 6235 2590 7507 7590 5356 3156
3810 5543 108 4281 6748 167 5570 3011 1616 7803 7871 7800 7877 6767 207 114 1701 6831 3138 4466 5755 3176 4493 5790 4534 3234 1840 4571 1856 1646 4535 4309 2940 3282 4595 5558 4457 506 493 414 539 6962 7032 7033 7024 5895 3342 1742 3359 480 4656 3392 8101 566 3317 4712 2030 4945 2364 3511 7279 7140 7061 3394 4829 6082 8314 6294 4878 3636 1086 6210 3839 3862 3859 2238 3879 7188 4870 3888 2553 3911 2580 2572 5204 5205 6235 8335 8503 2585 1201 7507 6402 6422 3966 2535 1218 8293 4001 1085 2687 1300 7572 8590 1301 6474 2724 2754
3811 5527 252 6711 3112 3053 1742 4534 3071 8002 5798 5549 4448 4351 3069 3223 491 1916 5874 3317 436 1945 4633 8084 4589 586 8089 5936 3392 2036 654 2131 3439 7153 5830 1996 7193 2168 1970 3479 4699 872 6117 3595 3626 5038 7014 6249 5935 3532 7404 8452 5125 1087 5103 3813 1086 2562 1174 3863 1169 5199 1184 667 1182 6235 6387 5007 2630 2611 2649 1258 8576 6037 4104 5356
3812 252 6831 3138 1784 4483 1812 1742 4476 6885 6947 8002 122 1748 5557 3050 1887 120 6782 506 1923 3255 490 485 5839 1947 1959 5870 3317 5890 4666 3349 3315 552 7048 600 4596 3348 3321 8077 585 3377 3365 614 3392 5927 2001 5934 3353 635 5944 8106 5766 7088 8145 4771 7059 3350 2137 4755 2133 2136 7162 762 759 5892 3528 5990 2154 2168 4878 8233 7153 7149 3587 717 3630 2198 5993 2281 4811 1997 2111 2215 4851 3665 4652 1948 6017 6082 931 616 673 8368 2362 7028 4542 6066 5106 3811 5124 1105 5125 1081 1113 3524 3684 4945 8466 1053 6359 1146 3888 5966 1169 3901 1086 6321 4912 5205 1186 2580 2584 1184 6387 1213 3966 2649 2624 8576 4001 1300 2712 2750 4061
3814 5572 7785 252 6782 122 1750 303 6744 3053 5758 1867 6682 211 4351 4549 1742 475 506 5848 1646 1629 5570 7812 7991 1943 1562 4666 4653 581 5541 3295 3050 5534 582 5721 3317 3392 3391 5901 5634 8335
3817 170 5557 6782 3092 197 1771 6831 1565 5721 483 8002 6962 4534 252 506 1901 491 5870 3317 2029 3392 3294 458 8084 616 4537 2234 8220 8179 8221 5020 2373 7023 850 3703 3588 7025 1038 3839 2521 3862 6347 7188 6367 3897 2572 3913 3930 7507 6387 5356 756 6943 2424 5996
3818 3040 5613 7885 7890 4309 252 6813 4400 3090 197 6782 1646 5634 6831 1761 5693 1689 3168 1825 6907 3102 4374 5772 6929 1562 6920 6718 312 1618 1558 1846 7996 3205 4513 4483 168 2949 5520 6711 2947 3213 3261 4571 5548 6974 487 1890 6968 4573 1923 3289 5525 4552 8027 1921 1943 491 555 8017 1964 8023 4665 551 581 3317 3312 7926 8090 3359 1987 6976 213 574 4661 523 4643 7999 7991 541 3252 7011 1972 520 605 1953 625 3365 5926 4664 2080 1893 3390 4607 8106 4568 4743 662 7084 3423 3293 5752 670 8156 4686 6003 5935 2133 7127 3416 1781 697 6001 2137 2088 2151 2045 6007 3335 6072 7181 1771 2202 4673 3571 3569 760 3388 6744 6006 7149 3340 3430 7230 4712 848 6039 3448 486 732 4600 3636 1860 4727 4945 2214 5988 5862 2135 3595 634 3514 5843 3658 8165 6171 6185 7074 500 602 5859 3320 1887 2215 7121 4716 8245 5945 4559 4845 3300 4596 8065 4715 4688 3282 3618 931 2262 259 3486 7328 1908 7118 3321 5007 6130 8048 1928 2198 3280 787 3350 3418 5020 469 718 814 455 380 5923 1003 361 7320 5949 1878 2328 948 2207 4652 7024 2479 2443 8436 2490 987 650 8468 3827 3729 3276 1092 8463 546 3834 3833 1107 5125 7093 2491 7155 7420 8314 6032 7020 3841 3292 3832 3460 2521 963 3839 5124 1941 5961 1111 1114 3862 7453 8475 6332 7475 6353 665 3529 3899 5189 5180 1133 6367 2549 5155 1085 3871 8496 1170 8502 2562 8501 3901 8503 2558 7489 3425 2572 5204 1184 3909 8467 2584 898 8511 1186 1194 6235 1014 5213 8335 1201 7507 6271 3896 1221 5221 1094 2649 2630 6441 8580 3969 3955 4001 7572 1301 2712 2750 2754 5315 1206 4430 7061 3315 613 5854 3162 5559 3150 7087
3822 6711 148 1562 4328 134 138 170 1646 3052 3053 7876 1883 5816 5557 1918 3317 252 4483 7051 4688 6167 3293 1072 4001 1186
3823 2976 113 148 108 138 137 6716 6782 3064 1671 6790 7802 3045 1618 7917 3098 4398 3092 228 7852 215 116 6755 7908 7837 1669 4439 1628 4463 6796 3126 2979 5659 6813 4274 3102 5713 5693 4373 4351 1775 114 6744 4281 324 3037 6868 168 6753 4448 3088 1677 6861 347 7955 346 6881 4480 213 5632 6718 1689 6878 6870 5549 1578 7907 7978 6884 1738 313 1812 5705 280 4442 3176 3187 7790 5557 387 1647 1670 5719 3053 4508 4500 1770 4504 348 1843 6920 7982 1837 5720 6927 4407 4291 402 3122 6925 7936 1836 1771 6936 3226 6831 252 4575 136 1903 6975 3241 4543 6968 5769 1827 5834 6963 8029 3162 431 1856 461 1900 491 3289 4609 466 1957 3181 6962 568 5523 2003 8042 7934 5529 4594 5525 556 586 1796 1742 1970 4565 4581 564 545 8019 7803 3427 4697 5841 629 594 2109 7086 8025 508 6981 4605 5883 5797 1997 7941 3229 4542 5927 3315 533 1941 1938 360 1898 3430 7986 7109 4548 8135 8088 7953 3309 5873 561 3347 455 8153 694 3451 7113 3450 2061 6004 573 636 5996 5973 707 7153 7176 3392 4483 4775 888 6090 6007 3460 3591 4601 2199 2162 6012 7164 3476 6180 6037 3495 4534 8329 974
3824 5557 6831 2949 6703 8002 5769 120 6962 506 3317 4537 5989 5626 635 4895 3683 7328 6206 5125 3862
3827 1608 138 6730 1562 5557 170 5613 6813 6711 7917 1745 5678 6684 1748 6782 3065 4327 4274 5741 5769 5727 6909 1843 7982 1846 6831 1850 5721 5790 3198 3069 7980 4534 4528 3050 421 4537 5795 5804 8007 8002 4483 5821 4535 1866 454 483 3258 1911 6962 252 425 5848 511 6995 478 4610 1923 5870 7812 7801 5649 122 3305 2949 4613 4600 7785 4330 3306 5888 4655 8053 3315 5626 103 4653 5906 4683 1971 1996 458 2029 2033 4697 4484 8110 2015 7066 7058 3392 8112 3357 576 3383 2070 8111 1979 7030 2036 4740 8107 3398 3299 4715 1959 4758 2129 2133 2077 5896 2035 1887 8136 3460 4626 5989 639 4792 717 2136 2137 1778 759 4725 4829 2157 4797 2168 7188 6066 2096 3569 616 7149 674 760 8245 8252 8221 8039 700 841 3597 7162 6012 6151 873 4943 3461 6185 8169 3595 1928 4939 2215 2193 939 2262 7242 829 7059 3709 1003 2408 3752 6202 3665 3548 8439 8436 5082 7345 7064 5103 1072 7449 6206 1087 8468 4551 5005 4865 6322 1105 1093 3811 4723 5153 5125 3839 5961 3862 1126 7468 3853 5161 5170 3895 3488 2562 1133 1169 2572 1181 3916 1184 5211 2573 3930 6387 6235 1212 1213 3911 3966 6422 5232 4867 4001 1304 1262 4061 7576 2750 2754 8640 2054 5854 3425 3045
3828 1583 6705 3021 4317 4328 7801 6782 7822 1562 5570 1576 4401 3064 7852 239 3053 6779 197 6824 4442 4447 1689 5659 303 7926 236 1719 252 1767 1670 134 4430 6868 221 211 5521 4343 152 6881 1771 6885 7882 7953 2969 5533 1812 7871 6679 6884 6784 280 4373 3168 380 6907 373 6893 6723 3173 1827 1843 387 4534 1778 6910 3212 6921 1846 3202 3214 243 372 5790 3073 1742 3065 437 5815 5798 1883 6831 3234 461 5803 8012 333 3258 490 506 491 4605 6993 3305 554 3317 555 572 544 4559 8077 3246 1887 2963 122 3365 3392 7983 2940 2035 6969 625 7894 1598 1997 2039 7084 6962 2202 6113 3836 3843 8335 7507 6015
3830 1629 7785 2949 145 1748 6831 5795 122 4373 1742 7976 1916 5541 4534 491 1945 2018 3392 616 3426 2078 3425 1863 3556 8199 6028 631 2084 7091 3589 2381 4651 1086 5125 2443 3765 3827 1146 3880 751 1100 2342 2606 8645
3833 122 148 170 5572 5557 5634 6782 3053 3098 252 6831 4483 7978 1742 4534 8002 8045 1916 6962 4399 520 525 6711 4613 3392 3317 2160 5125 7507 6235 1176 5854 2712
3834 6711 7803 170 6703 6767 1616 6718 3033 4370 3040 4309 3049 4291 182 204 6790 1576 5607 5572 7904 4398 6736 138 1547 7922 1748 6843 5689 145 5634 6793 4351 303 4466 5707 321 106 288 341 6884 252 1598 1796 3176 380 5743 1562 6907 7976 1784 7822 3071 7982 7936 1541 1843 1850 7981 1846 1775 1744 4535 1837 5762 1738 7785 3150 2969 417 7908 6789 1545 1675 8002 3069 4528 351 6947 8013 460 5821 5812 1750 6945 3037 4546 5521 455 6967 4552 3190 4504 8043 1609 5721 3247 483 4563 3255 1923 4559 4547 8016 458 506 1905 4584 520 3257 8017 6995 4597 4608 316 397 1932 8042 1957 5869 4581 3246 1890 6979 7985 7017 4343 5867 1610 8076 1902 4637 6976 5706 5659 8057 4630 541 1945 3202 509 4542 4574 551 518 5881 1581 2959 7801 122 4319 3264 1592 8077 5545 4311 527 4609 1964 4304 1587 6730 566 3294 4643 3313 561 197 7009 4663 7036 559 5888 1992 5891 1803 1971 297 8090 530 5529 3359 4683 3278 1893 3353 4536 5890 608 7046 2020 1937 2032 450 3305 3389 4708 619 8107 3363 8112 623 5944 3404 4726 8136 8106 7081 7088 2076 7812 6978 5818 4743 581 7097 2078 4725 7055 4694 8148 5979 5951 8088 4767 3425 2118 8156 2104 7101 1975 548 3348 8084 4534 2131 3387 5991 694 2133 4702 4594 2036 7130 5896 1953 610 576 3325 3443 3306 3450 4647 6962 6991 5902 616 8111 3375 3370 7153 613 4768 659 7183 8130 5855 2168 1836 491 4605 8166 746 643 6072 6013 4811 637 8007 7026 4699 6856 4837 6017 4741 764 4862 7107 3392 7020 4870 2139 8221 8199 634 795 2166 762 8236 5913 2170 3468 657 7205 6113 3569 4531 2135 8245 688 2182 3376 638 3587 3593 662 2281 4677 2066 7259 5892 6157 3630 7172 3637 7071 863 858 3391 4945 4943 572 6166 3435 7059 1988 814 6189 931 3666 6206 900 3591 8329 3347 933 3631 6130 8355 7328 8345 4793 2358 965 6105 7342 3748 442 3718 3717 4851 1003 3528 4995 6240 4961 7014 7212 5024 7016 5005 8439 943 974 936 5834 1045 5087 3709 4639 981 1028 827 485 3773 1048 8275 8097 2474 719 5038 7176 3367 8322 5088 4781 652 7312 2489 4712 2486 4761 1019 6311 8463 841 6141 4785 2381 3811 602 3684 2035 6161 4865 5954 522 565 3292 888 5990 3823 1093 1959 8314 5141 3827 5142 6322 2015 7447 543 2424 989 6334 6310 2510 4661 3295 7404 6341 3340 3854 3378 3361 3276 2513 1112 1111 1072 1086 609 7298 7025 3862 2414 2052 2505 2214 3845 1115 6347 5161 1122 6101 2538 2235 2511 1126 5165 8474 5164 1130 3401 6006 8335 6350 5935 7479 4794 5173 1135 5178 3858 5174 6321 1145 5989 3463 1146 1149 3879 1151 5180 6316 2539 1154 2551 6348 3883 2061 1133 5185 3863 8092 8467 987 2199 5189 5895 3888 1162 3788 6367 8155 2553 680 8496 2127 1160 5956 7151 1075 6000 573 1129 5184 8204 7242 3890 8500 1166 5007 2073 8498 6369 1171 1170 8501 585 5197 3887 2562 2569 3859 8237 7483 3911 7054 8174 2534 1113 2572 7159 8146 3626 7480 5970 3487 1181 8506 7408 2576 3572 3916 7500 1182 1196 2573 5213 1184 7491 1186 3930 1200 8515 1165 7507 6399 3597 2580 1213 1194 2606 6402 2630 8543 2626 2611 3962 1218 7188 665 1258 2649 3969 7552 8576 6158 1285 908 3992 7409 5280 1300 8590 1301 1310 3599 7594 1314 2708 2687 5315 1344 2750 1361 2754 8645 2768 1378 1262 850 5526 4715 3088 5835 549 3224 5769 1892 7903 511 2123 5966
3836 5634 4330 3052 5626 145 6813 1748 1784 7785 5519 1768 3198 4535 7983 1923 168 3069 1562 572 3365 7058 4743 3425 5895 522 3348 5870 2168 6066 6964 2136 3548 5989 3595 2364 455 7188 4870 2018 7404 6294 2015 3811 5144 7094 1107 5155 1113 7458 1101 3853 2562 2568 3911 5199 1169 1186 2584 8590 6235 1086 2754 4104 3317 252 5804 1916 6962 8002 7153 6831 6990 8129 122 5557 4534 1754 453 3392 4483
3840 1544 1610 6831 7837 8002 4483 4534 4442 252 491 1916 122 3317 3392 2373 6235 7507
3848 4309 120 148 138 170 7823 5570 5634 3045 5626 3053 3011 1748 7908 4476 1784 4471 324 7955 5534 6909 5762 5721 6831 5769 189 5790 421 4534 5795 351 3069 8002 7991 1742 2949 7983 1887 7782 7982 6967 3261 4528 1911 5844 506 491 5848 1886 3295 520 8017 1945 554 3317 7014 1916 1594 4484 1971 522 8084 1947 5804 4330 4647 7036 5895 7999 3365 5772 5868 8110 4705 103 6703 4311 7801 4740 2065 4758 3404 613 5891 2157 2117 2133 4792 2137 2033 2136 4708 4430 6048 6012 3468 2168 8145 8111 3440 5989 7153 7093 760 4659 3392 3486 777 2215 5900 3654 5007 7328 3709 956 981 2364 6207 6206 2373 3349 1082 1105 2521 3839 8481 3862 5161 1072 5125 8335 2510 1098 5178 5170 829 4945 2035 6359 1146 5896 6367 3811 2562 8503 3911 1086 1181 1186 1169 3916 8501 2579 1184 7507 6235 1221 1213 6422 3966 2649 8576 6441 2624 2680 4001 4061 6515 2754 4095 4104 6930 5938 8043 6813 4592
3850 5634 4399 213 252 6831 4463 4330 4483 4471 1812 3168 7981 2949 5541 5772 4274 1850 3205 120 4526 4525 3234 1887 8016 491 1943 511 5839 1916 3052 7016 5534 572 4633 1906 3317 1784 6962 197 581 2018 3392 1959 2957 4534 5759 8149 8120 541 2133 2137 3443 4715 659 2136 7213 4725 2168 5895 6166 2362 810 971 3594 2381 3811 3530 7091 5125 1107 1096 3684 4870 1086 5961 8481 5161 5169 3879 1146 3888 7480 8501 5197 5966 6235 4771 3916 1201 4794 2649 8576 8590 2712 4061 3839 8645 6990 1846 2976 4537 3192 8029 4652 3228
3851 148 4407 3122 7917 1616 346 3102 7982 4526 4291 2976 6698 6831 418 411 4442 1771 3211 3220 6755 6934 1745 8026 459 3030 4541 4278 6963 3254 3248 4571 6974 3261 480 3223 119 436 1804 1612 6964 3267 8029 316 4311 1671 7800 7813 1587 3040 5623 138 5548 3281 5800 4597 4309 5543 5795 3065 1742 3050 5841 4564 4563 7001 5799 518 3308 3317 4552 439 4486 559 7015 7023 5699 197 4607 3304 568 6954 7033 1947 6976 8090 591 3353 5881 585 608 2040 4652 7058 5904 5534 594 5855 8110 2035 619 2056 3389 4483 4673 4695 3365 4689 623 484 4647 5928 3375 3404 7055 8136 7812 7087 3419 542 8129 8086 5970 1933 5934 4734 4699 8148 7101 4741 3390 4758 7109 2119 8153 654 4531 8152 8163 1670 511 6957 7034 3439 3450 7074 5956 3470 715 2157 4792 6013 638 4559 7153 616 7183 4809 3482 4862 2150 6066 2168 3495 7181 3455 2223 8237 4904 3391 3532 5920 8130 656 7207 4779 3587 3595 724 6117 6169 6185 5968 6010 4825 4833 3665 7300 4956 4997 787 5024 2373 4849 4821 6039 2202 7283 4523 8223 2364 2154 956 960 2158 965 908 2392 7365 6162 477 5967 873 780 5959 7402 8442 7398 4654 5087 7025 8441 939 5110 2441 2066 2236 4870 3378 2489 5125 7165 4622 8393 7092 5136 1086 3823 3827 516 5088 3479 5960 1028 8116 1085 1107 3841 1105 6030 7455 572 8474 6294 3840 5153 3443 6332 5115 8434 6347 561 2536 1053 5170 3852 5165 2316 2534 6359 5166 3883 1145 7484 6367 6369 8484 3888 1166 3897 5063 2558 3900 2424 2129 632 5204 2572 3871 951 3887 3916 6386 1169 6390 6387 3933 6396 8515 1094 1213 2632 7543 1206 5232 8543 2624 1165 3969 8576 1285 3788 2672 7572 4013 7590 1300 6448 1301 5298 2709 8613 2712 4061 3992 2750 4071 1361 4135 963 2487 604 6161 2553 6209 6784 7036
3852 5572 1629 170 5613 122 108 4463 5713 6782 6831 3071 3168 380 1850 3198 7991 6884 4526 3222 2963 3228 1887 5831 6962 5721 3254 7999 475 491 1959 5540 1562 4483 252 3036 3317 3138 5804 3331 8088 3359 8085 8039 5936 5901 635 631 573 4740 5970 6001 8149 4792 3392 5988 8097 5971 7212 3276 5020 4825 943 5810 2489 2443 2486 5125 3837 1129 5178 5173 3879 1135 7489 8500 7480 1169 7507 7491 2672 6474 2687 2626 1086 3865 6157 8299 8207 4785
3853 148 2979 7790 1578 1629 170 5525 1671 7852 6776 3033 3045 210 1647 5654 5607 6796 1664 3064 6813 259 4463 3035 6819 1724 1610 5613 332 3138 7818 7945 207 5580 343 5557 1571 4437 6884 5623 3168 279 5743 1735 4407 3055 3004 1583 4448 1843 3187 1837 6873 387 3052 6907 6755 7880 6925 348 235 5678 1827 6753 7907 6826 5746 341 5636 1770 3208 5727 423 3102 435 5687 5809 4529 3107 1858 5659 3053 4373 1867 8026 108 5752 8027 7812 8031 5810 3234 8025 198 4558 136 434 6952 4500 7981 6954 466 324 3062 5572 7804 5790 265 3258 7927 1857 4534 6782 1866 4483 252 8002 506 3283 1886 7017 4661 1742 6831 5880 3392 522 5936 2111 4679 654 575 5804 491 5989 5986 7092 3637 683 8245 4910 2018 7300 7328 4943 6235 5772 616 7153 3813 7051 2513 3859 5890 2088 2538 5953 3853 5125 3888 7149 3839 1072 6315 3862 2471 770 6347 2553 8503 7489 4725 5170 5966 5199 2572 1181 3916 1169 2585 1184 2573 5213 1201 7507 3928 6402 2611 1221 3966 2649 8576 4001 4912 2584 1300 7572 5204 1784 1689 213 4945 7785 303
3855 122 252 7837 5557 6831 4483 4398 1742 6907 7980 4469 4534 236 5758 5551 8002 5807 5821 1887 4528 1744 1629 5837 4279 5818 116 506 1937 3297 1933 3233 551 3315 524 1676 197 529 5804 601 1594 491 635 7034 7056 5772 694 8166 2157 8177 5762 7153 4829 3468 4862 3431 4675 4806 4610 867 7107 814 6235 5989 8223 5115 6265 5138 2490 6329 888 8335 5170 1086 1119 4945 5174 5125 1146 5164 2569 2581 1184 5094 7507 5221 6422 4061 3238
3861 122 3040 5557 2993 252 6782 6831 5687 4483 1676 3150 360 6730 7998 4534 1846 3065 5532 5815 1677 6703 4281 5527 1742 1911 8002 1889 7785 506 3245 491 316 1957 1964 3317 197 572 4664 8084 4663 3321 4667 7882 396 7058 4708 5942 8136 5969 3391 3440 8156 2137 2157 7153 5913 6904 3524 2131 838 7188 6235 6153 5848 6206 3425 8211 1092 7449 3839 1105 1086 5125 5161 4945 1146 8335 2562 3911 3900 7507 1213 2649 8590 4843
3866 1629 5570 138 5557 4311 5613 5636 252 6790 7882 1738 145 4351 7801 4476 7936 7922 4463 6730 351 7955 1778 5746 6856 1843 265 1742 1836 2976 5519 1562 103 5769 7812 2947 7775 5759 4534 3206 3220 421 5799 1846 5818 4549 3234 5805 5821 3052 3238 8002 4483 486 3232 506 491 5848 4399 511 1916 1947 4607 8005 3276 5721 3050 4633 5534 4643 7782 7033 7009 3317 571 5870 8084 4666 3340 8090 5895 4663 4661 3348 582 581 602 505 8107 1988 566 3327 3229 5921 5914 585 4708 5809 8110 4652 3392 3290 635 2045 563 4714 2066 8129 2077 2029 3440 8145 3425 3404 605 3430 5626 4771 2133 7122 4763 673 5989 3435 2137 2018 2136 4792 3443 7108 6013 4768 6006 7059 5927 7023 2052 3511 6072 2202 6066 7181 7162 3513 2035 7205 770 7230 4624 4912 631 430 835 5943 4677 4878 3626 7264 4948 7188 8314 666 8174 4943 7983 7328 764 7220 8144 4653 616 3305 572 3257 2373 7408 987 3365 3388 4865 2364 5087 4623 8245 5038 8008 2398 3413 4673 7356 2154 5881 8155 746 8452 3211 3811 6305 6262 4613 5103 3813 7430 6322 7454 7091 2015 7078 1082 3836 1105 2238 7420 3827 6206 6117 7107 5125 3373 3841 3837 1101 3684 6209 3853 6311 2489 2521 1112 5124 5961 3862 8481 5161 1129 3879 3888 1169 8502 8503 2562 3890 2568 5204 2581 1186 3636 2584 7507 6402 4945 6422 2649 7552 8576 8590 7572 2750 1830
3877 6782 6831 5626 1742 4534 8002 122 506 3317 3392 505 2076 2133 2137 7077 4945 8335 863 1086 3839 1184 7507 1207 1213 2649 2754
3878 122 3021 7877 5607 3050 5649 197 2949 252 7908 4271 1778 1784 7936 4351 4484 1742 119 4483 1827 3176 7978 7976 3198 7981 5548 1843 4529 374 1846 421 417 3213 8002 411 256 5804 7785 4537 3211 5795 442 3053 3066 103 3234 7818 120 6711 1647 1748 170 5557 3249 4278 439 3258 7801 3206 6869 1907 1911 491 1923 511 1586 506 1710 500 5848 6790 1958 5870 531 1957 1583 3311 5878 3317 6979 572 522 581 4643 3371 8107 2018 3365 5896 1669 7055 635 3404 6990 5952 2066 8136 4652 2035 2029 585 8145 7108 5966 4447 404 7127 4622 8163 1811 4792 2137 3487 1882 6048 3309 3524 7193 6072 8223 3392 3414 5895 6113 2002 576 4787 760 8221 7205 2275 3468 3264 6090 3603 3458 3514 3597 746 3302 3630 4811 1962 2215 3477 4679 8245 3541 8174 6037 4943 7328 2234 931 549 956 6235 8345 2373 2364 1003 3548 6209 7183 616 6066 6013 5989 8017 2202 2479 2424 6206 5106 717 6315 7094 1105 1107 2510 5125 2414 6294 8469 1104 3295 8481 3862 1086 5161 8335 2534 3850 5170 5173 7188 6359 5179 1160 1147 6360 7158 2553 3897 3907 8501 7480 3900 5961 2572 3916 951 1181 1184 2584 7507 5205 5001 3915 8515 6402 2573 7491 1213 1300 1218 8645 2754 7552 1378 5356 4104 2580 1262 3992 2517 1870 4912 5707 4493 4300 2957 2632 5110 8266 8207 7870 5193 2970 5699 1146 281 5536 4013 4590 3248 1270 2674 3236 6322 3326 2337
3882 170 7823 3021 1616 4283 5551 6736 210 6831 5519 122 1748 152 2969 2944 6679 279 2950 7801 3036 81 1587 1576 1664 6698 321 1612 303 1571 347 4476 4483 341 176 2980 7804 6782 1767 5799 425 7995 5804 3261 4343 5722 4408 5529 6962 1911 4374 5636 1742 252 1935 3260 3231 3294 1905 4612 3283 4560 5867 7004 527 374 4288 316 4581 479 3310 530 5881 3317 3330 1973 1901 7033 3349 5861 3359 5906 3328 2040 1996 2070 4714 7030 6878 666 2086 1990 591 7058 2123 2112 7104 8086 8159 3375 2136 4607 1916 7140 3470 2157 2104 2151 8200 7193 3511 3305 769 6058 2079 3476 7117 733 5973 8224 8245 7212 2150 3506 3528 2208 6110 4904 2135 2256 4910 6130 8207 3507 4865 7207 6117 6150 4943 2264 3556 2269 3654 4623 3448 876 4821 2168 2319 900 931 873 2364 8314 7093 5001 3686 3703 8217 2358 5005 6167 2381 7356 3658 6189 2428 3748 8299 3601 6113 6990 5923 2341 3752 4870 3754 4843 7402 6262 2373 2398 2127 2427 3220 5083 5088 6294 780 3636 8463 8458 1932 7449 8472 1105 3823 5125 1093 3820 3836 7437 5148 2487 2205 1086 1020 3841 5961 2509 2513 2521 3853 8469 5124 6321 5159 6326 6313 3856 3862 2342 2238 1115 5161 1111 6350 6348 8335 2548 1135 8484 2485 7479 5181 5174 1144 1149 3858 1081 3885 3843 2424 3765 2555 6344 4785 1170 8501 1171 7490 5197 8498 8502 2563 2539 7107 2068 2561 5192 2572 2569 5204 5212 2573 2568 1196 6396 1200 1201 1203 1207 1165 7525 7495 2626 2611 3928 3955 1258 1213 1221 8473 1204 3975 6441 2624 2504 8576 2649 2671 7572 8590 7590 7594 1310 5203 2712 7599 2583 1301 6511 2708 4061 8580 6515 1344 2754 5341 4095 2768 8345 5364 465 6885 145
3883 5557 170 217 6782 252 6818 6831 8002 4483 1795 6962 6961 122 7017 1971 5541 3317 7041 4665 3308 2045 3392 602 7088 8155 6006 2035 491 7009 3369 958 2486 5150 2544 2548 5174 5232 6448 1344 3329
3890 3053 1742 3071 138 1923 3224 8017 586 4708 8275 3811 6331 2373 7507 6235 4945 1086 252 6962 1916 5804 5557 3392 6831 2137 122 491 8084 4483 3317 4534
3892 4341 5549 1646 3053 252 6831 1750 1544 7955 256 7978 1742 1843 3198 1778 6782 4483 4534 4330 4528 8002 6959 1920 114 1886 8008 6986 6995 4278 3264 3250 511 5848 1916 4607 1887 6962 1562 3317 1873 3295 3392 2035 5966 3440 6979 7109 3442 8136 5959 7108 5956 136 4799 4792 7153 1860 700 715 3485 3479 4710 4763 3182 683 422 5911 3445 8177 3219 4811 5964 5722 2115 2065 687 4829 5985 656 2205 8216 4566 464 8226 7116 3278 4785 3549 642 2057 4862 7222 3630 3347 1003 6206 1105 3487 5155 8335 3636 1146 2562 1184 6235 3930 7507 3944 5220 5141 1171 2600 6422 3962 2649 6402 3850 2750
3893 6782 5557 4274 7982 1850 1778 252 6831 4504 4275 3271 1586 2969 7014 1895 3254 4677 487 3435 3468 3391 6037 4534 8110 1086 7507 1677 2558
3894 5557 252 1742 1796 4483 7982 4534 1840 333 6831 122 6962 1911 5790 204 3278 491 4624 4651 8089 3383 2078 3396 4794 6066 3392 7107 2208 8355 4575 542 7178 3818 8076 3814 826 1086 2443 7478 1154 2572 2754
3895 5632 170 138 7801 7882 3053 6819 361 7976 148 4529 4534 4484 1586 1768 1850 417 418 1853 1867 5804 8002 5795 8026 6954 425 432 6962 5815 1911 483 506 122 252 120 4399 1948 1902 4595 1910 491 511 8084 8073 2029 4708 440 3427 2136 3392 3317 7098 4537 7183 3511 8220 762 3591 4945 5981 7242 827 4867 7328 3532 3507 7034 8017 6235 6013 3526 5125 1112 8434 3820 5155 8466 8242 3862 8335 5130 1096 8475 5161 2511 3841 6349 3788 5169 5172 2424 7151 7435 7420 5166 8314 6341 3901 2553 3897 1184 7507 1218 3966 3997 1300 7453 2264 3992 1206 8640 4135
3899 6831 122 1742 6826 6782 4483 4534 252 4592 3317 1937 3392 5154 1086 7507 4135
3900 1662 7885 6796 3045 1612 3035 255 7917 210 4274 1761 3122 7863 303 5713 7955 4476 351 7882 1744 1804 6909 6881 374 6831 6920 1771 1775 265 5758 5772 5741 4534 7907 4483 6907 6937 3208 4469 3222 4549 343 3234 1878 4546 5809 6752 5721 3219 1887 3239 137 5527 122 7801 8025 6995 489 5795 1943 4584 3036 1586 1947 533 1873 6979 107 486 7017 7019 523 458 3314 3318 4637 6989 3305 6961 3322 1916 4643 5820 574 3246 3317 3206 197 3306 5853 7995 4681 3348 480 8009 6958 3353 2020 515 478 3376 8061 2055 7088 6789 3432 8083 1768 660 662 3416 2003 8164 7122 2077 4771 694 634 3443 613 2152 2151 440 6006 6037 715 8136 4792 5834 2136 3202 522 7059 2138 4845 5973 6072 5985 4574 4743 3571 6117 7071 4556 8233 7128 2198 4779 2281 872 868 2252 6983 5938 801 7279 4959 7152 2215 8313 4726 4997 5699 2364 8275 898 8199 5020 8200 626 956 5790 667 4651 2047 680 8314 8116 1984 7407 3787 7392 5032 5007 5088 7404 4961 7443 971 5082 1074 3811 3594 1078 5144 5136 1938 5138 2496 1075 1113 6349 2483 5170 6322 7078 3852 5179 1146 6326 6329 8087 6367 3897 2559 1153 3560 8500 1169 3460 1170 2424 3477 3911 1157 8506 1177 3916 7188 2015 7480 8492 3401 6235 2580 2581 5206 1192 1186 2584 1056 3930 4752 2569 7507 5141 1207 2626 3966 6422 3865 6402 8576 6157 8580 4001 8590 8478 5159 7599 2712 2750 4104 7494 1344 8039 5956 4775 829 5810 1778 6374 7490 5806 6819 1050 4413
3909 3021 4391 252 6831 7936 8002 4533 1742 480 5557 122 6782 1904 3256 1948 3308 3317 3307 2076 6235 1003 1086 5150 8335 3902 2572 743 1361 5364 3287
3913 6782 252 6831 6962 122 4483 4534 3317 3392 1086 5125 7507 2630 8576
3914 4328 6782 252 4340 7917 5572 3112 138 6843 335 6831 3069 4586 8045 7014 7045 7985 5797 3373 8130 2035 666 715 2033 4703 3370 3595 2373 3820 5136 1897 7341 1129 3853 3862 5161 5106 8481 8397 3858 5221 1123 3955 4001 1361 1336 1300
3915 3021 170 3053 6782 6831 1742 4483 4534 4484 7908 8002 5804 6962 1911 3069 4399 511 2949 1908 122 5881 548 3322 4672 1916 2039 3392 4647 8136 491 3317 3347 1919 5989 3328 4673 2086 5956 2168 4829 7183 7140 2036 6066 3378 2202 565 770 6113 3430 650 2077 4910 2136 6013 634 4865 3597 2262 573 417 3595 8221 4878 5890 760 7188 4677 956 7153 3709 2373 4743 3379 7356 7404 8436 5125 4945 3295 1092 1105 2414 5106 7435 8329 6281 1085 7341 3820 1087 7104 3847 4613 3837 4694 1102 5954 7023 8474 2193 841 3728 7212 7093 2525 2364 7430 5150 6305 1965 2483 3300 2521 2111 7026 7063 3823 6191 3626 6210 8322 3463 8469 3321 1112 3281 4725 645 3807 6054 6310 8105 8434 1096 2443 1093 2532 520 1082 3788 2505 3589 3394 7454 5993 6341 1101 5159 8238 8162 3862 8461 850 3486 7056 5996 3827 490 4704 2152 3851 3845 3863 8481 1086 4845 5124 5146 1122 3287 5161 3856 1124 4757 6338 5155 3853 6316 7462 746 6347 576 5936 3684 8335 7092 5961 3357 5007 3560 8174 6082 5170 4622 5169 5178 1129 3839 8458 6359 6000 3843 3879 571 632 2015 7149 5935 3888 8500 6367 1157 7108 2553 8503 1169 2562 2568 8501 2572 7490 3901 1181 2576 3646 5001 8101 3916 5199 2581 2580 1184 5205 2584 1186 951 7497 8515 1201 3933 6387 7507 6402 2606 5220 3911 2611 5221 1218 6422 2649 696 8576 8580 3966 4001 6474 8590 1300 1301 4912 2624 1213 2712 7572 2750 4061 2754 8645 5341 3928 4135 8466 1689 1778 2089 3252 4531 4610 6235 486 213 8016 421 4330 493 7801 543 6101 8144 5805 6703 7936 455 8031 5966 6957 2131
3918 4340 4391 1670 4483 1742 7813 1836 3258 6977 3138 8054 1930 1937 4592 3225 491 4429 8048 3314 3317 4651 6831 3283 5826 7058 3392 5951 7108 707 958 787 8441 8412 2525 2521 5961 5125 2414 7475 6363 2526 7491 2626 4945 8576 2670 7576 7552 2754 8645 2768 4104 2017 5727 3909
3922 7908 1742 122 5557 4483 4429 8002 3011 6831 4534 255 6962 6782 491 1916 252 5795 4601 5848 506 4399 4616 3317 1959 511 2017 717 533 5974 2139 5804 3392 2158 8130 2275 4904 2256 3603 2192 2260 4764 7230 3448 4845 7240 2236 6110 531 4910 8223 820 7164 3593 4873 2199 3541 6166 3487 7328 2215 5103 3827 3820 6990 6265 1082 3837 6337 6334 5063 3295 4704 2105 3839 3788 3826 5170 2548 4652 6362 5125 3819 7489 3636 1086 3911 1181 8227 4945 8590 8136
3923 134 7823 148 3021 4328 170 115 7871 1671 228 7904 7893 7910 7922 5576 5689 323 3138 119 7926 337 341 6868 3102 7955 7907 4484 4483 335 7927 1646 7917 5753 1804 138 373 3122 4500 1839 100 5532 6920 7876 6771 1666 7837 6936 6940 4534 4309 6947 6907 422 402 442 8003 8013 3173 5809 447 5812 4549 6831 1879 1875 3220 5819 1882 441 453 316 5762 460 3213 4566 5798 4544 1889 6963 3182 281 8029 1895 1565 2944 6744 5549 4281 116 2992 2950 121 107 7782 6689 6720 5632 5519 492 3256 5520 1545 1901 1658 5851 6993 136 3251 1931 4607 513 6995 1913 8054 4606 5867 4322 6946 541 1886 5523 1957 8064 8042 6989 4552 6790 500 4585 473 4608 4399 1921 3307 4634 471 4563 5879 1975 4615 103 6968 5537 5521 7014 1914 7802 444 5759 3208 1980 534 7882 351 5881 3296 1544 4630 8057 1971 3308 567 8074 4655 530 1849 551 535 5891 3320 6987 4568 565 476 5859 3264 566 2003 6836 556 4663 4672 1979 4652 552 7896 3302 3349 575 1997 8048 6753 3037 600 5906 4685 468 524 8090 3287 3371 1986 1670 7046 2031 409 3299 2974 614 8094 5868 6941 2020 2051 3315 2054 8110 7064 611 7054 3383 3331 2078 3359 2036 6991 7074 1953 2091 648 3351 3317 1594 5968 3314 8145 475 6953 5960 4694 5902 3337 5982 7101 572 4736 2037 4771 3451 8163 1959 5848 5956 430 657 2055 4767 2133 7108 1745 6939 697 4699 6869 3410 2137 699 7055 4626 2157 711 4792 8147 3468 7908 4545 715 5973 6055 6058 4787 4837 6066 3455 563 2117 3524 4862 4776 3517 7159 2158 6017 3365 4469 798 3446 3526 767 3419 6090 2030 404 2162 8216 756 4870 3353 662 5929 3303 5994 6856 2260 1778 820 7140 7091 3390 8252 2275 8233 764 3448 6113 3376 3035 1947 2276 2135 637 872 814 7264 2192 5993 4749 4560 4865 6130 3418 7152 3664 3601 2018 8223 4963 5966 490 2293 7212 3595 7328 2361 4943 873 3253 2358 4673 7115 8305 3328 5007 3717 8393 7298 4969 7345 1003 968 2428 5005 4867 2416 8448 2029 629 5087 727 6167 5083 8442 2373 3426 5114 5989 6294 5935 7037 1092 5148 6962 4910 1078 6311 5150 2424 955 5060 1988 1105 8451 3832 6326 3378 6185 3321 1038 3752 3728 6305 6191 8434 8469 1077 5125 7468 5155 7435 8466 8461 3839 1053 2511 785 3807 2535 3833 3862 1132 8474 5172 5169 6359 2061 3879 8155 5174 5124 8204 8496 3899 3891 5189 6249 8500 3888 6363 2398 1168 1172 2328 2553 8503 5192 8502 1169 7491 7489 6281 5170 1135 5199 6382 867 3912 963 3915 8245 3657 3916 7500 2584 2583 951 5212 1196 5001 7495 7507 1081 6396 898 6353 3944 1221 8515 1113 6402 3966 8543 956 2624 6441 3684 8576 2671 1285 4001 7590 5280 2558 3851 1141 6183 7572 6474 2709 2710 1300 2750 1310 2754 8640 2317 2687 5173 5356 1301 6796 2002 491 197 5106 1562 5805 7016 6082 7128 5772 7283 5659 3458 8144 5803 8335 303 2215 6986 1155 465 5832
3925 7823 2949 3053 1742 170 3150 7837 4534 5607 1878 453 6962 506 252 486 8005 484 425 7801 1906 558 534 8110 618 3330 3317 1941 3352 663 6066 2138 8008 7071 8020 801 543 7188 6189 7320 2373 3686 958 4951 6235 2381 717 2398 5032 6262 7312 7029 2199 8463 1086 5138 3839 2526 1113 3684 2486 3728 3813 2544 4865 1129 3858 5117 3856 8478 3853 5184 6362 5103 1154 2534 1149 2572 2568 6402 1221 7552 5001 3955 8501 1213 1171 3969 3893 2586 2672 4001 7572 8580 2541 2579 8590 8484 1301 7594 6474 7453 3997 2709 1300 7492 5212 7478 2724 1314 2569 7499 6511 2712 2750 1344 2754 8640 2560 4071 8645 5086 2583 1050 4104 2428 1181 2445 3910 1201 1160 3900 1979 4300 2120 7490 4657 5124 656 3915 1184 2238 4590 7970 2341 3036 4811 7945 696 1637 4721 2535 4785 6819 1945 3304 6939 6966 2155 2129 7051 246 5356 2416 7435 4582 4583 8169 4604 1983
3929 5504 7877 5707 6716 1742 1911 122 8060 1916 491 8089 591 3417 8207 736 2373 1003 1086 7507 6396 3944 5032
3934 7883 4391 1664 6782 122 6796 3112 2977 1742 4322 6907 5772 1562 5535 4292 6831 3202 2947 4534 5804 4552 120 3258 471 8045 3255 469 6962 489 8016 6819 1857 500 3228 490 1629 1932 1957 5881 546 3317 3308 571 458 4641 3392 454 7063 4743 3409 3388 464 5991 6001 7153 565 6048 2111 4910 7264 3626 3637 3683 940 8314 3482 4806 5001 2068 3729 7454 3827 5125 3401 974 1106 7420 6209 4785 5179 6161 5124 3875 7507 1213 455 7991
3943 122 5557 4328 7837 5634 1646 252 5686 292 6824 337 1822 4493 1858 3211 303 265 3234 7991 8026 1562 1911 5839 1586 4309 453 6998 6782 5848 4399 7882 4607 4563 479 4476 1748 520 4546 168 7017 3252 491 8048 3318 5888 4651 6703 4275 6682 7785 6831 4641 6962 3392 1742 4545 1916 566 8355 3709 5087 8335 8515 2033
3946 4317 5549 4311 138 1629 4343 5613 1612 116 6784 4328 6730 198 210 4291 252 211 6813 7917 4447 236 1562 6782 7926 5649 213 4463 1771 3138 1748 2959 7955 4476 7782 5519 1738 6793 239 7945 6884 1558 348 4526 1850 1830 4469 7936 1867 5570 3206 7981 1840 3053 351 5790 2995 5713 1676 8009 8003 6771 3234 425 1775 4552 4309 1878 4529 5769 7999 483 5839 4563 3255 489 1911 7982 502 6979 7983 5843 132 3294 6995 4322 5798 5848 3220 1933 511 503 1863 3246 2949 520 1886 7903 5869 100 486 2957 6976 1947 3300 5837 7995 1892 453 3050 458 4637 8048 1803 3313 1959 3252 4624 5766 563 6962 5721 4622 6929 573 574 7023 2002 4666 1971 4652 4484 3359 3353 2005 565 1742 197 585 2036 5913 4531 1916 7812 6718 2052 3373 5895 454 8090 613 2033 7033 7074 2077 3228 605 4535 632 7097 4546 6909 3446 4771 2133 7108 8039 6001 4792 500 2108 6953 7183 635 2136 3440 7181 8174 756 2168 3392 5986 7149 604 3511 6082 2281 4878 2243 8245 4910 3637 5881 572 1988 6180 7283 4806 6039 8314 931 3609 673 8221 5935 4610 2202 1784 3626 5024 3709 6964 8275 7328 3787 7220 4677 8017 760 7094 5896 2572 7507
3950 7955 343 4534 421 1742 4483 5557 4549 3267 5835 4586 3261 506 3365 7058 4708 3392 5970 2002 7153 3483 3390 4735 2116 8019 5020 933 2373 6235 8039 5971 2364 6322 1084 4956 1031 3841 4867 664 5145 8473 1113 7484 3880 1172 6396 5315
3952 170 6782 3053 3050 5769 6831 1742 417 8002 3069 7801 2949 6703 5557 5848 506 4399 122 511 1923 491 1916 3317 197 5626 3295 527 8084 4484 3392 4537 5968 2133 5989 2137 7153 8221 4910 7309 5007 7328 6206 7188 2373 3811 1105 1146 4945 5125 2562 2572 7507 1213 2649 2754
3960 1629 6776 1748 5557 252 3050 8002 134 6831 4483 5818 5795 3065 120 1840 506 453 1742 1916 4611 530 6962 3317 6987 197 7785 122 3392 4708 2078 2029 2077 8355 5024 3833 3811 8335 5125 2558 3912 6235 4945 4637
3962 170 2949 6779 6782 5607 6813 3092 324 280 7908 122 5772 252 3198 4484 5790 4534 8003 3069 6947 4483 5795 148 5804 6703 1562 134 1923 5848 491 4610 4559 3317 8107 3305 7101 2133 7059 2137 4792 3425 2136 4829 3524 7217 2168 458 485 956 2373 987 1107 1086 8466 8335 3862 3353 5170 5125 2562 3911 1144 2649 4001 7497 7572 8590 2750 2754
3964 1629 116 111 2976 7785 5557 2967 6779 5626 7880 1567 7893 7850 4437 5686 3033 6813 3062 6796 198 4309 6755 288 4330 5551 279 1748 346 6789 1812 7908 3092 1612 4469 343 3168 3176 387 256 332 6907 6885 324 6884 4529 6782 7839 1840 1745 6927 4439 3004 5713 3190 5797 1827 6946 3214 1562 1676 8002 6831 423 3053 5678 297 3206 3241 3234 1843 182 213 4558 8023 4500 5699 5803 459 4483 5769 8007 1879 6954 443 1830 1911 313 483 4548 7822 1863 5632 469 4528 4484 3279 6929 1923 506 6979 487 480 456 3257 1887 1836 6953 1854 4399 5790 1943 1886 5649 5869 3283 3300 3271 1916 5693 4549 1594 1933 453 7019 1906 508 3317 6993 7023 5823 1980 4544 7009 5766 4630 489 444 4663 1919 581 7033 5899 586 3229 561 571 4683 567 8090 6962 5541 6703 4585 7813 3325 2032 582 8107 533 601 5809 4721 635 5939 2013 546 594 5855 2036 613 611 8029 5952 3349 642 4738 2085 7823 8145 1775 8136 2029 2089 8129 7074 4656 3425 7078 2111 2107 2126 6961 8163 694 6001 7127 2131 699 707 565 485 3401 2157 3410 4792 4799 7153 4829 6004 634 2068 7181 3524 518 3432 7184 7162 2215 3474 3476 4826 2168 770 8101 7217 3435 6856 3488 8220 3479 2152 3413 7230 2002 2139 4715 6026 3514 3543 3448 2271 1742 1784 7112 2281 3637 8160 5896 7264 7242 6180 5960 4959 7328 7309 8368 956 981 4664 6235 8396 7014 6166 5892 764 3290 6219 989 5890 5087 2262 1953 3588 5005 3276 4775 8238 4845 3752 2485 3347 5083 2125 6185 3728 7407 6323 3820 8468 3773 574 7207 1081 3857 5145 5164 8275 7430 2532 1124 2416 8466 3833 6059 6000 2513 2086 8434 5181 5161 3843 2424 5063 1096 8116 7447 2551 1135 7091 8335 6359 1166 7489 3875 3910 8397 7490 7458 3911 2568 2486 5125 1102 1181 3888 1184 7500 2585 2235 2549 5197 6402 661 5220 3839 3992 8580 1213 3928 7590 5315 5205 4095 8505 8295 3913 4610 3313 1900 7953 486 4611 6679
3969 252 6831 360 4484 7976 5707 4534 4500 6962 1911 506 1923 8017 1916 5888 1906 3392 8136 3317 8084 4799 6066 3524 2168 6235 7356 2381 2364 576 8089 8436 1086 5125 1105 3813 3839 3862 2572 1169 2580 3888 5199 3933 3858 1184 1191 4912 8511 8314 2581 6402 3911 3916 6422 2649 1072 956 2624 4001 8335 8590 867 2709 4061 2754 2750 5205 1778 3886 7490 421 1689
3970 4281 5557 6776 7883 4370 4374 1671 1664 200 7823 4391 3066 1710 2957 4311 5654 5570 6790 6782 5613 4401 3045 113 6784 6813 168 2959 5632 347 4476 6831 122 4534 4483 5678 1742 4319 5576 1565 1935 6688 491 1916 3295 5879 7014 402 3348 7058 3401 8076 8129 5975 3381 2137 2089 2015 2158 3597 3593 4865 7300 8223 8199 3709 989 8275 5083 6265 3827 6322 4943 1086 3626 6323 1072 3321 2201 6316 6305 717 576 616 3862 8481 6206 5155 2486 5103 1129 5173 6362 1113 2328 3911 5117 2572 4870 6235 2584 3646 1181 3928 6387 7507 3933 6402 1218 8515 2624 2649 1119 8576 8580 7572 1300 8590 6474 2708 1262 2750 4061 7945 7023 4545 4430 8207 3214
3971 165 6782 4401 3092 265 6831 252 4469 5659 5557 120 100 4534 8003 8023 4304 3255 1916 122 4399 4328 1742 491 3225 3317 585 5901 8002 3422 5969 7059 5999 3487 3439 6066 4837 8199 764 3570 6049 4865 3637 3664 5007 2381 1003 6294 7212 5884 1083 5125 3839 8463 5145 4723 3321 5895 3875 4624 1153 5124 6117 3819 7497 785 7507 1086 6158 4793 1878 4647 3888 2215
3972 6736 7801 6688 5613 122 4483 5772 396 7981 1836 7883 6782 8002 6703 1670 1562 4400 3236 5821 3231 3254 4578 1911 1908 3279 8054 3232 3205 3255 5869 6945 4634 1901 4661 464 3340 520 511 1804 5704 4641 551 601 7032 1900 568 625 556 566 5944 3410 3327 524 4703 8106 4743 632 3309 4484 3425 7108 2018 3303 694 2104 8163 2151 4792 707 201 3549 797 3593 631 3630 835 7029 4945 3487 5986 3476 8314 759 6007 2096 666 4643 3570 2414 3752 5737 2158 5936 8007 351 8048 6105 2408 3818 5087 2499 6322 2416 6334 7128 3276 7023 8360 8474 8335 1081 5170 6015 2541 1028 1151 2535 5189 6161 1169 3910 7491 5204 3911 3888 5199 2583 3930 1187 5141 1218 4001 5298 2750 8645 1186 4135 3225 3150 418 316 7790 1056
3974 138 6782 5626 252 6831 2949 4483 197 1742 8002 5772 122 491 7801 204 4399 527 3317 3392 8136 5989 1916 4829 6066 7217 2298 8335 7328 3595 5024 2373 1003 3729 3738 1105 1086 3862 5170 3901 7507 6422
3975 252 6831 1742 4534 8002 6962 491 3317 7507 418
3978 5570 170 6782 3053 5634 6813 252 3071 198 7908 6831 7839 1784 6682 108 4351 4483 7795 7785 7880 3069 3205 1850 1846 4520 5520 7896 7801 423 411 3198 5759 6962 3245 1911 3256 1916 511 479 493 515 3045 1962 7014 3317 5545 7008 5521 122 2950 120 7983 7048 7046 5847 1996 3392 3098 613 4696 5820 592 7055 2089 3394 524 528 4563 4715 8017 7153 5986 7051 5893 3487 634 3491 4755 3300 5954 2091 3519 7178 8221 762 8233 5838 2276 6150 3593 2182 6117 3683 976 2373 4545 810 960 8295 3548 746 6264 1861 4675 477 6207 6000 7103 8335 1064 7320 558 3770 3832 5081 1086 1105 7437 6313 743 7057 8481 1128 3560 4709 6191 5169 5170 1019 8458 7475 3849 5117 2541 3879 5027 1150 1146 3403 4694 2538 8502 2572 1184 6235 3858 3891 3883 5189 5213 7507 1155 3477 2611 1258 3966 4001 2205 6511 2724 4104 1378 4135 1710 8207 1647 7904 661 7446 873
3979 6741 148 5572 111 170 1646 5557 134 3033 3052 5626 4392 1662 5634 252 3098 6782 2995 7850 2949 5636 4463 1670 1768 1750 245 5659 6682 7823 3122 7982 6927 3198 1812 3205 189 4534 4508 4480 4476 411 1770 8020 3211 1856 1827 1586 8027 8025 8031 132 7981 265 3069 5834 3202 402 3150 475 485 3255 8007 1878 1892 3220 1919 6980 489 5837 1923 8005 3071 1778 1742 6953 5869 4607 7014 1873 122 7812 6703 523 1558 6957 85 1544 4311 4566 1959 4609 5890 6976 5772 5721 572 5847 534 3035 5899 4537 568 3295 4653 7999 6711 472 3359 3353 5804 3365 601 455 480 4330 4678 1908 522 3182 2015 1986 1947 608 614 2957 2052 8097 5902 3426 4738 3404 4735 4699 3405 5722 7088 3419 8136 2028 8110 610 4525 4763 2089 2029 670 116 4725 3375 3313 3373 7086 707 3450 616 2137 700 3481 5914 5737 8129 430 558 735 4768 5913 659 7034 425 3347 4741 667 3376 3306 2018 2077 5981 5843 5901 605 3549 2002 6013 6113 631 3392 8223 565 4806 7153 2136 6028 3430 3328 8238 3595 4878 8204 8084 2168 717 2066 5895 7042 5856 873 3631 3570 4948 8039 835 850 8073 3391 4870 7264 7115 6117 8211 4963 4943 5881 2014 3488 6206 746 4829 760 8106 8165 7328 2364 4677 6235 8200 5935 785 421 3658 3597 3626 582 2373 983 3378 4785 989 3401 8368 7392 3728 6314 1107 1072 5835 8436 5063 6311 4956 1113 3837 5961 3820 1053 8397 3863 8481 5161 5155 8469 1119 5178 5173 5993 1135 5181 3879 3880 1154 3811 6362 1145 8314 7480 3888 5124 1146 3646 1160 5951 8500 3887 8484 2562 1184 2581 2573 956 2403 6390 2585 5213 2584 7491 3933 1201 8515 6387 7507 7149 1213 2626 2558 6422 2611 3893 1258 2624 8580 3928 4013 5280 1301 1262 8590 2593 4061 2750 2754 4135 1562
3983 6730 3052 303 6831 1784 324 5769 5790 116 4484 4534 1846 3069 5795 3232 8034 3261 6968 506 1923 134 252 1562 511 1742 4610 3317 6964 602 635 5896 3378 7059 4743 1911 2133 2137 7153 2136 3524 3529 4829 6066 4865 4945 7328 3595 2373 6235 6166 7122 8335 5125 1107 1105 3839 1086 2096 4870 5170 6359 2562 5205 3916 1201 7507 956
3988 4370 6782 6831 3176 1742 4534 6962 122 252 5557 506 3317 5925 4556 3511 2256 4821 2373 1086 8335 5001
3991 7978 8002 8015 5837 2959 1610 5693 491 7813 5613 122 265 5649 1664 3232 1916 1830 4483 7790 6703 6962 106 4399 3198 3260 476 1836 6771 7986 197 1742 6831 3317 8110 1796 4476 1971 2076 2077 7082 4534 2130 7183 667 3392 732 3448 5020 2373 3658 5005 6305 7446 1087 1092 5125 8468 8463 5115 2182 8478 3902 1085 3858 2590 7507 1086
3996 6782 252 6831 1742 4483 4534 5831 6962 4529 491 3317 3396 4682 3337 5989 2398 637 2489 3376 6981 7435 8466 1941 2593 1130 5298 5356 3728 1182
3997 5557 5613 252 197 6831 1689 4483 5772 6929 1562 3090 5769 437 1830 2959 5795 5804 4529 8017 6962 5839 6968 1916 103 122 170 7801 3295 3317 8084 4652 7033 1992 3371 3392 4708 4740 3440 616 2133 7153 7162 8200 6055 2168 2135 3524 6101 6166 2373 989 746 1072 2489 5125 5170 1086 6367 3890 8275 8473 2276 8335 2562 8466 2572 1184 7507 7572 2754 8645 1378
4003 170 3066 6831 7926 6881 4483 346 387 106 1839 4534 5659 455 1858 432 6962 489 1562 5798 120 122 6782 7801 1586 491 3053 148 3069 8002 138 5830 5834 500 1866 4399 1947 1933 486 7023 556 1964 4639 4632 7013 565 421 3321 575 5900 3232 5812 3359 5906 4661 3287 3317 4653 3336 3361 4696 3381 8110 2066 7084 2109 417 6961 581 3348 8136 3439 2129 8165 2104 4811 7181 8245 696 3299 3637 3664 1786 3595 931 6166 3357 7037 8179 8275 5883 3570 2105 4535 4667 1038 8463 2373 3514 6306 5125 5961 3851 3843 8335 7507 2626 1175 3250 5867
4007 170 3040 5634 5626 6782 6824 5557 6831 7976 1795 4536 6937 5772 4484 5795 8027 1742 7801 2949 3282 252 1916 122 6703 491 5848 511 4399 1923 1957 5878 555 3317 1990 5804 4721 5811 8156 5995 4799 7193 3435 3630 3637 8313 3601 6962 6353 1168 1172 7497 7507 5220 6422 8576 4135 3962
4020 6831 122 5557 4534 6962 1911 6782 4584 252 506 4399 8084 3373 3353 455 666 4792 8199 2276 7259 3256 1795 5832 2091 835 2373 2381 4870 4945 3826 3461 987 2588 7507 2754 5364
4021 6782 252 7871 323 168 6962 2993 122 1742 5848 3317 491 4483 4682 5549 189 3392 2137 2205 4821 7328 2373 5125 1086 8335 1149 2572 6235
4022 122 5557 5553 6698 4314 5527 4370 138 7852 3049 176 3053 5607 1646 221 3035 2967 1710 7922 213 1768 3150 6884 5521 5572 189 3071 1786 7934 400 5791 4504 1846 106 1742 5799 5519 7818 2996 8007 170 1874 1562 2979 1541 3052 7803 8016 4558 1882 1843 1911 4586 4534 8043 1906 5798 5809 1901 506 3281 4610 4615 1947 1594 5874 8057 1886 493 8077 3313 8048 3246 556 1545 4666 3321 4629 1928 563 3328 581 1962 116 3204 545 2020 5914 484 4641 1972 8107 529 5870 3303 3394 3331 2052 4723 635 7055 5945 1916 3410 6878 3319 8130 4694 7097 8145 8149 7101 455 4535 3423 4725 3305 602 5802 2151 2120 619 3498 8163 717 8205 6013 7162 4777 662 2205 5954 7108 792 3542 746 2168 3569 8249 7140 4849 6113 3560 4704 4878 7112 7220 4895 2252 4959 6185 931 848 933 2341 785 7328 7298 2154 2362 551 4656 5038 5024 2033 632 2364 3658 6262 5920 3754 8442 8242 2443 3728 8458 5114 6117 2135 2127 2441 6328 2182 1910 5142 3814 6323 8474 7453 1092 3841 3837 6332 705 3850 3820 2505 6345 1124 5155 8481 3819 4945 7478 1082 5981 7458 2544 3833 6359 5181 8397 1133 6311 3810 5990 5179 1145 3888 5189 8500 6367 3371 1072 3900 6344 5125 8221 5193 2562 6360 8503 7491 3916 8492 951 1196 2585 8469 7507 5161 3909 1207 1218 1204 6390 2624 4013 4001 1129 2722 4061 2754 2724 6511 2047 1767
4027 2949 6782 6831 6790 1784 4483 116 1742 7981 6703 7983 347 122 3239 1909 8017 1900 6962 3317 7036 4673 512 2077 7063 552 7074 4715 5914 5890 256 2154 673 3549 2117 4548 6157 2281 848 1962 3556 1003 4943 7140 6262 7402 981 3839 1086 718 5125 8500 7497 1186 2584 7507 3287
4028 2976 5525 7850 3011 170 5613 5626 138 4343 3053 5634 252 6813 6790 5572 1594 6831 3071 4448 298 1784 119 1689 5699 6881 3050 7982 1836 1742 1850 6909 1812 4534 6929 1846 1856 3213 1562 7821 1840 3069 1767 417 7804 1863 3222 6945 5758 5790 269 4504 4549 455 5821 3234 1866 460 1887 3238 432 8009 5807 4546 3254 5834 3258 1892 5839 1911 5837 8002 4563 4545 458 4584 3280 5848 3269 466 4597 7983 3300 3282 3299 6682 2949 2944 4476 1541 4283 6718 122 116 5527 1947 6711 6703 8065 7023 3318 554 522 464 546 3317 2957 1980 1972 572 1547 505 565 563 1992 7033 3321 4639 582 461 3348 2014 5870 5766 5901 7019 5902 3371 1910 5722 3261 1953 5895 4679 8084 585 3365 3391 7812 635 581 1988 3306 558 2070 2029 2066 619 8129 8145 3373 604 5913 4708 2118 1609 7059 7127 2133 6001 5996 3259 5964 4792 7153 3487 3485 616 3435 7162 4829 6066 756 5985 2175 3524 8163 8200 8237 7205 3587 5943 6072 8216 4725 3439 3404 3570 5900 535 610 595 5993 4845 8111 8199 4712 8264 872 7242 7217 717 5801 3591 2136 3595 3413 6101 2170 4778 2033 770 3347 2252 656 611 8245 5960 6150 4806 7328 485 2047 6082 8299 4910 7212 764 6219 989 3430 4865 2364 7259 1045 3666 7151 8238 829 3728 5087 609 4590 7140 7392 1067 3729 2199 5026 2362 2489 7420 7094 6315 3636 1072 5125 2373 3626 3765 5136 8468 3657 5124 8162 8107 1107 3775 6206 1086 4652 1113 3530 3845 5869 3862 8461 1020 1093 3589 3859 8481 1125 1096 1087 1115 6359 5174 1129 5169 1145 6367 7462 8500 6000 2562 5086 2243 3911 2568 2572 951 2581 2403 2492 1182 5199 1186 2584 3907 1184 5205 7507 1201 2580 8515 2611 5221 7494 1181 6422 3893 3966 5232 1213 2649 8335 2561 6441 1270 2624 1273 4001 2680 1300 1301 4061 2754 8207 623 2712 5966 5704 493 6990 4581
4029 148 170 6831 4483 4534 8002 1882 138 6730 1916 4399 3317 8136 5966 7109 5989 4799 7153 4865 8439 2373 760 5870 8466 8335 8502 5199 3930 2750 2754 1861 470
4031 252 7893 3045 6831 3198 6962 459 491 513 600 8107 577 3338 602 2051 5934 3383 630 2076 2045 2056 2118 3481 3519 798 814 2235 4904 5973 3476 3618 6171 3394 6162 5995 2392 711 2416 5032 3773 1028 1045 582 5125 971 2424 6033 8148 5038 3376 7264 3851 2510 6215 5859 4956 762 8242 6011 5124 6336 3367 651 4697 531 5880 4762 8086 3601 7447 2547 974 3460 7484 638 5189 2560 5920 4656 7064 1172 3907 719 8160 6346 8434 1170 4676 3896 3431 3337 6281 4688 3883 6344 4795 5185 2108 2065 3665 3850 6271 6345 5164 3507 1184 3902 3904 1166 7490 1171 4849
4035 252 6831 1778 7782 6962 3050 7998 480 491 1923 1916 6964 5848 3107 3295 1781 7802 3318 4613 586 3299 2037 3400 3413 7088 1906 7056 4596 4581 246 4752 321 4688 5705 4734 3317 8120 4605 2137 3460 2104 3487 6006 3513 7140 769 7188 7162 8221 8005 8216 8131 3392 6117 4943 2243 4948 3595 6185 4833 2373 956 3222 5038 5933 6000 8335 4945 5125 6305 8236 8451 6013 1086 3443 3856 3862 5161 5124 1112 2511 5117 8467 4794 6271 3911 5086 3915 3916 1056 5199 2129 2091 6235 1184 3910 4912 3933 7507 6399 3944 1128 1213 8478 6396 1187 1193 5144 8580 2672 7433
4036 122 170 5557 7894 239 1745 3030 324 6782 7908 1748 1786 5659 5769 5790 1827 280 5803 103 4534 5818 5795 4330 4483 1937 1916 511 1742 4574 5870 182 1972 8093 3317 6962 4537 6716 7823 4708 4717 6968 8107 3290 5532 4721 3404 5848 8101 2136 4829 3569 5896 670 680 4948 8321 3392 3425 4610 939 971 8363 6255 2215 6026 2373 1056 7398 6130 5920 2427 2243 1928 751 2035 7059 2499 4865 2524 616 3295 7162 5178 5186 1169 2572 1181 1145 3916 5199 6235 2316 7507 8525 2611 6059 4867 7491 2443 6117 2754 8466 5125 5772 491 1784
4038 122 4362 1671 5626 3034 5689 4432 7908 1745 6753 5659 134 1676 6831 2995 4483 8003 3208 3050 136 5804 5795 3232 1911 1873 5851 565 581 6976 4691 2015 1856 3321 8107 614 3299 605 644 3419 2089 5979 8163 3479 2070 7023 5943 4768 746 6180 4948 4963 2373 7220 1092 888 6323 5125 3847 1105 7093 1072 8223 2495 8466 5170 2562 3911 1184 7499 6235 1196 2585 1201 7507 5221 1213 6422 2630 4061 5356 4135 3150 4945
4046 138 1646 3045 1662 7976 7978 351 6789 6782 7981 4534 1587 4520 6904 5809 8008 8015 1679 99 4559 1873 6962 6703 4525 483 491 485 3279 341 487 4447 1916 1901 506 4543 4604 3292 3176 4399 1935 4616 468 5525 7907 1745 5706 1967 4574 5881 3317 1965 7026 5884 4665 533 8074 585 505 5870 8093 3353 7054 6969 8112 2039 7032 3392 6987 8065 7017 3417 4575 631 6963 4709 2054 4700 542 4594 7082 6978 4732 2091 5762 7074 4597 5913 629 649 3102 5843 5714 1670 3325 2099 7086 1988 4653 3440 2130 654 2120 6856 4581 7084 2111 3439 6001 694 2150 8221 616 8200 8165 6055 2215 2017 4806 7178 478 3302 1860 5991 4596 8164 2123 8322 5959 7294 4843 3506 2395 4720 8406 971 1983 431 3770 5110 8452 5822 1048 6993 6939 2205 3818 3569 7341 2424 7449 3754 1087 1077 6325 2496 6311 5112 1086 1107 3836 898 8434 3843 4743 2487 2525 5153 6332 3560 7158 8223 2534 6235 7507 6396 1187 2606 3969 2649 8576 1767
4047 1677 252 6831 6782 7801 4483 1742 281 7981 4534 6698 94 1875 5535 6964 5835 506 6962 3317 5843 5890 5899 7045 8029 2029 645 4767 6001 7108 3305 8153 601 3401 1031 2485 491 5125 7030 7298 3872 8105 7507 6399 6387 1187 1176 2750 3440 3392
4052 5570 3021 1677 3052 168 5607 7882 6790 5572 3033 3062 120 6813 6779 5636 1676 5649 6782 6784 6824 1748 197 4417 4322 5711 5713 1784 1750 7908 324 4430 5741 346 6861 6831 7945 3168 361 7981 213 1594 3205 1836 265 5721 418 8002 6947 5549 1558 1629 6711 1541 4283 4274 6730 7801 6703 8026 4549 7785 421 8034 3213 4535 5835 6963 4275 5834 3255 506 1901 6688 491 3287 8050 1887 466 5851 4399 5867 7016 5804 1959 4607 3295 1562 8065 1943 5890 551 3330 8005 8084 3340 4651 4691 7000 417 6995 3381 3393 2001 5868 3401 4559 3306 5944 3261 5952 4653 3426 4597 2976 6957 595 6977 3394 2077 3416 575 4694 4652 2068 7101 6006 3477 2136 687 5799 369 6032 632 7159 5964 4829 705 3482 5973 8177 4630 4811 6072 8226 5985 8179 8143 5900 3529 7140 563 8153 8221 4667 2192 4895 3413 2262 2271 4775 2162 4945 3595 4845 4833 667 1996 8223 3347 4560 931 3631 2005 965 5020 6235 7220 981 2373 8345 7312 4943 4910 3728 1048 1072 5038 3379 5103 8242 1105 2520 5150 8436 3839 1086 2485 6317 8466 5161 4624 4794 2513 1111 3589 8474 1119 7213 2487 5170 7471 1146 1101 2548 785 4956 5895 5173 3788 6367 2553 3888 1147 5990 3597 3859 8211 8314 2154 1157 6360 1126 2562 3657 3858 5197 3901 2569 2572 3915 5001 3916 5199 5205 2581 2443 1184 1186 5935 2129 7507 2649 3966 6422 5221 2624 8576 4001 2672 8335 5280 7590 1262 2708 6474 2687 2710 1344 2750 2754 5356 297 8110 3234 2957 8017
4053 1647 1768 1822 380 7978 1742 6995 7831 4661 575 7328 7188 2373 4781 5199 8335 5212 7507 7446 2572 6235 5125 1086 4945 3893 491 252 4483 5557 1916 3317 6831 7162 122 3392 6962 8002
4057 5557 148 5521 5519 7933 7980 4534 8002 122 8003 252 6782 4483 6962 3212 3255 491 6929 1886 3317 4666 8084 581 1960 509 2037 3392 5896 618 1916 634 465 2096 3440 2215 2074 7071 6235 5825 5138 5976 7420 3839 3897 5197 4955 7497 7507 1213 2754 5356 3073 7490
4064 4311 145 5557 4328 134 1646 4317 1670 252 7917 4447 3053 1676 1748 4463 3071 1768 122 6831 1784 4483 217 1742 6929 7982 5772 4476 1850 7981 4484 432 5804 8034 3261 2963 4274 1911 6703 6782 138 6730 3269 140 6771 1916 492 4597 6979 475 6953 2995 503 8005 5759 453 4634 7014 4330 7896 7016 491 3309 7020 1886 5890 3317 2002 3300 7033 1971 585 582 3365 3390 8084 3392 3378 4708 4715 3404 565 8145 5848 3425 3426 5900 3198 2133 4771 2131 2112 2119 5989 2035 6010 7153 673 5964 1887 4811 4845 7217 746 3455 8221 7230 4878 3587 7061 7233 3513 616 8245 3637 4948 8223 2293 3297 7328 6235 8393 8368 1003 1020 3379 981 2381 5083 7093 6048 3807 2489 6210 4865 5125 987 4794 3836 1105 1107 3839 6337 2520 4704 5961 5007 8275 8466 2536 3477 3548 8481 5178 7447 1135 2547 6347 6359 8500 1100 8502 1169 5935 7490 2572 1184 4912 3916 956 1086 1201 7507 8335 4001 7572 1300 1301 2495 2709 4061 1361 5364 94 4135
4067 182 122 3045 4274 291 7908 1836 4534 7936 316 4351 8002 7850 4483 5557 8034 5834 480 1911 491 475 5634 5521 6782 1959 1943 1947 3312 5853 3317 571 4633 5883 2002 573 3349 252 3392 2052 635 2077 4526 3330 575 7903 3419 8106 8145 7094 646 7108 6013 4799 6006 756 6082 4545 7213 2015 6945 7174 2047 2215 3246 469 818 659 2175 5839 6209 7356 8329 5063 8412 3787 5087 5088 1028 3446 5125 3811 1087 6000 1086 1160 2562 3902 2572 7480 1175 3863 3915 5205 5211 1196 7462 7507 1201 2593 6402 2649 2750 2754 1361 8640 2687 5164 8016 1545
4069 7926 5634 211 3062 6782 132 228 348 4483 5693 3168 3176 5766 6831 6920 1846 5758 8003 4536 4448 7801 3211 252 1748 3198 5821 3239 7933 4309 1863 3050 409 5819 7936 4552 333 402 8031 5809 5831 8017 145 6962 480 5572 6929 3150 6784 1843 7991 472 417 4529 483 1911 5795 430 5772 5790 3202 239 1775 484 3069 1742 6964 1923 4568 4607 475 500 4399 520 502 316 8007 506 1906 6995 491 5848 1892 1943 8016 1933 489 5851 505 1916 4546 5869 3300 6976 1827 6979 4563 3228 1964 486 509 3313 4633 566 572 1953 518 1972 3257 265 4666 1959 5881 7023 1990 3327 1996 1987 8073 523 458 3353 5868 8107 8084 2036 601 3365 614 3220 4708 3317 3383 565 2035 4447 585 8110 605 3328 2047 8116 545 2077 3410 635 4673 8129 5952 3404 649 4715 3376 7071 609 7063 4700 440 7059 5956 8145 2091 6941 3355 2109 8149 4741 7078 629 4583 4624 650 1937 4771 7113 610 4740 2104 7114 4724 5982 8062 3425 672 7082 3429 4767 4763 1965 7127 2136 3465 662 2111 2014 2079 4761 2115 511 6953 8039 3393 6001 699 639 3446 664 6010 2137 4622 455 7183 4768 6013 2139 4811 735 2068 6072 576 3529 7074 2117 8179 7159 687 297 3419 2061 7140 6006 2066 2135 1988 769 8236 798 2154 8226 3443 1803 666 2168 8130 3595 8245 5986 7181 6113 4725 4821 673 4806 3340 4845 8216 7230 7176 7203 2262 3430 8200 3246 616 4878 1947 2119 5901 760 6067 659 717 7242 3587 3588 3440 848 4825 3388 3570 667 2029 634 696 3348 727 7903 6166 746 8111 2281 680 581 3391 6039 3477 867 4677 6117 8204 5981 4865 8155 2018 3392 3513 8223 2129 8252 573 827 2252 7158 6185 5960 873 5964 3435 3646 3319 4910 2152 6907 3474 7300 5884 8221 5900 7084 7328 3609 3666 2215 8305 7213 8165 6082 8345 2328 5024 8368 7279 5020 7283 465 2341 981 3463 6206 2202 2265 3728 4943 6210 7014 4712 3787 718 1048 5989 8412 4829 8436 2398 7404 2373 3426 7151 6066 2485 987 2015 3373 3379 5921 8275 5103 3252 2496 3813 2489 6294 8136 6325 7088 5106 6315 3378 5990 2486 3811 6311 1072 8463 1105 3626 7430 1092 1107 2513 3530 4785 2443 3305 6101 3853 8466 5155 3658 3819 1101 3862 1126 8481 2534 1129 607 2089 4704 3839 1135 4945 2125 7092 3524 3879 3858 6347 5181 1146 1160 1171 2256 7489 7480 8500 2120 2553 3897 2562 8502 3888 3852 7483 3873 1157 5197 2568 3886 7492 3875 1169 3487 6359 1086 8249 1168 8505 5204 6382 3890 8506 6151 3887 5172 8501 1182 2576 2572 1184 2492 5199 3913 951 3915 1192 6386 1191 3910 3911 4721 1186 3901 7460 6390 1176 2095 1181 1196 1155 8511 2585 1050 8515 1147 5001 2584 2590 7497 8492 1200 1201 3933 2573 1165 7507 1203 6374 1194 1114 8478 2586 1204 6396 3944 5141 1207 5220 8520 8525 3916 2606 6387 8484 7491 6402 8503 6422 2581 7525 3893 2611 7188 3966 2630 8543 3928 8207 1218 2624 7162 7153 956 6000 7552 1213 6235 4912 5221 2649 5205 6441 2561 3969 5255 8576 1206 3997 2671 8580 6059 2632 8590 4001 7572 8335 1301 5125 2708 2687 2750 4061 2712 4775 2754 8645 4135 3636 5896 549 3259 1141 7094 4531 785 4610 4556 5951 3295 1857 829 8144 2131
4071 6782 7782 1846 6962 5837 4563 122 1803 5895 5989 7108 8221 8295 6105 8335 3709 5087 5125 7437 7507
4078 252 4407 3053 321 7978 1837 4534 5795 4535 6831 3317 4708 3392 635 1953 4673 7088 535 1898 1860 2119 380 576 7130 6001 604 5928 8129 3387 2055 7183 5981 639 7121 8174 863 3445 989 4768 4829 3811 1086 5154 7404 3827 7207 5178 2135 7098 2649
4079 6741 113 182 7812 6782 204 252 7917 6856 5707 4471 1767 4480 417 8002 1742 5795 423 4483 7785 8034 5834 497 3289 5848 500 5853 552 555 8084 6831 4683 6962 5557 122 7059 3392 8164 4652 5989 2108 516 8039 4865 2373 8155 8110 3491 1911 1067 4787 3770 4945 3811 1105 1072 5125 6059 3487 3862 8461 6206 2182 6003 2317 6359 2123 1169 3888 1184 1181 7507 5124 7590 4061 1218 2754 6151 1784 5161
4086 1544 4534 6831 4483 491 4399 6782 3317 3392 7507 7590 511
4094 1616 148 1562 6730 200 5636 252 5649 6831 7785 4476 6789 1771 4439 7936 1784 4483 1742 351 7982 1843 7981 6693 4525 7998 4534 1850 4535 3069 4537 5799 2949 6962 6939 3237 6703 7812 134 5834 7801 5553 491 506 3251 3300 1886 7983 4666 4649 586 6976 3392 607 3404 5906 4743 7097 7094 2133 6001 4792 8200 7184 6000 2168 8221 602 7217 8245 6006 5007 2364 6235 7128 4982 4639 956 3337 981 7392 1990 2171 2215 5989 7140 5125 3839 6294 5161 3862 5170 5124 5178 1072 8466 4870 3888 3902 1169 2568 1186 3916 6387 1157 7507 1165 3933 4956 4001 2672 7494 4061
4097 4319 148 4311 122 5580 5570 138 1581 1558 7812 1646 3011 4370 4392 217 252 6796 6813 1701 239 4381 3092 7850 5674 7917 6831 1738 1666 7922 5689 4439 7823 4469 324 3150 4476 4480 5743 7775 387 6688 7978 4308 5632 6920 1837 7982 6856 7945 4534 3205 411 5772 8003 3052 1867 8013 4486 7976 3234 4552 3228 1878 6967 1889 425 6953 1911 484 447 6752 3261 4589 506 1916 5848 503 1886 4549 1942 6989 333 3287 8017 6869 5869 1932 8031 3290 4568 491 5853 6964 523 8070 5879 548 555 4635 3307 1545 7800 8084 5850 7801 3327 3317 5891 486 7036 1979 7022 4665 6962 8060 3371 4652 7991 465 7058 545 4705 3392 1953 3391 2034 3381 2051 635 4721 4720 3414 4537 3388 4740 3419 2091 2017 7081 8086 8112 5975 3410 602 3355 7034 189 8149 5927 3446 3348 571 3430 2036 4657 582 7101 6001 3363 694 4736 2005 4749 8106 5843 7039 2131 1908 8007 7098 2096 3450 8019 1890 626 3443 2164 8147 7149 762 5797 7074 3455 7108 6039 2120 670 2168 4821 7213 4849 632 7230 4624 2126 8039 4904 3593 1960 826 394 563 4630 5986 709 3432 3532 4833 3630 351 5996 3340 835 6980 1984 8159 4626 4673 7029 3390 3595 558 2002 2152 3646 2331 4878 2238 4593 2052 4997 7309 6930 6180 8355 8329 8223 4845 8363 4943 477 4724 6240 965 4992 2414 5063 8448 8441 3787 7341 983 5087 8238 5088 1028 1064 1057 3765 2513 7449 3361 6331 8110 3425 3823 3813 568 7430 3855 1122 8461 3548 5125 3862 2486 5136 1105 705 3594 6350 588 5178 6344 6210 5161 6338 5990 2235 3879 751 5190 2014 3376 5184 2555 2553 8116 3405 2416 3890 1171 3853 3888 8502 1141 1072 6311 867 1126 1181 8211 3910 6207 3750 5007 6235 4704 8511 2580 2588 1193 725 7507 1187 3944 8515 2632 3893 2649 6448 1273 1285 1206 4001 2709 940 5356 108 2959 94 421 4292 5706 3571 3229
4101 5613 211 116 7882 3053 6813 4447 85 252 5521 323 1784 1539 188 1771 1742 3190 1545 1778 3220 4480 8016 4528 6945 421 1878 189 7818 436 7813 2976 3181 6962 7870 7812 3069 480 4559 3232 7796 7785 122 3251 1909 5534 506 5841 1918 1923 4288 8029 4605 402 1959 491 3292 7896 4549 5866 1803 5853 3300 3313 3308 556 7018 2947 565 3349 4573 5901 3331 1973 4483 4664 5529 1971 4657 5896 8110 5809 1996 3392 3393 1670 1997 1697 595 3388 7055 635 8106 3404 2047 558 3348 5929 3410 4743 5953 8145 2077 4653 4699 592 1669 5943 3429 650 4763 3440 629 4758 1860 4736 7081 3361 6004 455 3423 3327 2152 5961 8159 6013 4581 4582 3317 524 1775 3514 6037 7140 7172 2205 6030 760 8221 6032 604 4541 7078 2215 4797 3588 7212 8245 820 2117 2199 5993 2182 7007 4851 3593 6185 888 6082 7188 2252 3595 2265 908 5020 7312 4970 3717 968 728 3738 3560 3787 2411 8441 7104 5106 5125 2381 2108 5138 2496 7438 1082 5032 3832 2525 705 2471 7092 1112 8434 3819 6341 6209 2424 3862 5919 1111 1157 8502 1175 5204 2572 5158 5205 1184 6389 2580 3930 2593 5141 5221 2626 8576 2709 1344 8295 303 1930 8093 7590
4102 5626 122 4328 4534 1778 252 442 7999 6962 1916 2029 7063 523 8335 582 3859 1169 956 7507 1165 1301 898 2687
4103 4278 5527 7883 1671 2976 6776 1586 6813 5607 7904 235 200 265 6831 6824 5553 115 3098 7926 4463 4448 5654 303 1748 7903 288 1738 4484 5693 380 4476 373 353 6904 1771 3065 2940 4274 6921 7981 1850 3205 5659 8002 3220 5809 443 245 3190 4542 3234 8013 259 3258 3255 5825 3238 1907 414 473 487 4504 6962 1918 491 5848 6964 4605 5869 5853 8064 8057 6993 2970 3317 1972 5797 8082 1990 469 4666 1992 1558 5519 3313 1999 107 551 5545 1547 5541 596 3353 6976 4665 6931 2032 592 4688 4679 3371 7796 2029 3300 5891 4545 8007 1878 5870 6952 529 3396 614 2957 602 635 3354 2078 1971 116 5895 1908 5799 5632 5839 3282 3423 4317 650 2089 1887 4719 7101 3440 2104 2108 4763 8149 4767 4699 1941 4771 2123 2136 6001 2030 5996 662 4677 2066 7077 7117 7183 7020 3413 4948 835 7118 4613 440 2223 4821 8322 3519 8211 6150 868 7328 785 7240 8141 777 4961 5892 1960 908 7078 7188 6010 4865 8345 3425 3729 3658 3597 3560 2418 5026 987 634 3393 3322 8436 2207 3347 2015 6210 2443 6294 8073 2170 3532 1057 1079 3754 2235 4945 2499 714 4694 6322 3375 841 3827 4752 1082 7094 6315 898 6329 5114 3841 8236 5153 8305 2169 3463 1081 6215 6313 3773 1135 5985 6351 5166 1151 8266 2534 2001 3435 1147 2070 3839 3902 2558 7489 2073 3901 5204 8506 1181 3911 3910 4710 5211 7497 1200 7507 3666 8174 2585 6422 2649 8580 2680 6474 3893 7599 1336 2750 5315 6515 2724 3909 2754 2768 4104 5341 2687 5364 1974 2016 8144 7023 6266 3636 7927 4343 3315 5828 4785 1874 5649 1997 197 508 5634 1897 780 2496 4959
4106 6831 122 6782 252 4534 6962 5870 7023 3317 3392 2109 3597 8321 632 5125 1086 7507 1300 5101 4655
4108 6782 4399 252 292 6831 8002 1742 6962 3254 491 1916 4634 3317 5557 116 122 4708 4799 2001 666 2352 1003 3748 8163 4933 7507 7552 8576
4111 7802 5580 3011 6782 6796 3098 1748 321 165 197 4484 1676 4483 6884 7976 3069 114 3055 1846 4537 6947 1827 8002 134 421 3050 5769 1887 8025 6963 386 6962 417 1911 6968 1562 6703 1916 106 252 7801 491 5557 136 506 182 3256 1947 1959 3317 1863 5873 8107 529 4708 3417 5952 7074 7033 8136 2133 3405 5989 2178 4732 2137 7162 7153 7181 6072 7203 3470 7205 8139 594 8147 7176 5899 7116 7217 6932 8207 8017 8221 7188 3595 4664 6166 3631 7320 971 5020 3238 3379 6206 8439 7408 1028 1072 3818 5125 6000 6332 8335 6294 1086 4797 1146 3879 1081 2562 3911 3811 2572 5204 1184 7572
4114 148 5570 134 252 5689 6782 6831 3053 1784 4483 3198 7981 5557 4528 1742 1750 4537 6826 122 6962 491 5848 4535 4399 515 3269 3264 4641 1916 4613 539 3317 3392 5911 8107 7059 5989 7082 2137 4809 8221 7162 6206 5973 2373 4945 5125 1086 3839 2534 2511 8335 2562 1184 2585 7507 4001 7572
4116 1562 6782 6831 4534 5804 491 4483 7058 4309 1830 6000 2029 2137 8345 455 5896 2373 6117 8245 5125 3916 7507 2754
4119 1608 5549 4341 137 7831 1629 1610 167 1646 1571 7801 114 5613 207 3033 1677 3053 6782 5634 252 6813 5654 6796 239 4401 2995 5686 7917 5674 6779 7908 1647 3122 321 298 1784 7850 4483 1768 7976 3168 380 1825 5699 4398 7800 99 1541 81 3198 1836 1676 6929 6918 2944 7996 1856 136 417 6943 6914 4537 8013 4543 3222 7991 460 1878 7983 3254 4565 1873 5830 483 1914 4584 6981 475 1937 8031 5853 5795 4531 5869 527 4609 3305 3259 5799 7017 5859 3299 553 1975 5878 7014 6976 3317 3274 535 1744 5823 4651 1748 530 8084 3300 1970 509 5804 7818 7926 5537 103 5851 1972 122 197 113 1997 6753 5868 496 1941 5870 3353 4667 607 4652 7995 5557 2020 6931 614 4647 8118 3383 4624 2014 394 4708 4693 4666 635 6991 2078 613 2080 545 3037 7999 7074 8120 8135 649 5926 8106 7009 657 5896 2963 4304 6730 3427 4727 5934 3446 8129 3440 618 8101 2120 5982 6001 116 2133 1593 3443 3465 4626 2131 4724 6015 168 3313 8177 6007 662 3379 7193 2154 4697 7140 7217 3549 2234 4806 3444 6006 4821 8233 3560 634 7230 7205 1947 8179 700 3435 663 6028 3423 6130 2168 4732 770 3514 5988 2243 7174 430 8221 4945 6171 7242 3595 5991 5900 4528 3413 3637 3587 616 7240 8165 670 4752 2331 727 8017 2328 3290 8322 5020 8083 719 6039 7283 4639 4829 6968 511 8360 2319 2235 7188 3572 6189 733 3684 948 3748 2293 8275 3393 943 3787 5083 1019 7365 7320 8174 2238 5087 2441 3426 8441 6117 4775 2035 5032 5115 8458 6315 1084 7407 8468 7454 7409 1083 7392 3819 3276 2061 1107 2509 3813 7453 3820 2521 3837 2265 2192 2492 1082 5968 1122 6294 8466 1126 1129 5161 5952 5939 5164 6351 1128 8481 5178 1123 3882 3880 6341 1154 3879 5124 3843 3810 1155 2559 5190 1072 2548 1053 2129 2562 3902 3900 3887 963 8484 8162 3912 2572 3901 3811 1086 3888 3886 7475 2568 7094 5199 1184 2482 7500 3910 2586 5212 2590 2593 6235 3962 5221 5232 2624 3893 6422 6441 2671 8397 6387 4001 6374 1262 7572 1304 2558 1175 8515 7497 1361 2687 2632 5356 4135 8498 3487 3944 645 2957 6101 2342 5854 4314 6909 6202 6206 4447 7165
4121 198 1742 6831 4483 3053 5557 5837 252 5843 4637 5806 7941 3315 3282 7009 3445 3450 618 8223 717 4641 3631 8299 1105 3256 6185 1048 3684 1086 3901 7507 2626 3928 7572
4122 2949 347 1795 252 4483 6909 396 7981 4528 402 8002 1742 4537 213 1911 4534 487 3220 3297 511 491 6962 6782 1916 3317 5795 417 5848 5804 4589 508 3392 7058 1959 3383 3198 3331 3404 5626 2111 8084 2133 1923 5989 7153 2137 8221 7188 6235 2373 5125 4945 1093 2424 8236 8238 8162 3843 3847 3841 7447 1086 3839 2572 7507 8335
4128 4317 170 5557 134 6784 3052 6790 6782 4399 6813 7926 3122 4463 4500 1689 7982 1843 5721 1846 4484 8002 8003 5521 3213 4483 1887 3234 3254 7999 1901 1911 5851 511 502 1679 5848 453 491 1886 7983 1916 2963 5804 4291 7823 6962 7801 211 3295 6711 7088 5706 2034 2104 8017 2133 455 5986 5964 5896 7193 2202 3549 2136 6255 2496 8335 5170 6235 3933 6387
4130 1610 1545 7850 2979 7877 1562 3049 7894 4401 3033 239 7917 3122 7941 4448 1767 6679 337 4471 4437 4417 1796 7785 6826 346 4490 361 380 6922 6921 1839 6937 4480 4528 4534 4484 429 1830 5812 7839 3232 1887 6967 5674 8043 3258 466 4391 5838 6870 4584 6962 502 491 1836 3222 453 519 4610 489 1948 122 3053 2995 2959 7804 2950 1587 2963 2949 85 1662 6718 5654 1541 6698 1863 1958 7017 8048 4611 4615 3307 7015 520 6711 5648 518 1945 546 5837 6819 4288 6856 1547 6730 1934 3312 3329 5865 1778 4605 5899 7896 480 4430 7995 551 2974 596 1987 3359 1658 4300 547 6976 5850 7999 1908 1544 7028 1586 7033 3371 5870 5839 4679 1957 2020 2029 2956 3092 1867 1999 1910 2045 4702 2046 601 3383 475 5896 4664 5904 3331 4666 630 5825 7025 4697 3426 4688 5969 4735 4724 4657 496 7066 2099 4558 4667 7051 7114 4771 4721 2131 5885 6004 2088 4767 4317 3283 4792 2155 735 659 8097 6013 5996 4829 7179 3440 4837 795 6003 6058 2168 6055 7222 3569 4653 3572 3524 6113 4849 211 649 4727 7945 3587 2170 2275 5986 3431 3514 189 440 3482 6157 863 3626 8320 8224 6186 5994 3529 616 3595 931 3588 7242 8166 7309 3541 6189 1974 3401 7024 3451 3561 4851 5920 8223 3609 4895 8305 908 2328 7320 2341 2089 6235 8393 2408 1003 3748 645 987 2428 3430 1902 5949 8439 989 503 4943 3328 4673 8322 7029 5895 7121 5063 7408 1928 5007 3597 5110 4712 2398 3439 7404 7030 7356 5103 409 2373 493 568 7449 3378 6265 5032 5142 512 1098 7420 6329 7459 7392 5148 7437 2070 3841 6219 3788 2416 1123 2538 7471 5178 6105 7042 5181 4752 1114 1153 829 7453 5184 8227 6363 5190 3899 8499 5189 1162 6367 3810 2568 5199 1086 3729 8141 8165 3814 1192 7499 1184 5211 1174 2588 1196 8515 2590 1129 5213 1204 5141 5220 5205 8314 7497 3916 6331 1258 2649 3893 3969 1273 2680 1300 2708 1301 5315 4071 2750 2768 8645 1378 6539 5364 4516 6210 3629 753 3306 8335 4476 1128 6316 3589 421 1677 4637 8245
4140 122 6782 252 4534 6962 3317 1878 1938 7046 3392 444 8221 4483 4811 8120 6831 7149 3393 6210 1003 5087 5125 5185 1086 2563 5199 7507 6448
4142 122 5634 5557 6730 3040 252 255 1748 298 6831 4483 7801 2949 1911 6968 6711 1887 3198 4534 4584 6962 8002 6909 8012 6782 4330 3317 4537 3356 3359 2026 4708 5896 635 3392 543 2104 2109 3388 7205 4943 3548 5125 3853 8335 5155 5170 7507 8498 5315 5242 1086
4144 2944 122 6782 5557 252 341 4483 4534 8002 3092 6962 1916 3317 8084 8012 3392 2373 7404 5125 1086 2416 5154 7507 2154 132 1958
4149 2944 5519 7785 7837 4274 6831 7955 4483 213 7982 7981 1768 4534 1770 8002 343 5805 1863 6962 5557 5634 122 138 6782 5795 482 491 1911 520 3295 3317 558 572 8107 3392 7063 8136 5966 4725 5989 2137 2133 7153 6066 7184 8221 6101 8314 7300 6039 6210 7328 5986 4943 6235 661 5007 7356 7188 6209 3430 746 5001 987 3684 5125 8463 3839 1146 2562 1160 3820 8501 3887 3890 2553 7489 5181 8503 8238 3901 3827 3911 5204 2572 5199 6359 1184 2573 2584 5213 7490 1201 4912 3933 7507 1086 8515 6387 2585 3915 7497 6402 5220 6374 6422 2649 1213 3893 2624 8576 3966 3928 8590 7572 1300 2710 2750 2687 2754 8645
4151 252 387 1742 4460 4483 7801 491 3226 555 122 3392 3317 3477 8205 3432 7342 958 4480 2138 5125 3911 5124 411
4155 6782 252 6831 4483 1827 122 5557 1916 511 5772 3317 3392 2151 8002 2236 868 787 6235 5136 3252 1086 5199 7507 1221 4104 491 4637 756
4163 6782 1646 252 3062 7823 303 5649 6907 4439 8002 132 5804 4275 6962 480 8034 4569 506 1886 476 3300 4330 6968 3317 3392 7078 3419 3327 8005 5830 4666 4663 3479 8136 3529 8199 7203 717 2125 8275 6210 2015 3295 6347 3859 2553 2029 1169 5199 7507 1301 5613 829
4168 6782 122 410 3317 491 6964 4483 6962 1742 1901 1972 471 6831 4679 3365 4534 3392 3373 4878 5125 8466 3888 3930 7507 6441 1310 1086
4169 5557 5580 252 122 6831 4447 335 1825 5541 7796 4437 4534 1742 6962 4483 6782 5848 527 5916 3317 3507 5125 4945 1145 2562
4174 4271 6679 4275 4317 1568 2959 4328 6682 148 4292 170 5654 1547 5613 2979 3030 1647 114 6796 210 4291 2949 103 1710 4442 4407 3090 6776 100 7922 7908 6716 5713 3035 122 3098 7945 5557 4448 324 316 252 1677 5634 1778 4483 3069 5804 5795 6963 6962 4537 1742 491 4330 1923 4608 511 4399 5626 7812 7017 572 3317 8084 4708 605 7088 8136 649 3392 3305 4715 2137 6831 3541 4910 8321 3609 6054 2362 8436 2364 7153 3811 2524 3862 5170 3879 616 5169 3839 6359 1146 8335 2562 5192 1086 2572 5199 2581 6235 2586 7507 7491 1213 1203 2649 3997
4180 5557 122 5693 6831 1742 4483 4534 8002 252 1916 6962 491 5848 3392 3317 2137 5989 7153 8223 4945 6206 7328 8329 5125 3295 3811 3839 8335 7188 2562 1106 1086 7507 1213 7490 1846 2126
4187 6796 6831 122 5557 4483 5772 3205 1544 1742 6790 3150 5848 506 8084 1916 3392 4679 2015 2373 5024 6235 5125 8335 1072 1086 7507 4013
4189 6688 7800 5570 4328 5527 4275 1568 6682 170 2963 5553 2947 1647 7785 1586 1710 6703 7813 5549 5519 5541 7852 2959 103 6790 138 4442 182 7882 1583 4401 7802 134 6718 116 1616 1629 1562 1744 1724 4476 316 4469 5706 1689 5632 7822 312 6831 211 324 6861 1676 85 7955 7782 4322 6730 3090 1771 1812 4319 7837 7803 3065 5636 122 1775 6784 239 3190 1677 5521 1850 269 1836 4308 3176 265 1748 5525 252 4448 4351 5654 5799 4484 6789 4552 120 8007 8029 3213 8012 460 4534 3254 5557 1837 3220 213 106 4483 3258 4508 1778 1843 7801 6962 351 489 493 5649 5534 7983 5848 3300 7936 5634 7976 491 6782 506 8084 3392 3317 3261 3069 4528 5125 3775 7507
4197 3021 6782 252 1710 288 5532 6799 6954 1840 5819 4552 6956 6962 1911 491 122 5557 138 1886 3317 5851 4625 2002 3036 1953 1941 3349 2072 5936 8141 2104 582 6001 6013 4732 4656 5973 2175 3479 7118 2168 8105 7893 3448 3684 3560 3658 7140 8314 5114 6206 8466 1086 6000 2547 6347 1101 1146 2139 3882 2443 2562 5197 5204 3916 6235 4945 8580
4201 6782 252 3055 4483 122 1911 170 3317 2035 3483 3392 2125 751 1107 6337 3862 1086 2572 7507 3966 6831
4202 6748 6813 236 239 5570 241 303 7926 152 4465 7978 6907 1837 6929 5557 7831 312 6836 6736 103 3190 1771 3065 1738 3213 1742 5804 6860 5649 7981 1863 6967 121 6718 114 4569 316 5830 420 259 6689 4559 106 2979 8038 5521 8007 3205 4486 4508 1897 3264 4399 3289 4483 6962 1921 6995 6976 4597 1781 5870 1886 518 1916 4587 3318 4640 4615 5523 3269 5727 6986 444 1966 3290 7026 8019 7896 6936 600 4565 8107 5705 3377 7054 2035 503 7048 3400 1933 7081 3404 588 3417 7004 3229 3392 7986 4735 1918 6968 4714 466 5766 646 7153 6006 297 5926 1679 4811 6779 451 8017 4571 3519 3468 3491 4573 8086 5954 2166 7193 8177 6771 4549 616 7222 4544 3225 6004 4528 4755 2234 7230 7001 4703 4586 8211 2275 3593 5906 2281 5939 4688 3553 7172 333 661 7205 8220 4833 3448 649 431 7328 8345 711 7020 2358 3709 8088 7213 6185 638 455 7233 5990 1083 7094 8468 4943 3847 8434 8463 2526 2513 3783 3823 1105 2070 5953 1096 8155 7475 5169 666 5178 7082 2545 1147 7480 5146 1141 5960 1184 2585 8174 7093 2593 1204 5220 1207 2558 8576 7552 5255 4013 7590 6474 1336 5364 81 4314 5936 1930 5835 2014 6961 7790 7941 3167 2969 3252
4203 145 170 1646 7801 6782 3050 3053 5634 1689 380 1778 6929 5795 1850 5769 351 120 4537 4549 6962 491 4534 506 1923 511 4399 3295 5847 555 8084 265 3317 480 3392 5900 5626 3404 7088 8136 484 5966 4771 2137 7153 5989 7181 8245 3524 8002 455 3487 7188 2381 3684 3729 5125 1086 3862 4910 4870 3888 7507 1213 6402 2649 4001 2754 3911 6117
4210 138 6730 1646 3044 6771 7871 3053 6782 6767 4401 2969 4300 2995 4439 4442 3035 5693 7908 111 1744 3011 106 2959 85 324 119 122 7941 3050 6831 348 332 7953 5727 1827 1784 5737 6909 6907 5769 7976 6904 7970 6920 5721 6925 297 4528 6929 4535 3198 6936 7999 1545 1778 420 5795 3226 8002 3220 439 8020 8013 431 7995 4525 4537 8008 4543 5798 1860 4542 8026 8027 1866 6953 1887 5812 6703 4463 2949 4448 1598 6790 7801 303 4381 3065 5636 474 1592 8029 189 207 3253 120 1677 6962 5831 6789 7922 3255 2957 1905 3232 7839 1919 188 8038 3287 5848 2992 511 519 1930 1933 3295 4610 6753 491 1914 520 3290 493 541 1959 1957 5867 522 3098 543 3317 335 3305 3315 571 7042 4673 148 5772 3371 4708 3381 3373 4726 5921 564 627 8065 5938 8070 2085 7017 8135 4717 505 5925 94 5851 3398 3419 1984 5951 618 660 2109 7088 8149 3427 645 5830 5975 3404 7081 3387 3393 4761 5968 670 4771 7018 5952 4763 1906 4743 3312 4725 7023 2070 3394 649 2133 5989 3367 8127 3392 5900 4665 8005 2137 7108 5911 635 4792 6058 707 8170 7063 3450 2036 7181 795 6028 6032 8084 3448 5996 592 4933 2066 8295 8249 7264 4910 3443 7104 6101 197 602 6171 4959 7056 814 7213 4677 4811 3664 4768 3511 6010 7112 2199 3293 616 873 4963 2108 2152 8345 6180 3468 2051 6185 7408 7279 3328 2138 450 8442 7342 5960 956 537 8275 7059 989 6319 7365 2418 801 3765 2373 2135 8396 7437 3709 6305 1092 1916 2238 5125 4719 8039 7086 5856 2015 6207 1107 2293 6189 1085 5117 6323 1086 8461 6311 2486 2084 7212 4675 3530 4997 5088 7409 777 6210 2381 4732 3321 6066 1112 4878 2286 3854 3463 1105 3839 5161 1113 3833 6206 2018 2055 3850 6314 8469 5961 6347 8397 2541 3827 769 5124 1101 8436 1953 8474 1072 7430 8466 5181 987 1146 5184 3811 6265 6341 8130 2079 3589 4793 5170 595 7025 4712 3451 2548 5190 1147 8169 2560 6363 3819 2553 3896 1169 2562 8503 7479 6141 7480 3875 858 2154 5197 6351 2342 8238 4870 5204 7460 867 1181 6350 3916 3910 7499 6235 1184 898 4955 2581 2580 7098 2400 1194 2585 3891 951 5001 2573 7507 8478 7300 1218 1221 1213 5221 2606 6422 2630 2586 3893 2649 5232 7552 1314 2709 5193 8640 6511 8590 4135 6183 4597
4212 1610 2967 1614 3036 6790 5623 6782 210 200 252 2976 4317 7802 4463 303 3138 3055 5626 6881 7838 346 7903 7852 3168 7934 5753 5759 3050 3169 3205 1775 418 1846 4483 411 8002 3225 6831 5762 1771 3234 6752 6967 5831 4571 1658 4574 3252 455 4548 4586 4274 122 2963 3257 473 3255 5520 5844 7823 103 451 3069 6964 3190 430 1878 5843 3280 3208 6993 1937 3286 6981 4607 522 5870 269 1748 5839 5847 3088 425 7017 5873 5830 8070 4640 7785 6995 476 7018 544 3317 548 1972 523 572 8084 6711 4559 6755 5534 591 8093 607 8107 4657 2045 465 3052 2055 3393 2057 8112 2078 3404 5952 4738 8136 4732 5900 6978 3440 605 5943 3425 615 4771 694 6001 6000 3450 4651 4792 485 730 735 4558 512 7164 7181 3526 8199 787 8249 3594 634 4821 3289 6180 638 5994 4545 717 764 3486 3388 4694 7121 7328 3561 6006 7059 2201 3321 2238 5020 829 8165 6185 8130 3378 2373 7026 3246 3709 6235 2392 1003 3748 7279 1028 4794 8436 2489 7404 6105 2490 6315 6156 2496 4945 2424 4749 6082 5986 6080 5142 2408 3657 2510 3854 1126 3843 2545 5178 6359 6363 1154 6367 8467 1133 7490 6374 2400 2572 2568 3910 1165 5964 7494 5211 2581 2584 5213 5205 3930 1094 5220 1203 2649 2671 1300 8590 7599 2709 2712 2724 1336 6515 8645 2687 4095 2768 4104 1107 441 4610 7489 6884 3901 3863 3476 3851 3150 3839 3030 3775 1931
4213 5557 4392 1710 324 7898 6819 1778 122 6831 5848 489 1890 7019 6755 1902 4672 1916 5982 4534 4743 2028 4792 5974 6037 3378 3425 7140 756 3587 7205 2281 252 7320 7328 491 7138 3658 2373 6082 6206 1086 8466 4715 3853 5155 1101 3862 5178 5161 4725 5170 6311 5173 6367 5186 3899 4794 2559 2539 6209 2553 2562 4912 2568 7480 2572 6390 3548 8590 1300 1270 1301 6474 5543 7149 111 1784 7016 3098 170 5541 5831 6790 3176 3571
4218 6782 6831 252 1784 4483 1647 4493 6682 6962 506 511 3274 491 8065 3317 1910 5557 1916 8002 1923 2066 7063 7101 4771 5986 6013 717 760 2168 3391 6166 4623 6130 6209 2373 2381 3811 3461 1084 6325 1072 7220 3507 5953 5161 5125 1133 5966 3839 2562 1086 3916 6235 3911 1300 2712 3861
4220 2949 1748 252 6782 4483 1843 1830 4534 7801 4537 5795 1887 5557 6711 491 1916 5848 1840 1959 3168 5878 3317 4330 2029 3392 4708 635 5989 4945 5769 3524 2168 5125 1086 8335 8466 3839 2562 7507 2649 2611
4224 210 1558 4381 6703 6813 6793 6796 134 4534 1883 6942 4483 6962 8002 5557 7801 7017 491 3349 5944 8116 8039 4699 3519 8238 3477 2168 8321 8320 3595 8335 6206 6209 2358 956 5038 8160 1113 5125 6058 8466 2535 3858 5173 2534 3818 8503 3901 1086 3911 2572 7507 6399 1213 4001 1262 5341 2561 4135 3440
4225 145 5549 7823 138 1576 108 1671 5626 5634 5553 4286 7822 217 137 235 5557 5607 6790 1562 236 3053 292 303 1689 312 4430 119 324 120 3138 4480 7903 134 4457 197 3168 3071 265 6907 3176 1670 7976 7982 1742 4448 1843 6925 4484 1850 1771 4535 348 4520 1846 6782 7999 8002 7991 3225 4528 8012 4483 5819 1830 106 3069 5821 4373 8034 1618 1547 213 1770 5835 5831 5795 5790 198 3232 480 1836 425 351 5834 4322 7804 1911 6703 1558 1878 6968 122 491 469 1892 432 2957 5839 1923 168 6964 485 4603 7908 333 4526 1916 8029 453 509 4399 461 1914 1675 5649 2963 2979 4607 7782 7812 1837 1886 506 5870 7014 3317 1980 5804 5721 5850 572 4661 2002 7025 6730 5899 7008 496 484 6976 3392 3371 2029 523 8036 5920 5856 8084 5900 4633 2033 5890 4626 581 3286 1933 454 635 4652 565 2018 8039 545 3313 3331 6711 3050 3328 7097 2005 7059 650 5956 3425 4761 4613 643 500 5766 7108 4771 5895 694 2133 2137 6001 6010 3432 3477 3359 6013 4792 7153 3487 7162 5734 4829 7016 3548 8101 8130 801 4729 3524 6945 3482 666 8153 724 2281 1945 7176 8016 2139 634 2136 2154 1928 3591 7264 770 6067 1975 4806 3354 4878 8238 3246 8111 3300 455 8314 8177 4624 3517 760 6082 7328 7283 5020 3658 6235 6210 1003 3430 6209 2381 3684 5083 1048 4777 573 3728 6039 2066 5088 5935 3373 7392 2485 3819 6310 2443 7430 2089 7449 1098 8472 1093 1881 5125 2035 1102 4945 8474 3833 3827 2215 4785 3832 4956 4843 549 7094 3839 5155 3379 1122 8335 8466 2509 8475 8481 6321 1126 3589 5178 3879 5124 6294 3888 5173 7356 5170 1160 2562 1157 8501 7140 1169 1141 4912 5204 3657 3916 5205 2243 5213 1201 956 5220 7409 2606 1213 2580 2611 3928 3966 7552 2624 3529 8576 8580 2649 1300 2754 5212 269 6322 458 5534 7850 5961 1803 4704 7785 3295
4227 491 506 3176 5868 3317 565 3328 7058 613 5921 4624 3392 3463 4704 7188 4904 1851 8458 7507 5315
4228 1562 6782 3053 252 3050 7976 1846 4534 3150 5795 1742 491 1923 6995 122 1916 134 8002 2029 7896 8107 7058 3417 7097 5769 5966 3317 3482 3392 618 4717 1959 5125 3837 1107 6206 3862 7471 5170 7188 829 2572 7507 1213 4001 7572
4232 6730 6782 5626 5634 3045 4309 2947 252 6868 7850 1784 1670 7955 335 6716 5693 348 1822 7803 5753 7823 380 6793 7838 1843 7982 4526 3202 3205 1837 7995 5721 1594 236 5759 410 3220 5803 3040 1887 5821 7981 3254 137 1911 122 5839 269 3069 3213 5809 3287 7782 491 1923 3198 3255 1775 4534 7785 1933 475 1768 1562 5848 1878 3050 4308 3232 7983 5853 3286 7917 4399 511 5869 3065 5713 6790 4607 1748 6995 5795 1676 5649 5632 6945 4569 1830 3305 430 476 7926 211 5636 4568 520 3150 1947 4556 6884 351 505 5798 509 1916 506 6976 316 7016 7896 5835 8007 8048 1964 5758 106 4597 8073 548 5881 1906 4484 1742 440 458 3317 5804 3259 522 1901 4633 1990 7008 1992 7023 4651 566 6954 523 5534 1991 4666 6968 417 5772 1881 5884 585 3319 8090 3353 1972 5903 4708 484 7058 2033 3365 8107 5769 601 607 565 3328 2949 2069 3410 7063 5952 8136 3426 6962 7088 3138 4743 649 635 5960 2015 3173 3404 7093 2068 3331 2077 421 5868 8106 4740 6957 8129 5942 3379 8145 631 3419 4699 2036 7082 3442 5851 7109 496 7078 7113 5911 672 3307 7074 4761 7101 2119 2120 665 654 2126 616 662 6961 4673 3440 2118 2108 3261 2104 2109 7039 5895 8084 4771 5995 2124 3340 7936 2047 7127 2133 2123 613 2136 1953 5982 4447 1996 503 2014 2070 3313 576 4439 707 6001 2066 469 5943 1679 3439 8177 3281 4792 3348 2052 5956 3481 2137 8101 7945 6010 2035 5981 7153 2154 7159 7112 3511 8200 7183 634 8179 7162 198 666 5986 8216 3524 2139 2175 770 777 4469 7203 4545 5988 632 3458 558 609 1988 4845 7181 760 7205 3517 2236 2135 3392 2131 3587 680 3435 4675 3246 8238 2265 1803 2168 2208 2298 6168 4948 3239 4951 6166 7217 3393 3595 3543 4865 4878 6117 8174 3631 841 6067 4910 7091 5936 8252 6185 2286 2089 3425 6171 4704 3572 6169 795 6180 6101 873 2125 3560 8111 3665 673 8314 4775 7242 7320 8345 8322 6189 695 8017 7328 5024 5900 8204 6235 6066 2202 659 2395 2364 3321 7283 2373 2215 827 3658 573 6206 7188 5020 1857 943 3684 955 981 2416 3257 4970 2381 4806 989 7365 2414 454 3729 3463 2029 2243 6210 5951 835 4829 7149 5063 2411 8412 5989 4677 4825 3597 432 5935 455 987 6209 8275 2155 2427 3657 1048 5083 1045 3787 6082 3570 2398 7404 5964 4867 3276 8397 6262 4794 8436 2443 8441 696 7298 5114 6305 6191 3811 3813 6311 3807 1072 7430 2491 2486 5126 8451 6141 2485 6325 1098 1092 3820 2496 543 1105 6323 1113 5106 3853 2513 3837 3833 2521 2111 7458 5124 5125 6329 3843 5155 8463 3838 3827 5161 1129 2483 3839 3819 3862 3295 6347 5146 3530 8335 5173 5178 2534 5169 5181 3788 3852 6362 1135 1126 3477 3858 4785 3589 7094 6367 2553 1160 8498 3487 5172 3875 2524 7489 1170 7480 3897 3850 1171 6369 2569 8502 8164 3912 3873 5204 1177 1056 1181 3885 2572 8503 7444 7490 3900 3887 2576 1184 3915 1182 3916 2562 2581 7500 2403 1192 2583 1196 5199 3913 8484 2585 1186 5213 1050 2584 6390 8515 1165 1201 5001 3933 3911 1203 6399 7507 1094 5221 7497 2606 1218 5205 6402 2558 8501 2630 3955 1206 8457 3966 6387 2624 1258 5220 7491 5232 3893 6441 2504 6422 5255 8576 7552 2238 4001 6448 2674 5280 951 1301 3928 1300 1213 7572 3901 8580 2649 6374 1262 6474 3513 1169 2750 2754 4095 3992 2580 2687 5356 3228 6813 5896 3548 7092 8221 8110 1086 3636 2256 4945 3588 8466 1146
4233 4309 5580 170 5570 138 4328 2996 5572 145 5613 5557 3052 5607 5654 6790 4381 6779 7882 5636 211 6782 252 3062 5634 198 6813 119 236 7908 1771 4463 1748 1689 7945 4430 3050 3053 1775 7955 269 213 6907 380 5632 324 168 1744 351 1811 4500 7982 4486 6730 6909 1843 1836 1850 5769 3213 5521 4351 386 441 6680 5795 6831 1907 3258 4575 333 5830 3211 3269 1900 1892 1905 471 466 491 1909 5848 4330 4535 506 8017 520 4534 541 1846 122 3317 2949 6703 7801 197 5870 581 607 3365 4743 2033 2137 8136 2364 1045 4943 3572 6262 7264 1094 5106 2525 5103 1072 5125 3862 6315 5161 1105 3820 2534 3823 5001 3852 5170 8153 1087 4970 2424 4697 6266 6058 7471 5178 5169 3839 7484 1096 665 3879 3888 8484 1170 3901 1174 3900 3911 8503 8252 3446 2572 3916 5199 3915 1184 2581 7500 2573 1165 7409 6399 1218 4001 7572 8590 1300 4912 3992 2580 2750 1206 1201 6940 4447 2976 956 2256 7490 8397 5966 2035 2120
4234 5557 122 6782 6831 2949 4442 5772 4429 6789 351 8002 3241 8017 491 252 5848 201 420 4314 6962 3252 7017 3317 7022 3392 5952 4667 2133 2033 3481 7153 7183 7193 3549 7222 6113 2337 3665 7342 5024 2373 8152 1086 3736 3839 3843 2562 2572 6386 6235 7507 3944 1213 6441 6515 3222
4239 252 1830 8002 4534 4483 6831 6962 1742 1916 1884 122 3168 486 3317 7404 4541 3004 4300 5142 6058
4244 5576 4328 4311 3034 6813 252 3058 7917 2979 4465 4466 288 3138 3088 1767 4471 347 5572 5741 207 3168 1822 6904 182 7907 1675 6931 7981 1839 3198 3205 5720 411 1576 6943 211 114 431 437 4486 4528 1879 3234 5818 441 3069 5809 6954 3233 343 1863 3250 1890 5831 4574 5822 472 3050 3232 1878 1911 6974 8045 483 3255 1905 6978 417 6957 1901 3287 4584 269 5824 6981 3257 5851 1932 7882 1921 531 4556 136 7011 3310 3274 7017 518 6688 4275 7795 2956 4283 81 7785 4281 122 5860 2947 568 3305 7945 8089 586 4683 3359 8093 4675 5888 608 7058 414 3396 4616 5850 571 3365 2065 450 4738 2085 4740 6979 657 2084 8145 430 3378 1771 3446 3442 512 7109 2066 7999 2052 2133 8163 5914 5999 2096 3477 3410 2035 4785 4799 6004 3430 4484 626 8177 6012 2969 3311 696 7183 2205 5821 5933 8236 3350 762 725 3587 3553 3572 4741 3630 868 3561 4610 5988 3392 3683 939 7328 651 2243 2373 974 787 8396 3709 8152 5005 8335 5801 7420 1971 5032 7356 7449 2499 2485 6141 3657 1087 2487 6322 6262 3532 7279 4622 581 3833 3832 2271 3850 2526 4992 3321 6332 2483 3851 3775 2532 1031 3862 3728 4997 8165 3463 6206 3317 3819 1135 3488 8458 1151 5186 1160 5190 1048 3908 2571 5199 733 7117 6235 6386 2534 873 6351 2593 3913 3966 8580 1273 8576 4826 5280 7572 8501 2750 5341 4104 3823 444
4251 6813 5557 4319 5791 5811 6878 429 3044 3261 6962 1578 1916 506 7980 539 440 3365 7059 1959 5936 4799 6171 7213 1102 2471 6382 6235 1304
4254 1545 170 4340 6767 4370 6776 1671 7801 207 1710 3033 4401 6813 1637 3035 4407 5607 85 4374 4429 5649 6782 4463 6779 3138 1767 5719 5711 119 122 4476 1664 5557 7955 4490 6836 3173 7976 7980 7782 4271 396 1647 3190 5727 3198 6861 168 5632 4381 4534 421 6870 8002 6946 442 3187 8026 3235 3231 3234 1770 451 7907 456 3261 1889 1878 5799 5831 3258 3254 1911 1900 6752 4583 487 3264 6957 1921 3071 3287 1931 3289 5848 7927 504 1937 3214 3211 500 1954 7008 5870 5806 534 1592 1947 1866 4504 5866 1946 5766 3050 1908 4564 8077 8069 6698 530 2949 5689 5520 4275 7018 239 3090 5526 567 1991 7036 561 1990 4652 1701 7023 491 1979 5853 3150 4665 101 1658 1918 5534 1775 7796 568 113 520 1997 5906 4623 2018 8107 6993 606 8112 1944 2029 4469 545 4647 2051 5805 505 256 3363 5895 5944 613 635 3417 6909 4734 6980 2076 5947 5945 5951 649 5856 2091 5934 4699 2028 2095 3373 5959 5752 476 3432 3442 1902 7086 3440 8153 4624 2976 645 3377 1965 6001 3465 662 3470 3410 5847 531 1967 4634 555 1874 3308 5995 2070 687 2111 4736 8152 3348 5985 4811 650 6035 8200 8177 7149 7140 666 6055 770 7136 3556 4776 4757 3506 4537 8216 5994 6101 814 801 8150 6130 835 2276 3455 7264 2150 7259 3507 6162 680 3391 867 3561 4716 4851 2171 4797 7082 850 4794 4970 960 6209 8017 6235 3609 7350 3748 8412 4943 2445 5075 5083 1045 5110 6306 7341 2489 5005 3728 4945 8452 2154 6322 5142 7459 6337 8275 1092 4626 3857 6305 8475 4997 2532 5178 8436 7438 7392 6105 6294 1151 5180 1132 2513 6367 2559 5190 987 2562 8503 5197 7483 3875 2572 3888 7115 3853 1176 7499 8515 5212 3910 1201 1115 3969 8576 1273 2670 1119 2624 1300 1187 3913 7594 1301 5280 5298 7458 2709 1082 1213 8481 6515 2710 2754 3916 5341 2768 4135 1086 3896 1539 6082 7504 8335 651 4622 1165 2108 8484 1096 1087 2066 7590 585 705
4255 3052 292 252 5557 1795 8017 5816 6910 122 3289 506 6962 539 491 5890 8084 1742 614 3392 4534 4483 6001 3541 8321 5024 3419 2207 7449 8133 6337 6362 3553 4945 2559 8506 2562 3930 8335 7543 1206 6422 7552 6441 5125 1086
4257 121 5535 4286 3052 6782 189 6831 4483 396 1742 269 1846 1878 6826 5835 2959 1629 4592 1562 7801 6703 1593 7991 1568 1586 6964 122 1916 491 6962 8074 3317 5878 529 4615 5847 556 3328 7022 7048 4678 1928 361 2013 5832 8106 3392 4534 7088 7097 8145 4792 8092 4829 2108 8226 4862 3549 801 7155 756 2281 3513 835 3337 2319 7242 673 7078 4752 965 700 3379 7034 2040 7408 4794 7063 5087 3609 2419 3729 7356 2373 7430 2496 3811 6206 2029 8463 8136 6306 6310 8335 1086 5173 3895 3378 1147 3852 2553 1157 8501 2568 3916 3911 1184 6390 5205 1182 2583 6387 956 7507 1170 3887 6281 2649 2709 2687 4135 1218 1213 3886 8144 3238 5170 2002 632 7802 2215 5770
4258 122 6782 7903 6831 491 3098 252 4483 1742 3317 3392 1072 7507 3888
4263 1562 4274 1646 145 5613 6790 4374 3052 5607 6730 2949 6813 3071 3023 1738 4448 252 6782 168 4476 303 5626 4463 1689 5706 7955 1812 1735 5572 6893 5772 5521 7782 120 7812 3198 1850 4309 5557 2957 1594 6703 5795 6929 3053 7801 3069 265 1742 7999 197 7936 4528 1768 103 8003 269 7991 6836 116 4549 3234 6956 1854 138 1878 8034 3254 5834 3261 3232 5859 7785 5848 1943 1886 4351 7981 4328 5759 5636 7908 5869 1947 4399 523 7014 3300 7016 5649 4622 3050 6968 4484 1980 5873 4661 4691 7033 3371 8002 5890 6831 2018 8107 3389 7058 5942 2078 368 3396 8110 3305 7983 491 605 4534 6962 2066 8144 506 7217 827 770 7205 1830 3451 2281 673 516 4712 4865 2074 7059 4483 2276 3370 8275 6235 573 6210 7365 7356 2077 2076 2033 4845 3392 8320 2373 3666 2095 2418 987 3401 5060 7404 7374 7430 6206 5106 2488 3811 985 6334 1096 5124 7104 7446 2525 1086 3850 6347 8481 5178 2015 7471 5961 1145 3880 6363 8335 4945 2526 3823 8498 2560 5155 6161 2572 3911 6386 2585 696 7409 1141 2583 6337 3944 1204 1212 3703 6402 5232 8576 2708 7491 1300 8590 8515 2624 1301 2712 5315 4104
4264 6730 1562 5557 5521 170 5607 3052 5613 140 168 5649 7955 6907 103 1911 252 3138 148 4634 3317 3392 7097 582 5982 3451 3526 2168 760 3321 7212 2373 5007 6191 3279 1086 469 5125 2381 3839 3911 7507 6235 1186 8590 6350 1742 4275 198
4266 1742 6831 5755 4483 396 6925 3202 122 436 491 1916 252 8031 8110 565 2015 8111 8136 7016 5879 4771 518 2118 673 7101 7193 8177 3524 760 826 1943 4963 2281 3637 7328 835 3631 8238 4775 2381 8439 8275 6000 6210 5964 3811 1086 8345 3862 5007 5170 5124 8314 4865 4945 8481 8503 3897 1169 829 2581 5199 3930 7507 2573 3944 6402 3966 2649 8576 7590 8645 2750 2754 1571 1771
4269 134 122 6790 6730 252 6771 2992 298 1742 7945 1768 4480 351 3173 5759 1850 145 1843 3053 6782 4537 7981 4534 4552 7885 8034 1878 3181 480 8045 1923 170 7782 94 3297 4603 5869 491 5543 3317 523 506 520 3302 1932 4531 505 7048 3359 450 8060 4679 7057 619 4708 3401 635 5848 2077 8145 3440 7109 2107 7078 3229 694 6001 3393 4799 699 5982 3261 2005 4763 7178 417 670 6066 8017 3529 616 7153 4837 8238 7217 7107 7230 4677 7174 3392 4933 2215 2139 746 8084 7242 7328 7188 6206 3487 8136 605 5020 2136 3717 2373 736 4845 7983 7063 2018 5088 8200 3811 8461 3295 5106 5961 7459 8466 5161 3827 7162 6359 5178 6117 8458 1144 2534 1072 8503 2569 5170 2572 2548 1184 2581 3915 7055 3930 2584 8515 2593 5205 7507 6402 2611 3911 1186 8463 4878 3893 8576 7572 1213 6387 1300 4001 6235 1301 5315 2712 2754 8645 4104 4061 5364 3062 1784 4483 213 5772 1916 6995 5995 8165 2947
4270 281 5557 4534 506 3317 3392 2373 4945 2137 8335 3839 2572 1086 5125 7507
4275 2944 6703 170 1812 6831 252 5557 122 6782 4483 7801 1742 7839 5769 197 4534 8002 5626 5804 5795 8009 6962 506 491 1923 6753 3295 7926 3317 8084 5885 4484 3392 8107 3419 2133 5989 2137 3548 6206 2373 6210 4945 3811 5125 1568 1086 3839 3862 8335 3851 5190 6367 3888 7490 1201 7507 1213 2649 2754 7782 4556
4280 1587 7837 170 4291 182 3053 6796 1745 3092 211 106 6831 4483 361 373 3187 7982 4534 7996 3069 1836 5759 8020 3150 3238 8008 5803 1863 5800 4586 1907 119 506 8057 4610 1778 486 5802 8069 421 138 103 1562 1576 7822 2011 4563 4649 5541 5804 3037 2035 3392 615 5927 5951 5914 5966 2072 2096 4720 3443 2117 3440 573 2133 4710 2137 8017 5964 8166 3321 6001 5900 4799 4727 6010 659 2033 8226 7023 3517 7230 827 4811 7176 6117 3570 7181 6990 708 5986 2198 3664 4895 8174 4775 680 616 5020 7118 4735 4673 5024 4870 7179 2419 3811 3530 5125 3826 3832 2015 3371 3820 2364 6323 1112 3560 5114 7404 4624 2411 1081 2505 7479 8090 8320 3879 3548 8501 7442 1181 7500 7507 5232 6422 2649 5221 6441 1304 4061 3524 3233 1028 7016
4285 5634 252 6831 7926 122 4484 7803 6909 6907 7982 4529 7823 8002 1840 5795 432 7991 168 1629 491 5847 511 1812 7908 5798 1933 509 167 5706 7953 6782 1836 1985 7033 5722 316 7945 2020 3392 2033 3348 5951 8156 3317 530 4322 3524 670 2175 7029 7230 5994 7264 4945 440 4545 3683 4785 7328 6235 7059 7212 1953 3305 8275 2381 1072 6325 8466 2513 6294 3827 4943 3888 5103 1129 2238 5895 3811 8501 8503 3900 3911 2580 1184 2585 2568 5199 3916 7507 6402 3966 5220 2649 1186 4001 7572 8590 7300 2712 4061 2750 2687 2754 1378 4104 4135 770 3276 8005 5636 425
4288 148 1629 1670 6782 239 6813 3030 3098 4447 6796 1562 6831 4430 303 3138 2944 5689 4274 7955 4476 348 1647 4463 6907 5759 324 4322 236 311 1843 6920 4528 4500 3187 4328 1778 421 417 1750 3198 8002 7903 7790 4529 5790 432 269 1867 3213 7785 5799 5821 7991 6730 466 8034 7981 8027 4351 1840 1863 1887 168 333 6968 1911 1558 8016 4531 120 4563 8009 6771 4520 491 1697 5772 4546 1878 3280 7983 1594 5848 489 8048 297 4399 453 5758 493 511 1923 1583 2947 4291 5549 6979 5649 3069 6711 5541 484 6790 2949 5659 116 5869 475 369 1873 138 1803 520 4330 5534 486 1830 5843 4283 3305 3286 6962 1971 1748 6957 444 5890 573 4469 458 572 6981 7033 556 3259 1901 5884 5870 8084 3321 1858 4537 4661 8073 4643 3328 505 8005 3035 558 3306 3349 563 6793 7995 585 522 3228 606 3371 5921 3365 602 4610 7058 8110 5902 6990 4659 5570 4708 2052 8107 1953 4712 4653 1910 3391 2018 454 3404 635 2029 4484 7088 5943 5769 2077 2066 3401 4710 631 634 7074 605 8111 4677 3393 7101 4763 4761 7127 4785 5982 3425 485 7108 3435 604 662 4768 4724 8116 4624 7094 7183 3511 3482 4811 746 618 6066 7059 756 5986 4829 2202 6953 760 8174 7149 3439 3549 8221 2111 7203 7176 3548 2035 7212 3211 3448 2135 6113 3479 7230 680 2281 3517 4948 8039 3637 7264 6117 3626 6171 5895 3388 2047 8211 2192 7300 543 3591 3657 3683 931 3588 8345 1996 6961 8165 6210 3738 1003 3728 455 4794 5001 6209 5020 3729 5981 8320 1871 2373 5088 3709 6262 3813 2485 3378 5106 6311 2486 3820 2521 3295 1113 3463 3837 1072 1105 5060 1126 2513 6347 4895 3827 7092 1129 8275 5178 5901 2130 6367 2534 5173 3597 2562 1157 2558 8501 2553 3887 8500 3911 2581 6344 951 1196 1169 3859 8515 2573 3930 1201 2593 7507 7497 1218 1093 1186 6422 3966 2649 5166 4001 1213 2687 2341 3658 2750 2754 4061 8645 7409 5087 2712 5125 2584 4135 2443 549 4275 4715 1146 1301 7091 829 1086 956 1846
